2024-11-04 15:08:12 DEBUG org.jboss.logging - Logging Provider: org.jboss.logging.Slf4jLoggerProvider
2024-11-04 15:08:12 DEBUG o.h.jpa.HibernatePersistenceProvider - Located and parsed 1 persistence units; checking each
2024-11-04 15:08:12 DEBUG o.h.jpa.HibernatePersistenceProvider - Checking persistence-unit [name=default, explicit-provider=null] against incoming persistence unit name [default]
2024-11-04 15:08:12 DEBUG o.h.jpa.boot.spi.ProviderChecker - No PersistenceProvider explicitly requested, assuming Hibernate
2024-11-04 15:08:12 DEBUG o.h.jpa.internal.util.LogHelper - PersistenceUnitInfo [
	name: default
	persistence provider classname: null
	classloader: null
	excludeUnlistedClasses: false
	JTA datasource: null
	Non JTA datasource: null
	Transaction type: RESOURCE_LOCAL
	PU root URL: file:/E:/EPAM%20Laba/gym/target/classes
	Shared Cache Mode: null
	Validation Mode: null
	Jar files URLs []
	Managed classes names [
		org.example.gym.entity.User
		org.example.gym.entity.Trainee
		org.example.gym.entity.Trainer
		org.example.gym.entity.Training
		org.example.gym.entity.TrainingType]
	Mapping files names []
	Properties [
		hibernate.jdbc.time_zone: UTC
		hibernate.hbm2ddl.import_files: data.sql
		hibernate.use_sql_comments: true
		jakarta.persistence.schema-generation.database.action: drop-and-create
		jakarta.persistence.jdbc.password: 1
		hibernate.dialect: org.hibernate.dialect.PostgreSQL10Dialect
		hibernate.format_sql: true
		jakarta.persistence.jdbc.driver: org.postgresql.Driver
		jakarta.persistence.jdbc.user: postgres
		jakarta.persistence.jdbc.url: jdbc:postgresql://localhost:5432/gym
		hibernate.show_sql: true]
2024-11-04 15:08:12 DEBUG o.h.i.internal.IntegratorServiceImpl - Adding Integrator [org.hibernate.cfg.beanvalidation.BeanValidationIntegrator].
2024-11-04 15:08:12 DEBUG o.h.i.internal.IntegratorServiceImpl - Adding Integrator [org.hibernate.secure.spi.JaccIntegrator].
2024-11-04 15:08:12 DEBUG o.h.i.internal.IntegratorServiceImpl - Adding Integrator [org.hibernate.cache.internal.CollectionCacheInvalidator].
2024-11-04 15:08:12 INFO  org.hibernate.Version - HHH000412: Hibernate ORM core version 5.6.5.Final
2024-11-04 15:08:12 DEBUG org.hibernate.cfg.Environment - HHH000206: hibernate.properties not found
2024-11-04 15:08:13 DEBUG o.h.service.spi.ServiceBinding - Overriding existing service binding [org.hibernate.secure.spi.JaccService]
2024-11-04 15:08:13 DEBUG o.h.c.i.RegionFactoryInitiator - Cannot default RegionFactory based on registered strategies as `[]` RegionFactory strategies were registered
2024-11-04 15:08:13 DEBUG o.h.c.i.RegionFactoryInitiator - Cache region factory : org.hibernate.cache.internal.NoCachingRegionFactory
2024-11-04 15:08:13 INFO  o.h.annotations.common.Version - HCANN000001: Hibernate Commons Annotations {5.1.2.Final}
2024-11-04 15:08:13 DEBUG org.hibernate.type.BasicTypeRegistry - Adding type registration boolean -> org.hibernate.type.BooleanType@4ff8d125
2024-11-04 15:08:13 DEBUG org.hibernate.type.BasicTypeRegistry - Adding type registration boolean -> org.hibernate.type.BooleanType@4ff8d125
2024-11-04 15:08:13 DEBUG org.hibernate.type.BasicTypeRegistry - Adding type registration java.lang.Boolean -> org.hibernate.type.BooleanType@4ff8d125
2024-11-04 15:08:13 DEBUG org.hibernate.type.BasicTypeRegistry - Adding type registration numeric_boolean -> org.hibernate.type.NumericBooleanType@6c4980d3
2024-11-04 15:08:13 DEBUG org.hibernate.type.BasicTypeRegistry - Adding type registration true_false -> org.hibernate.type.TrueFalseType@54504ecd
2024-11-04 15:08:13 DEBUG org.hibernate.type.BasicTypeRegistry - Adding type registration yes_no -> org.hibernate.type.YesNoType@49c66ade
2024-11-04 15:08:13 DEBUG org.hibernate.type.BasicTypeRegistry - Adding type registration byte -> org.hibernate.type.ByteType@3f91b517
2024-11-04 15:08:13 DEBUG org.hibernate.type.BasicTypeRegistry - Adding type registration byte -> org.hibernate.type.ByteType@3f91b517
2024-11-04 15:08:13 DEBUG org.hibernate.type.BasicTypeRegistry - Adding type registration java.lang.Byte -> org.hibernate.type.ByteType@3f91b517
2024-11-04 15:08:13 DEBUG org.hibernate.type.BasicTypeRegistry - Adding type registration character -> org.hibernate.type.CharacterType@21ba0741
2024-11-04 15:08:13 DEBUG org.hibernate.type.BasicTypeRegistry - Adding type registration char -> org.hibernate.type.CharacterType@21ba0741
2024-11-04 15:08:13 DEBUG org.hibernate.type.BasicTypeRegistry - Adding type registration java.lang.Character -> org.hibernate.type.CharacterType@21ba0741
2024-11-04 15:08:13 DEBUG org.hibernate.type.BasicTypeRegistry - Adding type registration short -> org.hibernate.type.ShortType@62010f5c
2024-11-04 15:08:13 DEBUG org.hibernate.type.BasicTypeRegistry - Adding type registration short -> org.hibernate.type.ShortType@62010f5c
2024-11-04 15:08:13 DEBUG org.hibernate.type.BasicTypeRegistry - Adding type registration java.lang.Short -> org.hibernate.type.ShortType@62010f5c
2024-11-04 15:08:13 DEBUG org.hibernate.type.BasicTypeRegistry - Adding type registration integer -> org.hibernate.type.IntegerType@2c78d320
2024-11-04 15:08:13 DEBUG org.hibernate.type.BasicTypeRegistry - Adding type registration int -> org.hibernate.type.IntegerType@2c78d320
2024-11-04 15:08:13 DEBUG org.hibernate.type.BasicTypeRegistry - Adding type registration java.lang.Integer -> org.hibernate.type.IntegerType@2c78d320
2024-11-04 15:08:13 DEBUG org.hibernate.type.BasicTypeRegistry - Adding type registration long -> org.hibernate.type.LongType@63f259c3
2024-11-04 15:08:13 DEBUG org.hibernate.type.BasicTypeRegistry - Adding type registration long -> org.hibernate.type.LongType@63f259c3
2024-11-04 15:08:13 DEBUG org.hibernate.type.BasicTypeRegistry - Adding type registration java.lang.Long -> org.hibernate.type.LongType@63f259c3
2024-11-04 15:08:13 DEBUG org.hibernate.type.BasicTypeRegistry - Adding type registration float -> org.hibernate.type.FloatType@78d6692f
2024-11-04 15:08:13 DEBUG org.hibernate.type.BasicTypeRegistry - Adding type registration float -> org.hibernate.type.FloatType@78d6692f
2024-11-04 15:08:13 DEBUG org.hibernate.type.BasicTypeRegistry - Adding type registration java.lang.Float -> org.hibernate.type.FloatType@78d6692f
2024-11-04 15:08:13 DEBUG org.hibernate.type.BasicTypeRegistry - Adding type registration double -> org.hibernate.type.DoubleType@7582ff54
2024-11-04 15:08:13 DEBUG org.hibernate.type.BasicTypeRegistry - Adding type registration double -> org.hibernate.type.DoubleType@7582ff54
2024-11-04 15:08:13 DEBUG org.hibernate.type.BasicTypeRegistry - Adding type registration java.lang.Double -> org.hibernate.type.DoubleType@7582ff54
2024-11-04 15:08:13 DEBUG org.hibernate.type.BasicTypeRegistry - Adding type registration big_decimal -> org.hibernate.type.BigDecimalType@146dfe6
2024-11-04 15:08:13 DEBUG org.hibernate.type.BasicTypeRegistry - Adding type registration java.math.BigDecimal -> org.hibernate.type.BigDecimalType@146dfe6
2024-11-04 15:08:13 DEBUG org.hibernate.type.BasicTypeRegistry - Adding type registration big_integer -> org.hibernate.type.BigIntegerType@7efaad5a
2024-11-04 15:08:13 DEBUG org.hibernate.type.BasicTypeRegistry - Adding type registration java.math.BigInteger -> org.hibernate.type.BigIntegerType@7efaad5a
2024-11-04 15:08:13 DEBUG org.hibernate.type.BasicTypeRegistry - Adding type registration string -> org.hibernate.type.StringType@73cd37c0
2024-11-04 15:08:13 DEBUG org.hibernate.type.BasicTypeRegistry - Adding type registration java.lang.String -> org.hibernate.type.StringType@73cd37c0
2024-11-04 15:08:13 DEBUG org.hibernate.type.BasicTypeRegistry - Adding type registration nstring -> org.hibernate.type.StringNVarcharType@60df60da
2024-11-04 15:08:13 DEBUG org.hibernate.type.BasicTypeRegistry - Adding type registration ncharacter -> org.hibernate.type.CharacterNCharType@512baff6
2024-11-04 15:08:13 DEBUG org.hibernate.type.BasicTypeRegistry - Adding type registration url -> org.hibernate.type.UrlType@e383572
2024-11-04 15:08:13 DEBUG org.hibernate.type.BasicTypeRegistry - Adding type registration java.net.URL -> org.hibernate.type.UrlType@e383572
2024-11-04 15:08:13 DEBUG org.hibernate.type.BasicTypeRegistry - Adding type registration Duration -> org.hibernate.type.DurationType@5f9be66c
2024-11-04 15:08:13 DEBUG org.hibernate.type.BasicTypeRegistry - Adding type registration java.time.Duration -> org.hibernate.type.DurationType@5f9be66c
2024-11-04 15:08:13 DEBUG org.hibernate.type.BasicTypeRegistry - Adding type registration Instant -> org.hibernate.type.InstantType@5ba88be8
2024-11-04 15:08:13 DEBUG org.hibernate.type.BasicTypeRegistry - Adding type registration java.time.Instant -> org.hibernate.type.InstantType@5ba88be8
2024-11-04 15:08:13 DEBUG org.hibernate.type.BasicTypeRegistry - Adding type registration LocalDateTime -> org.hibernate.type.LocalDateTimeType@30e868be
2024-11-04 15:08:13 DEBUG org.hibernate.type.BasicTypeRegistry - Adding type registration java.time.LocalDateTime -> org.hibernate.type.LocalDateTimeType@30e868be
2024-11-04 15:08:13 DEBUG org.hibernate.type.BasicTypeRegistry - Adding type registration LocalDate -> org.hibernate.type.LocalDateType@5bf0fe62
2024-11-04 15:08:13 DEBUG org.hibernate.type.BasicTypeRegistry - Adding type registration java.time.LocalDate -> org.hibernate.type.LocalDateType@5bf0fe62
2024-11-04 15:08:13 DEBUG org.hibernate.type.BasicTypeRegistry - Adding type registration LocalTime -> org.hibernate.type.LocalTimeType@3fed2870
2024-11-04 15:08:13 DEBUG org.hibernate.type.BasicTypeRegistry - Adding type registration java.time.LocalTime -> org.hibernate.type.LocalTimeType@3fed2870
2024-11-04 15:08:13 DEBUG org.hibernate.type.BasicTypeRegistry - Adding type registration OffsetDateTime -> org.hibernate.type.OffsetDateTimeType@598bd2ba
2024-11-04 15:08:13 DEBUG org.hibernate.type.BasicTypeRegistry - Adding type registration java.time.OffsetDateTime -> org.hibernate.type.OffsetDateTimeType@598bd2ba
2024-11-04 15:08:13 DEBUG org.hibernate.type.BasicTypeRegistry - Adding type registration OffsetTime -> org.hibernate.type.OffsetTimeType@602e0143
2024-11-04 15:08:13 DEBUG org.hibernate.type.BasicTypeRegistry - Adding type registration java.time.OffsetTime -> org.hibernate.type.OffsetTimeType@602e0143
2024-11-04 15:08:13 DEBUG org.hibernate.type.BasicTypeRegistry - Adding type registration ZonedDateTime -> org.hibernate.type.ZonedDateTimeType@c94fd30
2024-11-04 15:08:13 DEBUG org.hibernate.type.BasicTypeRegistry - Adding type registration java.time.ZonedDateTime -> org.hibernate.type.ZonedDateTimeType@c94fd30
2024-11-04 15:08:13 DEBUG org.hibernate.type.BasicTypeRegistry - Adding type registration date -> org.hibernate.type.DateType@77102b91
2024-11-04 15:08:13 DEBUG org.hibernate.type.BasicTypeRegistry - Adding type registration java.sql.Date -> org.hibernate.type.DateType@77102b91
2024-11-04 15:08:13 DEBUG org.hibernate.type.BasicTypeRegistry - Adding type registration time -> org.hibernate.type.TimeType@2bd08376
2024-11-04 15:08:13 DEBUG org.hibernate.type.BasicTypeRegistry - Adding type registration java.sql.Time -> org.hibernate.type.TimeType@2bd08376
2024-11-04 15:08:13 DEBUG org.hibernate.type.BasicTypeRegistry - Adding type registration timestamp -> org.hibernate.type.TimestampType@528c868
2024-11-04 15:08:13 DEBUG org.hibernate.type.BasicTypeRegistry - Adding type registration java.sql.Timestamp -> org.hibernate.type.TimestampType@528c868
2024-11-04 15:08:13 DEBUG org.hibernate.type.BasicTypeRegistry - Adding type registration java.util.Date -> org.hibernate.type.TimestampType@528c868
2024-11-04 15:08:13 DEBUG org.hibernate.type.BasicTypeRegistry - Adding type registration dbtimestamp -> org.hibernate.type.DbTimestampType@64c63c79
2024-11-04 15:08:13 DEBUG org.hibernate.type.BasicTypeRegistry - Adding type registration calendar -> org.hibernate.type.CalendarType@6bffbc6d
2024-11-04 15:08:13 DEBUG org.hibernate.type.BasicTypeRegistry - Adding type registration java.util.Calendar -> org.hibernate.type.CalendarType@6bffbc6d
2024-11-04 15:08:13 DEBUG org.hibernate.type.BasicTypeRegistry - Adding type registration java.util.GregorianCalendar -> org.hibernate.type.CalendarType@6bffbc6d
2024-11-04 15:08:13 DEBUG org.hibernate.type.BasicTypeRegistry - Adding type registration calendar_date -> org.hibernate.type.CalendarDateType@39a2bb97
2024-11-04 15:08:13 DEBUG org.hibernate.type.BasicTypeRegistry - Adding type registration calendar_time -> org.hibernate.type.CalendarTimeType@5bf8fa12
2024-11-04 15:08:13 DEBUG org.hibernate.type.BasicTypeRegistry - Adding type registration locale -> org.hibernate.type.LocaleType@1a20270e
2024-11-04 15:08:13 DEBUG org.hibernate.type.BasicTypeRegistry - Adding type registration java.util.Locale -> org.hibernate.type.LocaleType@1a20270e
2024-11-04 15:08:13 DEBUG org.hibernate.type.BasicTypeRegistry - Adding type registration currency -> org.hibernate.type.CurrencyType@4b79ac84
2024-11-04 15:08:13 DEBUG org.hibernate.type.BasicTypeRegistry - Adding type registration java.util.Currency -> org.hibernate.type.CurrencyType@4b79ac84
2024-11-04 15:08:13 DEBUG org.hibernate.type.BasicTypeRegistry - Adding type registration timezone -> org.hibernate.type.TimeZoneType@2e6a5539
2024-11-04 15:08:13 DEBUG org.hibernate.type.BasicTypeRegistry - Adding type registration java.util.TimeZone -> org.hibernate.type.TimeZoneType@2e6a5539
2024-11-04 15:08:13 DEBUG org.hibernate.type.BasicTypeRegistry - Adding type registration class -> org.hibernate.type.ClassType@1c481ff2
2024-11-04 15:08:13 DEBUG org.hibernate.type.BasicTypeRegistry - Adding type registration java.lang.Class -> org.hibernate.type.ClassType@1c481ff2
2024-11-04 15:08:13 DEBUG org.hibernate.type.BasicTypeRegistry - Adding type registration uuid-binary -> org.hibernate.type.UUIDBinaryType@32a68f4f
2024-11-04 15:08:13 DEBUG org.hibernate.type.BasicTypeRegistry - Adding type registration java.util.UUID -> org.hibernate.type.UUIDBinaryType@32a68f4f
2024-11-04 15:08:13 DEBUG org.hibernate.type.BasicTypeRegistry - Adding type registration uuid-char -> org.hibernate.type.UUIDCharType@3a4621bd
2024-11-04 15:08:13 DEBUG org.hibernate.type.BasicTypeRegistry - Adding type registration binary -> org.hibernate.type.BinaryType@10cf09e8
2024-11-04 15:08:13 DEBUG org.hibernate.type.BasicTypeRegistry - Adding type registration byte[] -> org.hibernate.type.BinaryType@10cf09e8
2024-11-04 15:08:13 DEBUG org.hibernate.type.BasicTypeRegistry - Adding type registration [B -> org.hibernate.type.BinaryType@10cf09e8
2024-11-04 15:08:13 DEBUG org.hibernate.type.BasicTypeRegistry - Adding type registration wrapper-binary -> org.hibernate.type.WrapperBinaryType@6ed3f258
2024-11-04 15:08:13 DEBUG org.hibernate.type.BasicTypeRegistry - Adding type registration Byte[] -> org.hibernate.type.WrapperBinaryType@6ed3f258
2024-11-04 15:08:13 DEBUG org.hibernate.type.BasicTypeRegistry - Adding type registration [Ljava.lang.Byte; -> org.hibernate.type.WrapperBinaryType@6ed3f258
2024-11-04 15:08:13 DEBUG org.hibernate.type.BasicTypeRegistry - Adding type registration row_version -> org.hibernate.type.RowVersionType@42039326
2024-11-04 15:08:13 DEBUG org.hibernate.type.BasicTypeRegistry - Adding type registration image -> org.hibernate.type.ImageType@5443d039
2024-11-04 15:08:13 DEBUG org.hibernate.type.BasicTypeRegistry - Adding type registration characters -> org.hibernate.type.CharArrayType@39655d3e
2024-11-04 15:08:13 DEBUG org.hibernate.type.BasicTypeRegistry - Adding type registration char[] -> org.hibernate.type.CharArrayType@39655d3e
2024-11-04 15:08:13 DEBUG org.hibernate.type.BasicTypeRegistry - Adding type registration [C -> org.hibernate.type.CharArrayType@39655d3e
2024-11-04 15:08:13 DEBUG org.hibernate.type.BasicTypeRegistry - Adding type registration wrapper-characters -> org.hibernate.type.CharacterArrayType@1b7c473a
2024-11-04 15:08:13 DEBUG org.hibernate.type.BasicTypeRegistry - Adding type registration [Ljava.lang.Character; -> org.hibernate.type.CharacterArrayType@1b7c473a
2024-11-04 15:08:13 DEBUG org.hibernate.type.BasicTypeRegistry - Adding type registration Character[] -> org.hibernate.type.CharacterArrayType@1b7c473a
2024-11-04 15:08:13 DEBUG org.hibernate.type.BasicTypeRegistry - Adding type registration text -> org.hibernate.type.TextType@53de625d
2024-11-04 15:08:13 DEBUG org.hibernate.type.BasicTypeRegistry - Adding type registration ntext -> org.hibernate.type.NTextType@4ce1d6d0
2024-11-04 15:08:13 DEBUG org.hibernate.type.BasicTypeRegistry - Adding type registration blob -> org.hibernate.type.BlobType@6155d082
2024-11-04 15:08:13 DEBUG org.hibernate.type.BasicTypeRegistry - Adding type registration java.sql.Blob -> org.hibernate.type.BlobType@6155d082
2024-11-04 15:08:13 DEBUG org.hibernate.type.BasicTypeRegistry - Adding type registration materialized_blob -> org.hibernate.type.MaterializedBlobType@6138e79a
2024-11-04 15:08:13 DEBUG org.hibernate.type.BasicTypeRegistry - Adding type registration clob -> org.hibernate.type.ClobType@6f3c660a
2024-11-04 15:08:13 DEBUG org.hibernate.type.BasicTypeRegistry - Adding type registration java.sql.Clob -> org.hibernate.type.ClobType@6f3c660a
2024-11-04 15:08:13 DEBUG org.hibernate.type.BasicTypeRegistry - Adding type registration nclob -> org.hibernate.type.NClobType@6a55299e
2024-11-04 15:08:13 DEBUG org.hibernate.type.BasicTypeRegistry - Adding type registration java.sql.NClob -> org.hibernate.type.NClobType@6a55299e
2024-11-04 15:08:13 DEBUG org.hibernate.type.BasicTypeRegistry - Adding type registration materialized_clob -> org.hibernate.type.MaterializedClobType@3a0baae5
2024-11-04 15:08:13 DEBUG org.hibernate.type.BasicTypeRegistry - Adding type registration materialized_nclob -> org.hibernate.type.MaterializedNClobType@3da30852
2024-11-04 15:08:13 DEBUG org.hibernate.type.BasicTypeRegistry - Adding type registration serializable -> org.hibernate.type.SerializableType@5b1ebf56
2024-11-04 15:08:13 DEBUG org.hibernate.type.BasicTypeRegistry - Adding type registration object -> org.hibernate.type.ObjectType@6d1ef78d
2024-11-04 15:08:13 DEBUG org.hibernate.type.BasicTypeRegistry - Adding type registration java.lang.Object -> org.hibernate.type.ObjectType@6d1ef78d
2024-11-04 15:08:13 DEBUG org.hibernate.type.BasicTypeRegistry - Adding type registration imm_date -> org.hibernate.type.AdaptedImmutableType@6dee4f1b
2024-11-04 15:08:13 DEBUG org.hibernate.type.BasicTypeRegistry - Adding type registration imm_time -> org.hibernate.type.AdaptedImmutableType@176b3f44
2024-11-04 15:08:13 DEBUG org.hibernate.type.BasicTypeRegistry - Adding type registration imm_timestamp -> org.hibernate.type.AdaptedImmutableType@6ee6f53
2024-11-04 15:08:13 DEBUG org.hibernate.type.BasicTypeRegistry - Adding type registration imm_dbtimestamp -> org.hibernate.type.AdaptedImmutableType@421bba99
2024-11-04 15:08:13 DEBUG org.hibernate.type.BasicTypeRegistry - Adding type registration imm_calendar -> org.hibernate.type.AdaptedImmutableType@5d12a356
2024-11-04 15:08:13 DEBUG org.hibernate.type.BasicTypeRegistry - Adding type registration imm_calendar_date -> org.hibernate.type.AdaptedImmutableType@134d26af
2024-11-04 15:08:13 DEBUG org.hibernate.type.BasicTypeRegistry - Adding type registration imm_binary -> org.hibernate.type.AdaptedImmutableType@66ac5762
2024-11-04 15:08:13 DEBUG org.hibernate.type.BasicTypeRegistry - Adding type registration imm_serializable -> org.hibernate.type.AdaptedImmutableType@797cf65c
2024-11-04 15:08:13 DEBUG o.h.b.internal.BootstrapContextImpl - Injecting ScanEnvironment [org.hibernate.jpa.boot.internal.StandardJpaScanEnvironmentImpl@530712d] into BootstrapContext; was [null]
2024-11-04 15:08:13 DEBUG o.h.b.internal.BootstrapContextImpl - Injecting ScanOptions [org.hibernate.boot.archive.scan.internal.StandardScanOptions@4ff4357f] into BootstrapContext; was [org.hibernate.boot.archive.scan.internal.StandardScanOptions@49cb9cb5]
2024-11-04 15:08:13 DEBUG o.h.b.internal.BootstrapContextImpl - Injecting JPA temp ClassLoader [null] into BootstrapContext; was [null]
2024-11-04 15:08:13 DEBUG o.h.b.internal.ClassLoaderAccessImpl - ClassLoaderAccessImpl#injectTempClassLoader(null) [was null]
2024-11-04 15:08:13 DEBUG o.h.i.f.i.DefaultIdentifierGeneratorFactory - Registering IdentifierGenerator strategy [uuid2] -> [org.hibernate.id.UUIDGenerator]
2024-11-04 15:08:13 DEBUG o.h.i.f.i.DefaultIdentifierGeneratorFactory - Registering IdentifierGenerator strategy [guid] -> [org.hibernate.id.GUIDGenerator]
2024-11-04 15:08:13 DEBUG o.h.i.f.i.DefaultIdentifierGeneratorFactory - Registering IdentifierGenerator strategy [uuid] -> [org.hibernate.id.UUIDHexGenerator]
2024-11-04 15:08:13 DEBUG o.h.i.f.i.DefaultIdentifierGeneratorFactory - Registering IdentifierGenerator strategy [uuid.hex] -> [org.hibernate.id.UUIDHexGenerator]
2024-11-04 15:08:13 DEBUG o.h.i.f.i.DefaultIdentifierGeneratorFactory - Registering IdentifierGenerator strategy [assigned] -> [org.hibernate.id.Assigned]
2024-11-04 15:08:13 DEBUG o.h.i.f.i.DefaultIdentifierGeneratorFactory - Registering IdentifierGenerator strategy [identity] -> [org.hibernate.id.IdentityGenerator]
2024-11-04 15:08:13 DEBUG o.h.i.f.i.DefaultIdentifierGeneratorFactory - Registering IdentifierGenerator strategy [select] -> [org.hibernate.id.SelectGenerator]
2024-11-04 15:08:13 DEBUG o.h.i.f.i.DefaultIdentifierGeneratorFactory - Registering IdentifierGenerator strategy [sequence] -> [org.hibernate.id.enhanced.SequenceStyleGenerator]
2024-11-04 15:08:13 DEBUG o.h.i.f.i.DefaultIdentifierGeneratorFactory - Registering IdentifierGenerator strategy [seqhilo] -> [org.hibernate.id.SequenceHiLoGenerator]
2024-11-04 15:08:13 DEBUG o.h.i.f.i.DefaultIdentifierGeneratorFactory - Registering IdentifierGenerator strategy [increment] -> [org.hibernate.id.IncrementGenerator]
2024-11-04 15:08:13 DEBUG o.h.i.f.i.DefaultIdentifierGeneratorFactory - Registering IdentifierGenerator strategy [foreign] -> [org.hibernate.id.ForeignGenerator]
2024-11-04 15:08:13 DEBUG o.h.i.f.i.DefaultIdentifierGeneratorFactory - Registering IdentifierGenerator strategy [sequence-identity] -> [org.hibernate.id.SequenceIdentityGenerator]
2024-11-04 15:08:13 DEBUG o.h.i.f.i.DefaultIdentifierGeneratorFactory - Registering IdentifierGenerator strategy [enhanced-sequence] -> [org.hibernate.id.enhanced.SequenceStyleGenerator]
2024-11-04 15:08:13 DEBUG o.h.i.f.i.DefaultIdentifierGeneratorFactory - Registering IdentifierGenerator strategy [enhanced-table] -> [org.hibernate.id.enhanced.TableGenerator]
2024-11-04 15:08:13 WARN  o.hibernate.orm.connections.pooling - HHH10001002: Using Hibernate built-in connection pool (not for production use!)
2024-11-04 15:08:13 INFO  o.hibernate.orm.connections.pooling - HHH10001005: using driver [org.postgresql.Driver] at URL [jdbc:postgresql://localhost:5432/gym]
2024-11-04 15:08:13 INFO  o.hibernate.orm.connections.pooling - HHH10001001: Connection properties: {password=1, user=postgres}
2024-11-04 15:08:13 INFO  o.hibernate.orm.connections.pooling - HHH10001003: Autocommit mode: false
2024-11-04 15:08:13 DEBUG o.h.e.j.c.i.DriverManagerConnectionProviderImpl - Initializing Connection pool with 1 Connections
2024-11-04 15:08:13 INFO  o.h.e.j.c.i.DriverManagerConnectionProviderImpl - HHH000115: Hibernate connection pool size: 20 (min=1)
2024-11-04 15:08:13 DEBUG o.h.e.j.e.i.JdbcEnvironmentInitiator - Database ->
       name : PostgreSQL
    version : 10.23
      major : 10
      minor : 23
2024-11-04 15:08:13 DEBUG o.h.e.j.e.i.JdbcEnvironmentInitiator - Driver ->
       name : PostgreSQL JDBC Driver
    version : 42.3.1
      major : 42
      minor : 3
2024-11-04 15:08:13 DEBUG o.h.e.j.e.i.JdbcEnvironmentInitiator - JDBC version : 4.2
2024-11-04 15:08:13 INFO  org.hibernate.dialect.Dialect - HHH000400: Using dialect: org.hibernate.dialect.PostgreSQL10Dialect
2024-11-04 15:08:13 DEBUG o.h.e.j.e.s.IdentifierHelperBuilder - JDBC driver metadata reported database stores quoted identifiers in neither upper, lower nor mixed case
2024-11-04 15:08:13 DEBUG org.hibernate.type.BasicTypeRegistry - Adding type registration pg-uuid -> org.hibernate.type.PostgresUUIDType@23c388c2
2024-11-04 15:08:13 DEBUG org.hibernate.type.BasicTypeRegistry - Adding type registration java.util.UUID -> org.hibernate.type.PostgresUUIDType@23c388c2
2024-11-04 15:08:13 DEBUG org.hibernate.type.BasicTypeRegistry - HHH000270: Type registration [java.util.UUID] overrides previous : org.hibernate.type.UUIDBinaryType@32a68f4f
2024-11-04 15:08:13 DEBUG o.h.type.spi.TypeConfiguration$Scope - Scoping TypeConfiguration [org.hibernate.type.spi.TypeConfiguration@41beb473] to MetadataBuildingContext [org.hibernate.boot.internal.MetadataBuildingContextRootImpl@560513ce]
2024-11-04 15:08:13 DEBUG o.h.boot.model.relational.Namespace - Created database namespace [logicalName=Name{catalog=null, schema=null}, physicalName=Name{catalog=null, schema=null}]
2024-11-04 15:08:13 DEBUG org.hibernate.cfg.AnnotationBinder - Binding entity from annotated class: org.example.gym.entity.Training
2024-11-04 15:08:13 DEBUG org.hibernate.cfg.Ejb3Column - Binding column: Ejb3DiscriminatorColumn{logicalColumnName'DTYPE', discriminatorTypeName='string'}
2024-11-04 15:08:13 DEBUG o.h.cfg.annotations.EntityBinder - Import with entity name Training
2024-11-04 15:08:13 DEBUG o.h.cfg.annotations.EntityBinder - Bind entity org.example.gym.entity.Training on table Training
2024-11-04 15:08:13 DEBUG org.hibernate.cfg.Ejb3Column - Binding column: Ejb3Column{table=org.hibernate.mapping.Table(Training), mappingColumn=trainingId, insertable=true, updatable=true, unique=false}
2024-11-04 15:08:13 DEBUG o.h.b.internal.ClassLoaderAccessImpl - Not known whether passed class name [org.example.gym.entity.Training] is safe
2024-11-04 15:08:13 DEBUG o.h.b.internal.ClassLoaderAccessImpl - No temp ClassLoader provided; using live ClassLoader for loading potentially unsafe class : org.example.gym.entity.Training
2024-11-04 15:08:13 DEBUG o.h.cfg.annotations.PropertyBinder - MetadataSourceProcessor property trainingId with lazy=false
2024-11-04 15:08:13 DEBUG o.h.cfg.AbstractPropertyHolder - Attempting to locate auto-apply AttributeConverter for property [org.example.gym.entity.Training:trainingId]
2024-11-04 15:08:13 DEBUG o.h.c.annotations.SimpleValueBinder - building SimpleValue for trainingId
2024-11-04 15:08:13 DEBUG o.h.cfg.annotations.PropertyBinder - Building property trainingId
2024-11-04 15:08:13 DEBUG org.hibernate.cfg.BinderHelper - #makeIdGenerator(org.hibernate.mapping.SimpleValue([org.hibernate.mapping.Column(trainingId)]), trainingId, identity, , ...)
2024-11-04 15:08:13 DEBUG org.hibernate.cfg.Ejb3Column - Binding column: Ejb3JoinColumn{logicalColumnName='trainee_id', referencedColumn='traineeid', mappedBy=''}
2024-11-04 15:08:13 DEBUG org.hibernate.cfg.Ejb3Column - Binding column: Ejb3Column{table=org.hibernate.mapping.Table(Training), mappingColumn=trainee, insertable=true, updatable=true, unique=false}
2024-11-04 15:08:13 DEBUG o.h.cfg.annotations.PropertyBinder - Building property trainee
2024-11-04 15:08:13 DEBUG org.hibernate.cfg.Ejb3Column - Binding column: Ejb3JoinColumn{logicalColumnName='trainer_id', referencedColumn='trainerid', mappedBy=''}
2024-11-04 15:08:13 DEBUG org.hibernate.cfg.Ejb3Column - Binding column: Ejb3Column{table=org.hibernate.mapping.Table(Training), mappingColumn=trainer, insertable=true, updatable=true, unique=false}
2024-11-04 15:08:13 DEBUG o.h.cfg.annotations.PropertyBinder - Building property trainer
2024-11-04 15:08:13 DEBUG org.hibernate.cfg.Ejb3Column - Binding column: Ejb3Column{table=org.hibernate.mapping.Table(Training), mappingColumn=trainingDate, insertable=true, updatable=true, unique=false}
2024-11-04 15:08:13 DEBUG o.h.cfg.annotations.PropertyBinder - MetadataSourceProcessor property trainingDate with lazy=false
2024-11-04 15:08:13 DEBUG o.h.cfg.AbstractPropertyHolder - Attempting to locate auto-apply AttributeConverter for property [org.example.gym.entity.Training:trainingDate]
2024-11-04 15:08:13 DEBUG o.h.c.annotations.SimpleValueBinder - building SimpleValue for trainingDate
2024-11-04 15:08:13 DEBUG o.h.cfg.annotations.PropertyBinder - Building property trainingDate
2024-11-04 15:08:13 DEBUG org.hibernate.cfg.Ejb3Column - Binding column: Ejb3Column{table=org.hibernate.mapping.Table(Training), mappingColumn=trainingDuration, insertable=true, updatable=true, unique=false}
2024-11-04 15:08:13 DEBUG o.h.cfg.annotations.PropertyBinder - MetadataSourceProcessor property trainingDuration with lazy=false
2024-11-04 15:08:13 DEBUG o.h.c.annotations.SimpleValueBinder - Starting applyAttributeConverter [org.example.gym.entity.Training:trainingDuration]
2024-11-04 15:08:13 DEBUG o.h.c.annotations.SimpleValueBinder - building SimpleValue for trainingDuration
2024-11-04 15:08:13 DEBUG o.h.cfg.annotations.PropertyBinder - Building property trainingDuration
2024-11-04 15:08:13 DEBUG org.hibernate.cfg.Ejb3Column - Binding column: Ejb3Column{table=org.hibernate.mapping.Table(Training), mappingColumn=trainingName, insertable=true, updatable=true, unique=false}
2024-11-04 15:08:13 DEBUG o.h.cfg.annotations.PropertyBinder - MetadataSourceProcessor property trainingName with lazy=false
2024-11-04 15:08:13 DEBUG o.h.cfg.AbstractPropertyHolder - Attempting to locate auto-apply AttributeConverter for property [org.example.gym.entity.Training:trainingName]
2024-11-04 15:08:13 DEBUG o.h.c.annotations.SimpleValueBinder - building SimpleValue for trainingName
2024-11-04 15:08:13 DEBUG o.h.cfg.annotations.PropertyBinder - Building property trainingName
2024-11-04 15:08:13 DEBUG org.hibernate.cfg.Ejb3Column - Binding column: Ejb3JoinColumn{logicalColumnName='trainingType_id', referencedColumn='id', mappedBy=''}
2024-11-04 15:08:13 DEBUG org.hibernate.cfg.Ejb3Column - Binding column: Ejb3Column{table=org.hibernate.mapping.Table(Training), mappingColumn=trainingType, insertable=true, updatable=true, unique=false}
2024-11-04 15:08:13 DEBUG o.h.cfg.annotations.PropertyBinder - Building property trainingType
2024-11-04 15:08:13 DEBUG org.hibernate.cfg.AnnotationBinder - Binding entity from annotated class: org.example.gym.entity.Trainee
2024-11-04 15:08:13 DEBUG org.hibernate.cfg.Ejb3Column - Binding column: Ejb3DiscriminatorColumn{logicalColumnName'DTYPE', discriminatorTypeName='string'}
2024-11-04 15:08:13 DEBUG o.h.cfg.annotations.EntityBinder - Import with entity name Trainee
2024-11-04 15:08:13 DEBUG o.h.cfg.annotations.EntityBinder - Bind entity org.example.gym.entity.Trainee on table Trainee
2024-11-04 15:08:13 DEBUG org.hibernate.cfg.Ejb3Column - Binding column: Ejb3Column{table=org.hibernate.mapping.Table(Trainee), mappingColumn=traineeId, insertable=true, updatable=true, unique=false}
2024-11-04 15:08:13 DEBUG o.h.b.internal.ClassLoaderAccessImpl - Not known whether passed class name [org.example.gym.entity.Trainee] is safe
2024-11-04 15:08:13 DEBUG o.h.b.internal.ClassLoaderAccessImpl - No temp ClassLoader provided; using live ClassLoader for loading potentially unsafe class : org.example.gym.entity.Trainee
2024-11-04 15:08:13 DEBUG o.h.cfg.annotations.PropertyBinder - MetadataSourceProcessor property traineeId with lazy=false
2024-11-04 15:08:13 DEBUG o.h.cfg.AbstractPropertyHolder - Attempting to locate auto-apply AttributeConverter for property [org.example.gym.entity.Trainee:traineeId]
2024-11-04 15:08:13 DEBUG o.h.c.annotations.SimpleValueBinder - building SimpleValue for traineeId
2024-11-04 15:08:13 DEBUG o.h.cfg.annotations.PropertyBinder - Building property traineeId
2024-11-04 15:08:13 DEBUG org.hibernate.cfg.BinderHelper - #makeIdGenerator(org.hibernate.mapping.SimpleValue([org.hibernate.mapping.Column(traineeId)]), traineeId, identity, , ...)
2024-11-04 15:08:13 DEBUG org.hibernate.cfg.Ejb3Column - Binding column: Ejb3Column{table=org.hibernate.mapping.Table(Trainee), mappingColumn=address, insertable=true, updatable=true, unique=false}
2024-11-04 15:08:13 DEBUG o.h.cfg.annotations.PropertyBinder - MetadataSourceProcessor property address with lazy=false
2024-11-04 15:08:13 DEBUG o.h.cfg.AbstractPropertyHolder - Attempting to locate auto-apply AttributeConverter for property [org.example.gym.entity.Trainee:address]
2024-11-04 15:08:13 DEBUG o.h.c.annotations.SimpleValueBinder - building SimpleValue for address
2024-11-04 15:08:13 DEBUG o.h.cfg.annotations.PropertyBinder - Building property address
2024-11-04 15:08:13 DEBUG org.hibernate.cfg.Ejb3Column - Binding column: Ejb3Column{table=org.hibernate.mapping.Table(Trainee), mappingColumn=dateOfBirth, insertable=true, updatable=true, unique=false}
2024-11-04 15:08:13 DEBUG o.h.cfg.annotations.PropertyBinder - MetadataSourceProcessor property dateOfBirth with lazy=false
2024-11-04 15:08:13 DEBUG o.h.cfg.AbstractPropertyHolder - Attempting to locate auto-apply AttributeConverter for property [org.example.gym.entity.Trainee:dateOfBirth]
2024-11-04 15:08:13 DEBUG o.h.c.annotations.SimpleValueBinder - building SimpleValue for dateOfBirth
2024-11-04 15:08:13 DEBUG o.h.cfg.annotations.PropertyBinder - Building property dateOfBirth
2024-11-04 15:08:13 DEBUG org.hibernate.cfg.Ejb3Column - Binding column: Ejb3Column{table=org.hibernate.mapping.Table(Trainee), mappingColumn=null, insertable=true, updatable=true, unique=false}
2024-11-04 15:08:13 DEBUG org.hibernate.cfg.Ejb3Column - Binding column: Ejb3Column{table=org.hibernate.mapping.Table(Trainee), mappingColumn=element, insertable=true, updatable=true, unique=false}
2024-11-04 15:08:13 DEBUG org.hibernate.cfg.Ejb3Column - Binding column: Ejb3Column{table=org.hibernate.mapping.Table(Trainee), mappingColumn=trainers_KEY, insertable=true, updatable=true, unique=false}
2024-11-04 15:08:13 DEBUG org.hibernate.cfg.Ejb3Column - Binding column: Ejb3JoinColumn{logicalColumnName='trainers_KEY', referencedColumn='null', mappedBy='null'}
2024-11-04 15:08:13 DEBUG org.hibernate.cfg.Ejb3Column - Binding column: Ejb3JoinColumn{logicalColumnName='trainee_id', referencedColumn='', mappedBy=''}
2024-11-04 15:08:13 DEBUG org.hibernate.cfg.Ejb3Column - Binding column: Ejb3JoinColumn{logicalColumnName='trainer_id', referencedColumn='', mappedBy=''}
2024-11-04 15:08:13 DEBUG o.h.cfg.annotations.CollectionBinder - Collection role: org.example.gym.entity.Trainee.trainers
2024-11-04 15:08:13 DEBUG o.h.cfg.annotations.PropertyBinder - Building property trainers
2024-11-04 15:08:13 DEBUG org.hibernate.cfg.Ejb3Column - Binding column: Ejb3JoinColumn{logicalColumnName='null', referencedColumn='null', mappedBy='trainee'}
2024-11-04 15:08:13 DEBUG org.hibernate.cfg.Ejb3Column - Binding column: Ejb3Column{table=org.hibernate.mapping.Table(Trainee), mappingColumn=trainings, insertable=true, updatable=true, unique=false}
2024-11-04 15:08:13 DEBUG org.hibernate.cfg.Ejb3Column - Binding column: Ejb3Column{table=org.hibernate.mapping.Table(Trainee), mappingColumn=null, insertable=true, updatable=true, unique=false}
2024-11-04 15:08:13 DEBUG org.hibernate.cfg.Ejb3Column - Binding column: Ejb3Column{table=org.hibernate.mapping.Table(Trainee), mappingColumn=element, insertable=true, updatable=true, unique=false}
2024-11-04 15:08:13 DEBUG org.hibernate.cfg.Ejb3Column - Binding column: Ejb3Column{table=org.hibernate.mapping.Table(Trainee), mappingColumn=trainings_KEY, insertable=true, updatable=true, unique=false}
2024-11-04 15:08:13 DEBUG org.hibernate.cfg.Ejb3Column - Binding column: Ejb3JoinColumn{logicalColumnName='trainings_KEY', referencedColumn='null', mappedBy='null'}
2024-11-04 15:08:13 DEBUG org.hibernate.cfg.Ejb3Column - Binding column: Ejb3JoinColumn{logicalColumnName='null', referencedColumn='null', mappedBy='trainee'}
2024-11-04 15:08:13 DEBUG org.hibernate.cfg.Ejb3Column - Binding column: Ejb3JoinColumn{logicalColumnName='null', referencedColumn='null', mappedBy='trainee'}
2024-11-04 15:08:13 DEBUG o.h.cfg.annotations.CollectionBinder - Collection role: org.example.gym.entity.Trainee.trainings
2024-11-04 15:08:13 DEBUG o.h.cfg.annotations.PropertyBinder - Building property trainings
2024-11-04 15:08:13 DEBUG org.hibernate.cfg.Ejb3Column - Binding column: Ejb3JoinColumn{logicalColumnName='user_id', referencedColumn='id', mappedBy=''}
2024-11-04 15:08:13 DEBUG org.hibernate.cfg.Ejb3Column - Binding column: Ejb3Column{table=org.hibernate.mapping.Table(Trainee), mappingColumn=user, insertable=true, updatable=true, unique=false}
2024-11-04 15:08:13 DEBUG o.h.cfg.annotations.PropertyBinder - Building property user
2024-11-04 15:08:13 DEBUG org.hibernate.cfg.AnnotationBinder - Binding entity from annotated class: org.example.gym.entity.User
2024-11-04 15:08:13 DEBUG org.hibernate.cfg.AnnotationBinder - Ignoring implicit (absent) DiscriminatorColumn
2024-11-04 15:08:13 DEBUG o.h.cfg.annotations.EntityBinder - Import with entity name User
2024-11-04 15:08:13 DEBUG o.h.cfg.annotations.EntityBinder - Bind entity org.example.gym.entity.User on table user
2024-11-04 15:08:13 DEBUG org.hibernate.cfg.Ejb3Column - Binding column: Ejb3Column{table=org.hibernate.mapping.Table(user), mappingColumn=id, insertable=true, updatable=true, unique=false}
2024-11-04 15:08:13 DEBUG o.h.b.internal.ClassLoaderAccessImpl - Not known whether passed class name [org.example.gym.entity.User] is safe
2024-11-04 15:08:13 DEBUG o.h.b.internal.ClassLoaderAccessImpl - No temp ClassLoader provided; using live ClassLoader for loading potentially unsafe class : org.example.gym.entity.User
2024-11-04 15:08:13 DEBUG o.h.cfg.annotations.PropertyBinder - MetadataSourceProcessor property id with lazy=false
2024-11-04 15:08:13 DEBUG o.h.cfg.AbstractPropertyHolder - Attempting to locate auto-apply AttributeConverter for property [org.example.gym.entity.User:id]
2024-11-04 15:08:13 DEBUG o.h.c.annotations.SimpleValueBinder - building SimpleValue for id
2024-11-04 15:08:13 DEBUG o.h.cfg.annotations.PropertyBinder - Building property id
2024-11-04 15:08:13 DEBUG org.hibernate.cfg.BinderHelper - #makeIdGenerator(org.hibernate.mapping.SimpleValue([org.hibernate.mapping.Column(id)]), id, identity, , ...)
2024-11-04 15:08:13 DEBUG org.hibernate.cfg.Ejb3Column - Binding column: Ejb3Column{table=org.hibernate.mapping.Table(user), mappingColumn=isActive, insertable=true, updatable=true, unique=false}
2024-11-04 15:08:13 DEBUG o.h.cfg.annotations.PropertyBinder - MetadataSourceProcessor property active with lazy=false
2024-11-04 15:08:13 DEBUG o.h.cfg.AbstractPropertyHolder - Attempting to locate auto-apply AttributeConverter for property [org.example.gym.entity.User:active]
2024-11-04 15:08:13 DEBUG o.h.c.annotations.SimpleValueBinder - building SimpleValue for active
2024-11-04 15:08:13 DEBUG o.h.cfg.annotations.PropertyBinder - Building property active
2024-11-04 15:08:13 DEBUG org.hibernate.cfg.Ejb3Column - Binding column: Ejb3Column{table=org.hibernate.mapping.Table(user), mappingColumn=firstName, insertable=true, updatable=true, unique=false}
2024-11-04 15:08:13 DEBUG o.h.cfg.annotations.PropertyBinder - MetadataSourceProcessor property firstName with lazy=false
2024-11-04 15:08:13 DEBUG o.h.cfg.AbstractPropertyHolder - Attempting to locate auto-apply AttributeConverter for property [org.example.gym.entity.User:firstName]
2024-11-04 15:08:13 DEBUG o.h.c.annotations.SimpleValueBinder - building SimpleValue for firstName
2024-11-04 15:08:13 DEBUG o.h.cfg.annotations.PropertyBinder - Building property firstName
2024-11-04 15:08:13 DEBUG org.hibernate.cfg.Ejb3Column - Binding column: Ejb3Column{table=org.hibernate.mapping.Table(user), mappingColumn=lastName, insertable=true, updatable=true, unique=false}
2024-11-04 15:08:13 DEBUG o.h.cfg.annotations.PropertyBinder - MetadataSourceProcessor property lastName with lazy=false
2024-11-04 15:08:13 DEBUG o.h.cfg.AbstractPropertyHolder - Attempting to locate auto-apply AttributeConverter for property [org.example.gym.entity.User:lastName]
2024-11-04 15:08:13 DEBUG o.h.c.annotations.SimpleValueBinder - building SimpleValue for lastName
2024-11-04 15:08:13 DEBUG o.h.cfg.annotations.PropertyBinder - Building property lastName
2024-11-04 15:08:13 DEBUG org.hibernate.cfg.Ejb3Column - Binding column: Ejb3Column{table=org.hibernate.mapping.Table(user), mappingColumn=password, insertable=true, updatable=true, unique=false}
2024-11-04 15:08:13 DEBUG o.h.cfg.annotations.PropertyBinder - MetadataSourceProcessor property password with lazy=false
2024-11-04 15:08:13 DEBUG o.h.cfg.AbstractPropertyHolder - Attempting to locate auto-apply AttributeConverter for property [org.example.gym.entity.User:password]
2024-11-04 15:08:13 DEBUG o.h.c.annotations.SimpleValueBinder - building SimpleValue for password
2024-11-04 15:08:13 DEBUG o.h.cfg.annotations.PropertyBinder - Building property password
2024-11-04 15:08:13 DEBUG org.hibernate.cfg.Ejb3Column - Binding column: Ejb3Column{table=org.hibernate.mapping.Table(user), mappingColumn=username, insertable=true, updatable=true, unique=false}
2024-11-04 15:08:13 DEBUG o.h.cfg.annotations.PropertyBinder - MetadataSourceProcessor property username with lazy=false
2024-11-04 15:08:13 DEBUG o.h.cfg.AbstractPropertyHolder - Attempting to locate auto-apply AttributeConverter for property [org.example.gym.entity.User:username]
2024-11-04 15:08:13 DEBUG o.h.c.annotations.SimpleValueBinder - building SimpleValue for username
2024-11-04 15:08:13 DEBUG o.h.cfg.annotations.PropertyBinder - Building property username
2024-11-04 15:08:13 DEBUG org.hibernate.cfg.AnnotationBinder - Binding entity from annotated class: org.example.gym.entity.TrainingType
2024-11-04 15:08:13 DEBUG org.hibernate.cfg.Ejb3Column - Binding column: Ejb3DiscriminatorColumn{logicalColumnName'DTYPE', discriminatorTypeName='string'}
2024-11-04 15:08:13 DEBUG o.h.cfg.annotations.EntityBinder - Import with entity name TrainingType
2024-11-04 15:08:13 DEBUG o.h.cfg.annotations.EntityBinder - Bind entity org.example.gym.entity.TrainingType on table TrainingType
2024-11-04 15:08:13 DEBUG org.hibernate.cfg.Ejb3Column - Binding column: Ejb3Column{table=org.hibernate.mapping.Table(TrainingType), mappingColumn=id, insertable=true, updatable=true, unique=false}
2024-11-04 15:08:13 DEBUG o.h.b.internal.ClassLoaderAccessImpl - Not known whether passed class name [org.example.gym.entity.TrainingType] is safe
2024-11-04 15:08:13 DEBUG o.h.b.internal.ClassLoaderAccessImpl - No temp ClassLoader provided; using live ClassLoader for loading potentially unsafe class : org.example.gym.entity.TrainingType
2024-11-04 15:08:13 DEBUG o.h.cfg.annotations.PropertyBinder - MetadataSourceProcessor property id with lazy=false
2024-11-04 15:08:13 DEBUG o.h.cfg.AbstractPropertyHolder - Attempting to locate auto-apply AttributeConverter for property [org.example.gym.entity.TrainingType:id]
2024-11-04 15:08:13 DEBUG o.h.c.annotations.SimpleValueBinder - building SimpleValue for id
2024-11-04 15:08:13 DEBUG o.h.cfg.annotations.PropertyBinder - Building property id
2024-11-04 15:08:13 DEBUG org.hibernate.cfg.BinderHelper - #makeIdGenerator(org.hibernate.mapping.SimpleValue([org.hibernate.mapping.Column(id)]), id, identity, , ...)
2024-11-04 15:08:13 DEBUG org.hibernate.cfg.Ejb3Column - Binding column: Ejb3Column{table=org.hibernate.mapping.Table(TrainingType), mappingColumn=trainingType, insertable=true, updatable=true, unique=true}
2024-11-04 15:08:13 DEBUG o.h.cfg.annotations.PropertyBinder - MetadataSourceProcessor property trainingType with lazy=false
2024-11-04 15:08:13 DEBUG o.h.cfg.AbstractPropertyHolder - Attempting to locate auto-apply AttributeConverter for property [org.example.gym.entity.TrainingType:trainingType]
2024-11-04 15:08:13 DEBUG o.h.c.annotations.SimpleValueBinder - building SimpleValue for trainingType
2024-11-04 15:08:13 DEBUG o.h.cfg.annotations.PropertyBinder - Building property trainingType
2024-11-04 15:08:13 DEBUG org.hibernate.cfg.AnnotationBinder - Binding entity from annotated class: org.example.gym.entity.Trainer
2024-11-04 15:08:13 DEBUG org.hibernate.cfg.Ejb3Column - Binding column: Ejb3DiscriminatorColumn{logicalColumnName'DTYPE', discriminatorTypeName='string'}
2024-11-04 15:08:13 DEBUG o.h.cfg.annotations.EntityBinder - Import with entity name Trainer
2024-11-04 15:08:13 DEBUG o.h.cfg.annotations.EntityBinder - Bind entity org.example.gym.entity.Trainer on table Trainer
2024-11-04 15:08:13 DEBUG org.hibernate.cfg.Ejb3Column - Binding column: Ejb3Column{table=org.hibernate.mapping.Table(Trainer), mappingColumn=trainerId, insertable=true, updatable=true, unique=false}
2024-11-04 15:08:13 DEBUG o.h.b.internal.ClassLoaderAccessImpl - Not known whether passed class name [org.example.gym.entity.Trainer] is safe
2024-11-04 15:08:13 DEBUG o.h.b.internal.ClassLoaderAccessImpl - No temp ClassLoader provided; using live ClassLoader for loading potentially unsafe class : org.example.gym.entity.Trainer
2024-11-04 15:08:13 DEBUG o.h.cfg.annotations.PropertyBinder - MetadataSourceProcessor property trainerId with lazy=false
2024-11-04 15:08:13 DEBUG o.h.cfg.AbstractPropertyHolder - Attempting to locate auto-apply AttributeConverter for property [org.example.gym.entity.Trainer:trainerId]
2024-11-04 15:08:13 DEBUG o.h.c.annotations.SimpleValueBinder - building SimpleValue for trainerId
2024-11-04 15:08:13 DEBUG o.h.cfg.annotations.PropertyBinder - Building property trainerId
2024-11-04 15:08:13 DEBUG org.hibernate.cfg.BinderHelper - #makeIdGenerator(org.hibernate.mapping.SimpleValue([org.hibernate.mapping.Column(trainerId)]), trainerId, identity, , ...)
2024-11-04 15:08:13 DEBUG org.hibernate.cfg.Ejb3Column - Binding column: Ejb3JoinColumn{logicalColumnName='specialization_id', referencedColumn='id', mappedBy=''}
2024-11-04 15:08:13 DEBUG org.hibernate.cfg.Ejb3Column - Binding column: Ejb3Column{table=org.hibernate.mapping.Table(Trainer), mappingColumn=specialization, insertable=true, updatable=true, unique=false}
2024-11-04 15:08:13 DEBUG o.h.cfg.annotations.PropertyBinder - Building property specialization
2024-11-04 15:08:13 DEBUG org.hibernate.cfg.Ejb3Column - Binding column: Ejb3Column{table=org.hibernate.mapping.Table(Trainer), mappingColumn=null, insertable=true, updatable=true, unique=false}
2024-11-04 15:08:13 DEBUG org.hibernate.cfg.Ejb3Column - Binding column: Ejb3Column{table=org.hibernate.mapping.Table(Trainer), mappingColumn=element, insertable=true, updatable=true, unique=false}
2024-11-04 15:08:13 DEBUG org.hibernate.cfg.Ejb3Column - Binding column: Ejb3Column{table=org.hibernate.mapping.Table(Trainer), mappingColumn=trainees_KEY, insertable=true, updatable=true, unique=false}
2024-11-04 15:08:13 DEBUG org.hibernate.cfg.Ejb3Column - Binding column: Ejb3JoinColumn{logicalColumnName='trainees_KEY', referencedColumn='null', mappedBy='null'}
2024-11-04 15:08:13 DEBUG org.hibernate.cfg.Ejb3Column - Binding column: Ejb3JoinColumn{logicalColumnName='null', referencedColumn='null', mappedBy='trainers'}
2024-11-04 15:08:13 DEBUG org.hibernate.cfg.Ejb3Column - Binding column: Ejb3JoinColumn{logicalColumnName='null', referencedColumn='null', mappedBy='trainers'}
2024-11-04 15:08:13 DEBUG o.h.cfg.annotations.CollectionBinder - Collection role: org.example.gym.entity.Trainer.trainees
2024-11-04 15:08:13 DEBUG o.h.cfg.annotations.PropertyBinder - Building property trainees
2024-11-04 15:08:13 DEBUG org.hibernate.cfg.Ejb3Column - Binding column: Ejb3JoinColumn{logicalColumnName='null', referencedColumn='null', mappedBy='trainer'}
2024-11-04 15:08:13 DEBUG org.hibernate.cfg.Ejb3Column - Binding column: Ejb3Column{table=org.hibernate.mapping.Table(Trainer), mappingColumn=trainings, insertable=true, updatable=true, unique=false}
2024-11-04 15:08:13 DEBUG org.hibernate.cfg.Ejb3Column - Binding column: Ejb3Column{table=org.hibernate.mapping.Table(Trainer), mappingColumn=null, insertable=true, updatable=true, unique=false}
2024-11-04 15:08:13 DEBUG org.hibernate.cfg.Ejb3Column - Binding column: Ejb3Column{table=org.hibernate.mapping.Table(Trainer), mappingColumn=element, insertable=true, updatable=true, unique=false}
2024-11-04 15:08:13 DEBUG org.hibernate.cfg.Ejb3Column - Binding column: Ejb3Column{table=org.hibernate.mapping.Table(Trainer), mappingColumn=trainings_KEY, insertable=true, updatable=true, unique=false}
2024-11-04 15:08:13 DEBUG org.hibernate.cfg.Ejb3Column - Binding column: Ejb3JoinColumn{logicalColumnName='trainings_KEY', referencedColumn='null', mappedBy='null'}
2024-11-04 15:08:13 DEBUG org.hibernate.cfg.Ejb3Column - Binding column: Ejb3JoinColumn{logicalColumnName='null', referencedColumn='null', mappedBy='trainer'}
2024-11-04 15:08:13 DEBUG org.hibernate.cfg.Ejb3Column - Binding column: Ejb3JoinColumn{logicalColumnName='null', referencedColumn='null', mappedBy='trainer'}
2024-11-04 15:08:13 DEBUG o.h.cfg.annotations.CollectionBinder - Collection role: org.example.gym.entity.Trainer.trainings
2024-11-04 15:08:13 DEBUG o.h.cfg.annotations.PropertyBinder - Building property trainings
2024-11-04 15:08:13 DEBUG org.hibernate.cfg.Ejb3Column - Binding column: Ejb3JoinColumn{logicalColumnName='user_id', referencedColumn='id', mappedBy=''}
2024-11-04 15:08:13 DEBUG org.hibernate.cfg.Ejb3Column - Binding column: Ejb3Column{table=org.hibernate.mapping.Table(Trainer), mappingColumn=user, insertable=true, updatable=true, unique=false}
2024-11-04 15:08:13 DEBUG o.h.cfg.annotations.PropertyBinder - Building property user
2024-11-04 15:08:13 DEBUG o.h.c.annotations.SimpleValueBinder - Starting fillSimpleValue for trainingId
2024-11-04 15:08:13 DEBUG o.h.c.annotations.SimpleValueBinder - Starting fillSimpleValue for trainingDate
2024-11-04 15:08:13 DEBUG o.h.c.annotations.SimpleValueBinder - Starting fillSimpleValue for trainingDuration
2024-11-04 15:08:13 DEBUG o.h.c.annotations.SimpleValueBinder - Applying JPA AttributeConverter [org.hibernate.boot.model.convert.internal.ClassBasedConverterDescriptor@781a9412] to [org.example.gym.entity.Training:trainingDuration]
2024-11-04 15:08:13 DEBUG o.h.t.d.j.s.JavaTypeDescriptorRegistry - Could not find matching scoped JavaTypeDescriptor for requested Java class [org.example.gym.utils.DurationConverter]; falling back to static registry
2024-11-04 15:08:13 DEBUG o.h.t.d.j.s.JavaTypeDescriptorRegistry - Could not find matching scoped JavaTypeDescriptor for requested Java class [java.time.Duration]; falling back to static registry
2024-11-04 15:08:13 DEBUG o.h.t.d.j.s.JavaTypeDescriptorRegistry - Could not find matching scoped JavaTypeDescriptor for requested Java class [java.lang.Long]; falling back to static registry
2024-11-04 15:08:13 DEBUG o.h.t.d.c.AttributeConverterTypeAdapter - Created AttributeConverterTypeAdapter -> converted::org.example.gym.utils.DurationConverter
2024-11-04 15:08:13 DEBUG o.h.c.annotations.SimpleValueBinder - Starting fillSimpleValue for trainingName
2024-11-04 15:08:13 DEBUG o.h.c.annotations.SimpleValueBinder - Starting fillSimpleValue for traineeId
2024-11-04 15:08:13 DEBUG o.h.c.annotations.SimpleValueBinder - Starting fillSimpleValue for address
2024-11-04 15:08:13 DEBUG o.h.c.annotations.SimpleValueBinder - Starting fillSimpleValue for dateOfBirth
2024-11-04 15:08:13 DEBUG o.h.c.annotations.SimpleValueBinder - Starting fillSimpleValue for id
2024-11-04 15:08:13 DEBUG o.h.c.annotations.SimpleValueBinder - Starting fillSimpleValue for active
2024-11-04 15:08:13 DEBUG o.h.c.annotations.SimpleValueBinder - Starting fillSimpleValue for firstName
2024-11-04 15:08:13 DEBUG o.h.c.annotations.SimpleValueBinder - Starting fillSimpleValue for lastName
2024-11-04 15:08:13 DEBUG o.h.c.annotations.SimpleValueBinder - Starting fillSimpleValue for password
2024-11-04 15:08:13 DEBUG o.h.c.annotations.SimpleValueBinder - Starting fillSimpleValue for username
2024-11-04 15:08:13 DEBUG o.h.c.annotations.SimpleValueBinder - Starting fillSimpleValue for id
2024-11-04 15:08:13 DEBUG o.h.c.annotations.SimpleValueBinder - Starting fillSimpleValue for trainingType
2024-11-04 15:08:13 DEBUG o.h.c.annotations.SimpleValueBinder - Starting fillSimpleValue for trainerId
2024-11-04 15:08:13 DEBUG org.hibernate.mapping.PrimaryKey - Forcing column [trainingid] to be non-null as it is part of the primary key for table [training]
2024-11-04 15:08:13 DEBUG org.hibernate.mapping.PrimaryKey - Forcing column [traineeid] to be non-null as it is part of the primary key for table [trainee]
2024-11-04 15:08:13 DEBUG org.hibernate.mapping.PrimaryKey - Forcing column [id] to be non-null as it is part of the primary key for table [user]
2024-11-04 15:08:13 DEBUG org.hibernate.mapping.PrimaryKey - Forcing column [id] to be non-null as it is part of the primary key for table [trainingtype]
2024-11-04 15:08:13 DEBUG org.hibernate.mapping.PrimaryKey - Forcing column [trainerid] to be non-null as it is part of the primary key for table [trainer]
2024-11-04 15:08:13 DEBUG o.hibernate.cfg.CollectionSecondPass - Second pass for collection: org.example.gym.entity.Trainee.trainers
2024-11-04 15:08:13 DEBUG o.h.cfg.annotations.CollectionBinder - Binding as ManyToMany: org.example.gym.entity.Trainee.trainers
2024-11-04 15:08:13 DEBUG org.hibernate.mapping.PrimaryKey - Forcing column [trainee_id] to be non-null as it is part of the primary key for table [trainee2trainer]
2024-11-04 15:08:13 DEBUG org.hibernate.mapping.PrimaryKey - Forcing column [trainer_id] to be non-null as it is part of the primary key for table [trainee2trainer]
2024-11-04 15:08:13 DEBUG o.hibernate.cfg.CollectionSecondPass - Mapped collection key: trainee_id, element: trainer_id
2024-11-04 15:08:13 DEBUG o.hibernate.cfg.CollectionSecondPass - Second pass for collection: org.example.gym.entity.Trainee.trainings
2024-11-04 15:08:13 DEBUG o.h.cfg.annotations.CollectionBinder - Binding a OneToMany: org.example.gym.entity.Trainee.trainings through a foreign key
2024-11-04 15:08:13 DEBUG o.h.cfg.annotations.CollectionBinder - Mapping collection: org.example.gym.entity.Trainee.trainings -> Training
2024-11-04 15:08:13 DEBUG o.h.cfg.annotations.TableBinder - Retrieving property org.example.gym.entity.Training.trainee
2024-11-04 15:08:13 DEBUG o.hibernate.cfg.CollectionSecondPass - Mapped collection key: trainee_id, one-to-many: org.example.gym.entity.Training
2024-11-04 15:08:13 DEBUG o.hibernate.cfg.CollectionSecondPass - Second pass for collection: org.example.gym.entity.Trainer.trainees
2024-11-04 15:08:13 DEBUG o.h.cfg.annotations.CollectionBinder - Binding as ManyToMany: org.example.gym.entity.Trainer.trainees
2024-11-04 15:08:13 DEBUG o.h.cfg.annotations.TableBinder - Retrieving property org.example.gym.entity.Trainee.trainers
2024-11-04 15:08:13 DEBUG o.hibernate.cfg.CollectionSecondPass - Mapped collection key: trainer_id, element: trainee_id
2024-11-04 15:08:13 DEBUG o.hibernate.cfg.CollectionSecondPass - Second pass for collection: org.example.gym.entity.Trainer.trainings
2024-11-04 15:08:13 DEBUG o.h.cfg.annotations.CollectionBinder - Binding a OneToMany: org.example.gym.entity.Trainer.trainings through a foreign key
2024-11-04 15:08:13 DEBUG o.h.cfg.annotations.CollectionBinder - Mapping collection: org.example.gym.entity.Trainer.trainings -> Training
2024-11-04 15:08:13 DEBUG o.h.cfg.annotations.TableBinder - Retrieving property org.example.gym.entity.Training.trainer
2024-11-04 15:08:13 DEBUG o.hibernate.cfg.CollectionSecondPass - Mapped collection key: trainer_id, one-to-many: org.example.gym.entity.Training
2024-11-04 15:08:13 DEBUG o.h.b.i.InFlightMetadataCollectorImpl - Resolving reference to class: org.example.gym.entity.User
2024-11-04 15:08:13 DEBUG o.h.b.i.InFlightMetadataCollectorImpl - Resolving reference to class: org.example.gym.entity.Trainer
2024-11-04 15:08:13 DEBUG o.h.b.i.InFlightMetadataCollectorImpl - Resolving reference to class: org.example.gym.entity.Trainee
2024-11-04 15:08:13 DEBUG o.h.b.i.InFlightMetadataCollectorImpl - Resolving reference to class: org.example.gym.entity.TrainingType
2024-11-04 15:08:13 DEBUG o.h.b.i.InFlightMetadataCollectorImpl - Resolving reference to class: org.example.gym.entity.User
2024-11-04 15:08:13 DEBUG o.h.b.i.InFlightMetadataCollectorImpl - Resolving reference to class: org.example.gym.entity.Trainee
2024-11-04 15:08:13 DEBUG o.h.b.i.InFlightMetadataCollectorImpl - Resolving reference to class: org.example.gym.entity.Trainer
2024-11-04 15:08:13 DEBUG o.h.b.i.InFlightMetadataCollectorImpl - Resolving reference to class: org.example.gym.entity.TrainingType
2024-11-04 15:08:13 DEBUG o.h.b.i.InFlightMetadataCollectorImpl - Resolving reference to class: org.example.gym.entity.User
2024-11-04 15:08:13 DEBUG o.h.b.i.InFlightMetadataCollectorImpl - Resolving reference to class: org.example.gym.entity.Trainer
2024-11-04 15:08:13 DEBUG o.h.b.i.InFlightMetadataCollectorImpl - Resolving reference to class: org.example.gym.entity.Trainee
2024-11-04 15:08:13 DEBUG o.h.b.i.InFlightMetadataCollectorImpl - Resolving reference to class: org.example.gym.entity.TrainingType
2024-11-04 15:08:13 DEBUG o.h.b.i.InFlightMetadataCollectorImpl - Resolving reference to class: org.example.gym.entity.User
2024-11-04 15:08:13 DEBUG o.h.b.i.InFlightMetadataCollectorImpl - Resolving reference to class: org.example.gym.entity.Trainee
2024-11-04 15:08:13 DEBUG o.h.b.i.InFlightMetadataCollectorImpl - Resolving reference to class: org.example.gym.entity.Trainer
2024-11-04 15:08:13 DEBUG o.h.b.i.InFlightMetadataCollectorImpl - Resolving reference to class: org.example.gym.entity.TrainingType
2024-11-04 15:08:13 DEBUG o.h.internal.SessionFactoryImpl - Building session factory
2024-11-04 15:08:13 DEBUG org.hibernate.cfg.Settings - SessionFactory name : null
2024-11-04 15:08:13 DEBUG org.hibernate.cfg.Settings - Automatic flush during beforeCompletion(): enabled
2024-11-04 15:08:13 DEBUG org.hibernate.cfg.Settings - Automatic session close at end of transaction: disabled
2024-11-04 15:08:13 DEBUG org.hibernate.cfg.Settings - Statistics: disabled
2024-11-04 15:08:13 DEBUG org.hibernate.cfg.Settings - Deleted entity synthetic identifier rollback: disabled
2024-11-04 15:08:13 DEBUG org.hibernate.cfg.Settings - Default entity-mode: pojo
2024-11-04 15:08:13 DEBUG org.hibernate.cfg.Settings - Check Nullability in Core (should be disabled when Bean Validation is on): enabled
2024-11-04 15:08:13 DEBUG org.hibernate.cfg.Settings - Allow initialization of lazy state outside session : disabled
2024-11-04 15:08:13 DEBUG org.hibernate.cfg.Settings - Using BatchFetchStyle : LEGACY
2024-11-04 15:08:13 DEBUG org.hibernate.cfg.Settings - Default batch fetch size: -1
2024-11-04 15:08:13 DEBUG org.hibernate.cfg.Settings - Maximum outer join fetch depth: null
2024-11-04 15:08:13 DEBUG org.hibernate.cfg.Settings - Default null ordering: NONE
2024-11-04 15:08:13 DEBUG org.hibernate.cfg.Settings - Order SQL updates by primary key: disabled
2024-11-04 15:08:13 DEBUG org.hibernate.cfg.Settings - Order SQL inserts for batching: disabled
2024-11-04 15:08:13 DEBUG org.hibernate.cfg.Settings - multi-tenancy strategy : NONE
2024-11-04 15:08:13 DEBUG org.hibernate.cfg.Settings - JTA Track by Thread: enabled
2024-11-04 15:08:13 DEBUG org.hibernate.cfg.Settings - Query language substitutions: {}
2024-11-04 15:08:13 DEBUG org.hibernate.cfg.Settings - Named query checking : enabled
2024-11-04 15:08:13 DEBUG org.hibernate.cfg.Settings - Second-level cache: disabled
2024-11-04 15:08:13 DEBUG org.hibernate.cfg.Settings - Second-level query cache: disabled
2024-11-04 15:08:13 DEBUG org.hibernate.cfg.Settings - Second-level query cache factory: null
2024-11-04 15:08:13 DEBUG org.hibernate.cfg.Settings - Second-level cache region prefix: null
2024-11-04 15:08:13 DEBUG org.hibernate.cfg.Settings - Optimize second-level cache for minimal puts: disabled
2024-11-04 15:08:13 DEBUG org.hibernate.cfg.Settings - Structured second-level cache entries: disabled
2024-11-04 15:08:13 DEBUG org.hibernate.cfg.Settings - Second-level cache direct-reference entries: disabled
2024-11-04 15:08:13 DEBUG org.hibernate.cfg.Settings - Automatic eviction of collection cache: disabled
2024-11-04 15:08:13 DEBUG org.hibernate.cfg.Settings - JDBC batch size: 15
2024-11-04 15:08:13 DEBUG org.hibernate.cfg.Settings - JDBC batch updates for versioned data: enabled
2024-11-04 15:08:13 DEBUG org.hibernate.cfg.Settings - Scrollable result sets: enabled
2024-11-04 15:08:13 DEBUG org.hibernate.cfg.Settings - Wrap result sets: disabled
2024-11-04 15:08:13 DEBUG org.hibernate.cfg.Settings - JDBC3 getGeneratedKeys(): enabled
2024-11-04 15:08:13 DEBUG org.hibernate.cfg.Settings - JDBC result set fetch size: null
2024-11-04 15:08:13 DEBUG org.hibernate.cfg.Settings - Connection release mode: AFTER_TRANSACTION
2024-11-04 15:08:13 DEBUG org.hibernate.cfg.Settings - Generate SQL with comments: enabled
2024-11-04 15:08:13 DEBUG org.hibernate.cfg.Settings - JPA compliance - query : disabled
2024-11-04 15:08:13 DEBUG org.hibernate.cfg.Settings - JPA compliance - closed-handling : disabled
2024-11-04 15:08:13 DEBUG org.hibernate.cfg.Settings - JPA compliance - lists : disabled
2024-11-04 15:08:13 DEBUG org.hibernate.cfg.Settings - JPA compliance - transactions : disabled
2024-11-04 15:08:14 DEBUG o.h.s.i.SessionFactoryServiceRegistryImpl - EventListenerRegistry access via ServiceRegistry is deprecated.  Use `sessionFactory.getEventEngine().getListenerRegistry()` instead
2024-11-04 15:08:14 DEBUG o.h.s.i.SessionFactoryServiceRegistryImpl - EventListenerRegistry access via ServiceRegistry is deprecated.  Use `sessionFactory.getEventEngine().getListenerRegistry()` instead
2024-11-04 15:08:14 DEBUG o.h.internal.SessionFactoryImpl - Session factory constructed with filter configurations : {}
2024-11-04 15:08:14 DEBUG o.h.internal.SessionFactoryImpl - Instantiating session factory with properties: {hibernate.format_sql=true, java.specification.version=18, sun.cpu.isalist=amd64, sun.jnu.encoding=Cp1251, hibernate.dialect=org.hibernate.dialect.PostgreSQL10Dialect, java.class.path=E:\EPAM Laba\gym\target\classes;C:\Users\Алексей\.m2\repository\org\springframework\spring-web\6.1.12\spring-web-6.1.12.jar;C:\Users\Алексей\.m2\repository\org\springframework\spring-beans\6.1.12\spring-beans-6.1.12.jar;C:\Users\Алексей\.m2\repository\org\springframework\spring-core\6.1.12\spring-core-6.1.12.jar;C:\Users\Алексей\.m2\repository\org\springframework\spring-jcl\6.1.12\spring-jcl-6.1.12.jar;C:\Users\Алексей\.m2\repository\io\micrometer\micrometer-observation\1.12.9\micrometer-observation-1.12.9.jar;C:\Users\Алексей\.m2\repository\io\micrometer\micrometer-commons\1.12.9\micrometer-commons-1.12.9.jar;C:\Users\Алексей\.m2\repository\org\apache\tomcat\embed\tomcat-embed-core\8.5.98\tomcat-embed-core-8.5.98.jar;C:\Users\Алексей\.m2\repository\org\apache\tomcat\tomcat-annotations-api\8.5.98\tomcat-annotations-api-8.5.98.jar;C:\Users\Алексей\.m2\repository\jakarta\persistence\jakarta.persistence-api\3.1.0\jakarta.persistence-api-3.1.0.jar;C:\Users\Алексей\.m2\repository\org\hibernate\hibernate-core-jakarta\5.6.5.Final\hibernate-core-jakarta-5.6.5.Final.jar;C:\Users\Алексей\.m2\repository\org\jboss\logging\jboss-logging\3.4.3.Final\jboss-logging-3.4.3.Final.jar;C:\Users\Алексей\.m2\repository\net\bytebuddy\byte-buddy\1.12.7\byte-buddy-1.12.7.jar;C:\Users\Алексей\.m2\repository\antlr\antlr\2.7.7\antlr-2.7.7.jar;C:\Users\Алексей\.m2\repository\jakarta\transaction\jakarta.transaction-api\2.0.0\jakarta.transaction-api-2.0.0.jar;C:\Users\Алексей\.m2\repository\org\jboss\jandex\2.4.2.Final\jandex-2.4.2.Final.jar;C:\Users\Алексей\.m2\repository\com\fasterxml\classmate\1.5.1\classmate-1.5.1.jar;C:\Users\Алексей\.m2\repository\jakarta\activation\jakarta.activation-api\2.0.1\jakarta.activation-api-2.0.1.jar;C:\Users\Алексей\.m2\repository\org\dom4j\dom4j\2.1.3\dom4j-2.1.3.jar;C:\Users\Алексей\.m2\repository\org\hibernate\common\hibernate-commons-annotations\5.1.2.Final\hibernate-commons-annotations-5.1.2.Final.jar;C:\Users\Алексей\.m2\repository\jakarta\xml\bind\jakarta.xml.bind-api\3.0.1\jakarta.xml.bind-api-3.0.1.jar;C:\Users\Алексей\.m2\repository\com\sun\activation\jakarta.activation\2.0.1\jakarta.activation-2.0.1.jar;C:\Users\Алексей\.m2\repository\org\glassfish\jaxb\jaxb-runtime\3.0.0\jaxb-runtime-3.0.0.jar;C:\Users\Алексей\.m2\repository\org\glassfish\jaxb\jaxb-core\3.0.0\jaxb-core-3.0.0.jar;C:\Users\Алексей\.m2\repository\org\glassfish\jaxb\txw2\3.0.0\txw2-3.0.0.jar;C:\Users\Алексей\.m2\repository\com\sun\istack\istack-commons-runtime\4.0.0\istack-commons-runtime-4.0.0.jar;C:\Users\Алексей\.m2\repository\org\postgresql\postgresql\42.3.1\postgresql-42.3.1.jar;C:\Users\Алексей\.m2\repository\org\checkerframework\checker-qual\3.5.0\checker-qual-3.5.0.jar;C:\Users\Алексей\.m2\repository\org\springframework\data\spring-data-jpa\3.3.1\spring-data-jpa-3.3.1.jar;C:\Users\Алексей\.m2\repository\org\springframework\data\spring-data-commons\3.3.1\spring-data-commons-3.3.1.jar;C:\Users\Алексей\.m2\repository\org\springframework\spring-orm\6.1.9\spring-orm-6.1.9.jar;C:\Users\Алексей\.m2\repository\org\springframework\spring-jdbc\6.1.9\spring-jdbc-6.1.9.jar;C:\Users\Алексей\.m2\repository\org\springframework\spring-aop\6.1.9\spring-aop-6.1.9.jar;C:\Users\Алексей\.m2\repository\org\springframework\spring-tx\6.1.9\spring-tx-6.1.9.jar;C:\Users\Алексей\.m2\repository\org\antlr\antlr4-runtime\4.13.0\antlr4-runtime-4.13.0.jar;C:\Users\Алексей\.m2\repository\org\springframework\spring-context\6.1.12\spring-context-6.1.12.jar;C:\Users\Алексей\.m2\repository\org\springframework\spring-expression\6.1.12\spring-expression-6.1.12.jar;C:\Users\Алексей\.m2\repository\jakarta\annotation\jakarta.annotation-api\3.0.0\jakarta.annotation-api-3.0.0.jar;C:\Users\Алексей\.m2\repository\org\slf4j\slf4j-api\1.7.36\slf4j-api-1.7.36.jar;C:\Users\Алексей\.m2\repository\ch\qos\logback\logback-classic\1.2.11\logback-classic-1.2.11.jar;C:\Users\Алексей\.m2\repository\ch\qos\logback\logback-core\1.2.11\logback-core-1.2.11.jar;C:\Users\Алексей\.m2\repository\com\fasterxml\jackson\core\jackson-databind\2.16.1\jackson-databind-2.16.1.jar;C:\Users\Алексей\.m2\repository\com\fasterxml\jackson\core\jackson-annotations\2.16.1\jackson-annotations-2.16.1.jar;C:\Users\Алексей\.m2\repository\com\fasterxml\jackson\core\jackson-core\2.16.1\jackson-core-2.16.1.jar;C:\Users\Алексей\.m2\repository\com\fasterxml\jackson\datatype\jackson-datatype-jsr310\2.16.1\jackson-datatype-jsr310-2.16.1.jar, java.vm.vendor=Oracle Corporation, sun.arch.data.model=64, user.variant=, java.vendor.url=https://java.oracle.com/, user.timezone=Europe/Kiev, javax.persistence.jdbc.user=****, javax.persistence.jdbc.url=jdbc:postgresql://localhost:5432/gym, user.country.format=UA, hibernate.jdbc.time_zone=UTC, java.vm.specification.version=18, os.name=Windows 7, jakarta.persistence.jdbc.password=****, sun.java.launcher=SUN_STANDARD, user.country=RU, local.setting.IS_JTA_TXN_COORD=false, sun.boot.library.path=C:\Program Files\Java\jdk-18.0.2.1\bin, sun.java.command=org.example.App, hibernate.use_sql_comments=true, jdk.debug=release, jakarta.persistence.jdbc.driver=org.postgresql.Driver, sun.cpu.endian=little, user.home=C:\Users\Алексей, user.language=ru, sun.stderr.encoding=UTF-8, java.specification.vendor=Oracle Corporation, java.version.date=2022-08-18, java.home=C:\Program Files\Java\jdk-18.0.2.1, file.separator=\, java.vm.compressedOopsMode=Zero based, jakarta.persistence.jdbc.user=****, sun.stdout.encoding=UTF-8, line.separator=
, hibernate.persistenceUnitName=default, java.vm.specification.vendor=Oracle Corporation, java.specification.name=Java Platform API Specification, hibernate.transaction.coordinator_class=class org.hibernate.resource.transaction.backend.jdbc.internal.JdbcResourceLocalTransactionCoordinatorBuilderImpl, javax.persistence.jdbc.driver=org.postgresql.Driver, jakarta.persistence.schema-generation.database.action=drop-and-create, user.script=, sun.management.compiler=HotSpot 64-Bit Tiered Compilers, java.runtime.version=18.0.2.1+1-1, user.name=Алексей, path.separator=;, hibernate.connection.username=****, os.version=6.1, java.runtime.name=Java(TM) SE Runtime Environment, hibernate.connection.url=jdbc:postgresql://localhost:5432/gym, file.encoding=UTF-8, hibernate.ejb.persistenceUnitName=default, java.vm.name=Java HotSpot(TM) 64-Bit Server VM, hibernate.show_sql=true, hibernate.connection.driver_class=org.postgresql.Driver, java.vendor.url.bug=https://bugreport.java.com/bugreport/, java.io.tmpdir=C:\Users\CD86~1\AppData\Local\Temp\, java.version=18.0.2.1, user.dir=E:\EPAM Laba\gym, os.arch=amd64, java.vm.specification.name=Java Virtual Machine Specification, user.language.format=uk, hibernate.connection.password=****, sun.os.patch.level=Service Pack 1, jakarta.persistence.jdbc.url=jdbc:postgresql://localhost:5432/gym, hibernate.boot.CfgXmlAccessService.key=org.hibernate.boot.registry.StandardServiceRegistryBuilder$1@121c54fa, native.encoding=Cp1251, java.library.path=C:\Program Files\Java\jdk-18.0.2.1\bin;C:\Windows\Sun\Java\bin;C:\Windows\system32;C:\Windows;C:\Program Files\Common Files\Oracle\Java\javapath;C:\Windows\system32;C:\Windows;C:\Windows\System32\Wbem;C:\Windows\System32\WindowsPowerShell\v1.0\;C:\Program Files (x86)\NVIDIA Corporation\PhysX\Common;C:\Program Files\Java\jdk-18.0.2.1\bin;C:\Program Files (x86)\Microsoft SQL Server\110\Tools\Binn\;C:\Program Files\Microsoft SQL Server\110\Tools\Binn\;C:\Program Files\Microsoft SQL Server\110\DTS\Binn\;C:\Program Files (x86)\Microsoft SQL Server\110\Tools\Binn\ManagementStudio\;C:\Program Files (x86)\Microsoft SQL Server\110\DTS\Binn\;C:\Program Files\apache-maven-3.9.4\bin;C:\Program Files\nodejs\;C:\Program Files\cURL\bin;C:\Program Files\Git\cmd;C:\Program Files\Git\mingw64\bin;C:\Program Files\Git\usr\bin;;C:\Users\Алексей\AppData\Local\Programs\Microsoft VS Code\bin;C:\Users\Алексей\AppData\Roaming\npm;., java.vendor=Oracle Corporation, java.vm.info=mixed mode, sharing, java.vm.version=18.0.2.1+1-1, hibernate.bytecode.use_reflection_optimizer=false, sun.io.unicode.encoding=UnicodeLittle, hibernate.hbm2ddl.import_files=data.sql, javax.persistence.jdbc.password=****, java.class.version=62.0}
2024-11-04 15:08:14 DEBUG o.h.secure.spi.JaccIntegrator - Skipping JACC integration as it was not enabled
2024-11-04 15:08:14 DEBUG o.h.internal.SessionFactoryImpl - Instantiated session factory
2024-11-04 15:08:14 DEBUG o.h.type.spi.TypeConfiguration$Scope - Scoping TypeConfiguration [org.hibernate.type.spi.TypeConfiguration@41beb473] to SessionFactoryImpl [org.hibernate.internal.SessionFactoryImpl@aac3f4e]
2024-11-04 15:08:14 DEBUG o.hibernate.orm.bytecode.interceptor - To-one property `org.example.gym.entity.Training#trainee` was mapped with LAZY + NO_PROXY but the class was not enhanced
2024-11-04 15:08:14 DEBUG o.hibernate.orm.bytecode.interceptor - To-one property `org.example.gym.entity.Training#trainee` was mapped with LAZY + NO_PROXY but the class was not enhanced
2024-11-04 15:08:14 DEBUG o.hibernate.orm.bytecode.interceptor - To-one property `org.example.gym.entity.Training#trainer` was mapped with LAZY + NO_PROXY but the class was not enhanced
2024-11-04 15:08:14 DEBUG o.hibernate.orm.bytecode.interceptor - To-one property `org.example.gym.entity.Training#trainer` was mapped with LAZY + NO_PROXY but the class was not enhanced
2024-11-04 15:08:14 DEBUG o.hibernate.orm.bytecode.interceptor - To-one property `org.example.gym.entity.Training#trainingType` was mapped with LAZY + NO_PROXY but the class was not enhanced
2024-11-04 15:08:14 DEBUG o.hibernate.orm.bytecode.interceptor - To-one property `org.example.gym.entity.Training#trainingType` was mapped with LAZY + NO_PROXY but the class was not enhanced
2024-11-04 15:08:14 DEBUG o.h.b.internal.ClassLoaderAccessImpl - Not known whether passed class name [org.example.gym.entity.Training] is safe
2024-11-04 15:08:14 DEBUG o.h.b.internal.ClassLoaderAccessImpl - No temp ClassLoader provided; using live ClassLoader for loading potentially unsafe class : org.example.gym.entity.Training
2024-11-04 15:08:14 DEBUG o.hibernate.orm.bytecode.interceptor - To-one property `org.example.gym.entity.Training#trainee` was mapped with LAZY + NO_PROXY but the class was not enhanced
2024-11-04 15:08:14 DEBUG o.hibernate.orm.bytecode.interceptor - To-one property `org.example.gym.entity.Training#trainer` was mapped with LAZY + NO_PROXY but the class was not enhanced
2024-11-04 15:08:14 DEBUG o.hibernate.orm.bytecode.interceptor - To-one property `org.example.gym.entity.Training#trainingType` was mapped with LAZY + NO_PROXY but the class was not enhanced
2024-11-04 15:08:14 DEBUG o.hibernate.orm.bytecode.interceptor - To-one property `org.example.gym.entity.Training#trainee` was mapped with LAZY + NO_PROXY but the class was not enhanced
2024-11-04 15:08:14 DEBUG o.hibernate.orm.bytecode.interceptor - To-one property `org.example.gym.entity.Training#trainer` was mapped with LAZY + NO_PROXY but the class was not enhanced
2024-11-04 15:08:14 DEBUG o.hibernate.orm.bytecode.interceptor - To-one property `org.example.gym.entity.Training#trainingType` was mapped with LAZY + NO_PROXY but the class was not enhanced
2024-11-04 15:08:14 DEBUG o.hibernate.orm.bytecode.interceptor - To-one property `org.example.gym.entity.Trainee#user` was mapped with LAZY + NO_PROXY but the class was not enhanced
2024-11-04 15:08:14 DEBUG o.hibernate.orm.bytecode.interceptor - To-one property `org.example.gym.entity.Trainee#user` was mapped with LAZY + NO_PROXY but the class was not enhanced
2024-11-04 15:08:14 DEBUG o.h.b.internal.ClassLoaderAccessImpl - Not known whether passed class name [org.example.gym.entity.Trainee] is safe
2024-11-04 15:08:14 DEBUG o.h.b.internal.ClassLoaderAccessImpl - No temp ClassLoader provided; using live ClassLoader for loading potentially unsafe class : org.example.gym.entity.Trainee
2024-11-04 15:08:14 DEBUG o.hibernate.orm.bytecode.interceptor - To-one property `org.example.gym.entity.Trainee#user` was mapped with LAZY + NO_PROXY but the class was not enhanced
2024-11-04 15:08:14 DEBUG o.hibernate.orm.bytecode.interceptor - To-one property `org.example.gym.entity.Trainee#user` was mapped with LAZY + NO_PROXY but the class was not enhanced
2024-11-04 15:08:14 DEBUG o.h.b.internal.ClassLoaderAccessImpl - Not known whether passed class name [org.example.gym.entity.User] is safe
2024-11-04 15:08:14 DEBUG o.h.b.internal.ClassLoaderAccessImpl - No temp ClassLoader provided; using live ClassLoader for loading potentially unsafe class : org.example.gym.entity.User
2024-11-04 15:08:14 DEBUG o.h.b.internal.ClassLoaderAccessImpl - Not known whether passed class name [org.example.gym.entity.TrainingType] is safe
2024-11-04 15:08:14 DEBUG o.h.b.internal.ClassLoaderAccessImpl - No temp ClassLoader provided; using live ClassLoader for loading potentially unsafe class : org.example.gym.entity.TrainingType
2024-11-04 15:08:14 DEBUG o.hibernate.orm.bytecode.interceptor - To-one property `org.example.gym.entity.Trainer#specialization` was mapped with LAZY + NO_PROXY but the class was not enhanced
2024-11-04 15:08:14 DEBUG o.hibernate.orm.bytecode.interceptor - To-one property `org.example.gym.entity.Trainer#specialization` was mapped with LAZY + NO_PROXY but the class was not enhanced
2024-11-04 15:08:14 DEBUG o.hibernate.orm.bytecode.interceptor - To-one property `org.example.gym.entity.Trainer#user` was mapped with LAZY + NO_PROXY but the class was not enhanced
2024-11-04 15:08:14 DEBUG o.hibernate.orm.bytecode.interceptor - To-one property `org.example.gym.entity.Trainer#user` was mapped with LAZY + NO_PROXY but the class was not enhanced
2024-11-04 15:08:14 DEBUG o.h.b.internal.ClassLoaderAccessImpl - Not known whether passed class name [org.example.gym.entity.Trainer] is safe
2024-11-04 15:08:14 DEBUG o.h.b.internal.ClassLoaderAccessImpl - No temp ClassLoader provided; using live ClassLoader for loading potentially unsafe class : org.example.gym.entity.Trainer
2024-11-04 15:08:14 DEBUG o.hibernate.orm.bytecode.interceptor - To-one property `org.example.gym.entity.Trainer#specialization` was mapped with LAZY + NO_PROXY but the class was not enhanced
2024-11-04 15:08:14 DEBUG o.hibernate.orm.bytecode.interceptor - To-one property `org.example.gym.entity.Trainer#user` was mapped with LAZY + NO_PROXY but the class was not enhanced
2024-11-04 15:08:14 DEBUG o.hibernate.orm.bytecode.interceptor - To-one property `org.example.gym.entity.Trainer#specialization` was mapped with LAZY + NO_PROXY but the class was not enhanced
2024-11-04 15:08:14 DEBUG o.hibernate.orm.bytecode.interceptor - To-one property `org.example.gym.entity.Trainer#user` was mapped with LAZY + NO_PROXY but the class was not enhanced
2024-11-04 15:08:14 DEBUG o.h.p.c.AbstractCollectionPersister - Static SQL for collection: org.example.gym.entity.Trainee.trainers
2024-11-04 15:08:14 DEBUG o.h.p.c.AbstractCollectionPersister -  Row insert: /* insert collection row org.example.gym.entity.Trainee.trainers */ insert into trainee2trainer (trainee_id, trainer_id) values (?, ?)
2024-11-04 15:08:14 DEBUG o.h.p.c.AbstractCollectionPersister -  Row update: /* update collection row org.example.gym.entity.Trainee.trainers */ update trainee2trainer set trainer_id=? where trainee_id=? and trainer_id=?
2024-11-04 15:08:14 DEBUG o.h.p.c.AbstractCollectionPersister -  Row delete: /* delete collection row org.example.gym.entity.Trainee.trainers */ delete from trainee2trainer where trainee_id=? and trainer_id=?
2024-11-04 15:08:14 DEBUG o.h.p.c.AbstractCollectionPersister -  One-shot delete: /* delete collection org.example.gym.entity.Trainee.trainers */ delete from trainee2trainer where trainee_id=?
2024-11-04 15:08:14 DEBUG o.h.p.c.AbstractCollectionPersister - Static SQL for collection: org.example.gym.entity.Trainer.trainees
2024-11-04 15:08:14 DEBUG o.h.p.c.AbstractCollectionPersister -  Row insert: /* insert collection row org.example.gym.entity.Trainer.trainees */ insert into trainee2trainer (trainer_id, trainee_id) values (?, ?)
2024-11-04 15:08:14 DEBUG o.h.p.c.AbstractCollectionPersister -  Row update: /* update collection row org.example.gym.entity.Trainer.trainees */ update trainee2trainer set trainee_id=? where trainer_id=? and trainee_id=?
2024-11-04 15:08:14 DEBUG o.h.p.c.AbstractCollectionPersister -  Row delete: /* delete collection row org.example.gym.entity.Trainer.trainees */ delete from trainee2trainer where trainer_id=? and trainee_id=?
2024-11-04 15:08:14 DEBUG o.h.p.c.AbstractCollectionPersister -  One-shot delete: /* delete collection org.example.gym.entity.Trainer.trainees */ delete from trainee2trainer where trainer_id=?
2024-11-04 15:08:14 DEBUG o.h.p.c.AbstractCollectionPersister - Static SQL for collection: org.example.gym.entity.Trainee.trainings
2024-11-04 15:08:14 DEBUG o.h.p.c.AbstractCollectionPersister -  Row insert: /* create one-to-many row org.example.gym.entity.Trainee.trainings */ update Training set trainee_id=? where trainingId=?
2024-11-04 15:08:14 DEBUG o.h.p.c.AbstractCollectionPersister -  Row update: update Training set  where trainingId=?
2024-11-04 15:08:14 DEBUG o.h.p.c.AbstractCollectionPersister -  Row delete: /* delete one-to-many row org.example.gym.entity.Trainee.trainings */ update Training set trainee_id=null where trainee_id=? and trainingId=?
2024-11-04 15:08:14 DEBUG o.h.p.c.AbstractCollectionPersister -  One-shot delete: /* delete one-to-many org.example.gym.entity.Trainee.trainings */ update Training set trainee_id=null where trainee_id=?
2024-11-04 15:08:14 DEBUG o.h.p.c.AbstractCollectionPersister - Static SQL for collection: org.example.gym.entity.Trainer.trainings
2024-11-04 15:08:14 DEBUG o.h.p.c.AbstractCollectionPersister -  Row insert: /* create one-to-many row org.example.gym.entity.Trainer.trainings */ update Training set trainer_id=? where trainingId=?
2024-11-04 15:08:14 DEBUG o.h.p.c.AbstractCollectionPersister -  Row update: update Training set  where trainingId=?
2024-11-04 15:08:14 DEBUG o.h.p.c.AbstractCollectionPersister -  Row delete: /* delete one-to-many row org.example.gym.entity.Trainer.trainings */ update Training set trainer_id=null where trainer_id=? and trainingId=?
2024-11-04 15:08:14 DEBUG o.h.p.c.AbstractCollectionPersister -  One-shot delete: /* delete one-to-many org.example.gym.entity.Trainer.trainings */ update Training set trainer_id=null where trainer_id=?
2024-11-04 15:08:14 DEBUG o.h.p.entity.AbstractEntityPersister - Static SQL for entity: org.example.gym.entity.Training
2024-11-04 15:08:14 DEBUG o.h.p.entity.AbstractEntityPersister -  Version select: /* get version org.example.gym.entity.Training */ select trainingId from Training where trainingId =?
2024-11-04 15:08:14 DEBUG o.h.p.entity.AbstractEntityPersister -  Snapshot select: /* get current state org.example.gym.entity.Training */ select training_.trainingId, training_.trainee_id as trainee_5_3_, training_.trainer_id as trainer_6_3_, training_.trainingDate as training2_3_, training_.trainingDuration as training3_3_, training_.trainingName as training4_3_, training_.trainingType_id as training7_3_ from Training training_ where training_.trainingId=?
2024-11-04 15:08:14 DEBUG o.h.p.entity.AbstractEntityPersister -  Insert 0: /* insert org.example.gym.entity.Training */ insert into Training (trainee_id, trainer_id, trainingDate, trainingDuration, trainingName, trainingType_id, trainingId) values (?, ?, ?, ?, ?, ?, ?)
2024-11-04 15:08:14 DEBUG o.h.p.entity.AbstractEntityPersister -  Update 0: /* update org.example.gym.entity.Training */ update Training set trainee_id=?, trainer_id=?, trainingDate=?, trainingDuration=?, trainingName=?, trainingType_id=? where trainingId=?
2024-11-04 15:08:14 DEBUG o.h.p.entity.AbstractEntityPersister -  Delete 0: /* delete org.example.gym.entity.Training */ delete from Training where trainingId=?
2024-11-04 15:08:14 DEBUG o.h.p.entity.AbstractEntityPersister -  Identity insert: /* insert org.example.gym.entity.Training */ insert into Training (trainee_id, trainer_id, trainingDate, trainingDuration, trainingName, trainingType_id) values (?, ?, ?, ?, ?, ?)
2024-11-04 15:08:14 DEBUG o.h.l.p.b.i.spaces.QuerySpacesImpl - Adding QuerySpace : uid = <gen:0> -> org.hibernate.loader.plan.build.internal.spaces.EntityQuerySpaceImpl@2cae9b8]
2024-11-04 15:08:14 DEBUG o.h.p.w.spi.MetamodelGraphWalker - Visiting attribute path : trainee
2024-11-04 15:08:14 DEBUG o.h.l.p.b.i.spaces.QuerySpacesImpl - Adding QuerySpace : uid = <gen:1> -> org.hibernate.loader.plan.build.internal.spaces.EntityQuerySpaceImpl@74ea46e2]
2024-11-04 15:08:14 DEBUG o.h.p.w.spi.MetamodelGraphWalker - Visiting attribute path : trainee.address
2024-11-04 15:08:14 DEBUG o.h.p.w.spi.MetamodelGraphWalker - Visiting attribute path : trainee.dateOfBirth
2024-11-04 15:08:14 DEBUG o.h.p.w.spi.MetamodelGraphWalker - Visiting attribute path : trainee.trainers
2024-11-04 15:08:14 DEBUG o.h.l.p.b.i.spaces.QuerySpacesImpl - Adding QuerySpace : uid = <gen:2> -> org.hibernate.loader.plan.build.internal.spaces.CollectionQuerySpaceImpl@7e53339]
2024-11-04 15:08:14 DEBUG o.h.l.p.b.i.spaces.QuerySpacesImpl - Adding QuerySpace : uid = <gen:3> -> org.hibernate.loader.plan.build.internal.spaces.EntityQuerySpaceImpl@77bb48d5]
2024-11-04 15:08:14 DEBUG o.h.p.w.spi.MetamodelGraphWalker - Visiting attribute path : trainee.trainings
2024-11-04 15:08:14 DEBUG o.h.p.w.spi.MetamodelGraphWalker - Property path deemed to be circular : trainee.trainings
2024-11-04 15:08:14 DEBUG o.h.p.w.spi.MetamodelGraphWalker - Visiting attribute path : trainee.user
2024-11-04 15:08:14 DEBUG o.h.l.p.b.i.spaces.QuerySpacesImpl - Adding QuerySpace : uid = <gen:4> -> org.hibernate.loader.plan.build.internal.spaces.EntityQuerySpaceImpl@52f57666]
2024-11-04 15:08:14 DEBUG o.h.p.w.spi.MetamodelGraphWalker - Visiting attribute path : trainee.user.active
2024-11-04 15:08:14 DEBUG o.h.p.w.spi.MetamodelGraphWalker - Visiting attribute path : trainee.user.firstName
2024-11-04 15:08:14 DEBUG o.h.p.w.spi.MetamodelGraphWalker - Visiting attribute path : trainee.user.lastName
2024-11-04 15:08:14 DEBUG o.h.p.w.spi.MetamodelGraphWalker - Visiting attribute path : trainee.user.password
2024-11-04 15:08:14 DEBUG o.h.p.w.spi.MetamodelGraphWalker - Visiting attribute path : trainee.user.username
2024-11-04 15:08:14 DEBUG o.h.p.w.spi.MetamodelGraphWalker - Visiting attribute path : trainer
2024-11-04 15:08:14 DEBUG o.h.l.p.b.i.spaces.QuerySpacesImpl - Adding QuerySpace : uid = <gen:5> -> org.hibernate.loader.plan.build.internal.spaces.EntityQuerySpaceImpl@267dc982]
2024-11-04 15:08:14 DEBUG o.h.p.w.spi.MetamodelGraphWalker - Visiting attribute path : trainer.specialization
2024-11-04 15:08:14 DEBUG o.h.l.p.b.i.spaces.QuerySpacesImpl - Adding QuerySpace : uid = <gen:6> -> org.hibernate.loader.plan.build.internal.spaces.EntityQuerySpaceImpl@3aa41da1]
2024-11-04 15:08:14 DEBUG o.h.p.w.spi.MetamodelGraphWalker - Visiting attribute path : trainer.specialization.trainingType
2024-11-04 15:08:14 DEBUG o.h.p.w.spi.MetamodelGraphWalker - Visiting attribute path : trainer.trainees
2024-11-04 15:08:14 DEBUG o.h.l.p.b.i.spaces.QuerySpacesImpl - Adding QuerySpace : uid = <gen:7> -> org.hibernate.loader.plan.build.internal.spaces.CollectionQuerySpaceImpl@3c83468e]
2024-11-04 15:08:14 DEBUG o.h.l.p.b.i.spaces.QuerySpacesImpl - Adding QuerySpace : uid = <gen:8> -> org.hibernate.loader.plan.build.internal.spaces.EntityQuerySpaceImpl@272ce069]
2024-11-04 15:08:14 DEBUG o.h.p.w.spi.MetamodelGraphWalker - Visiting attribute path : trainer.trainings
2024-11-04 15:08:14 DEBUG o.h.p.w.spi.MetamodelGraphWalker - Property path deemed to be circular : trainer.trainings
2024-11-04 15:08:14 DEBUG o.h.p.w.spi.MetamodelGraphWalker - Visiting attribute path : trainer.user
2024-11-04 15:08:14 DEBUG o.h.l.p.b.i.spaces.QuerySpacesImpl - Adding QuerySpace : uid = <gen:9> -> org.hibernate.loader.plan.build.internal.spaces.EntityQuerySpaceImpl@3d7fb838]
2024-11-04 15:08:14 DEBUG o.h.p.w.spi.MetamodelGraphWalker - Visiting attribute path : trainer.user.active
2024-11-04 15:08:14 DEBUG o.h.p.w.spi.MetamodelGraphWalker - Visiting attribute path : trainer.user.firstName
2024-11-04 15:08:14 DEBUG o.h.p.w.spi.MetamodelGraphWalker - Visiting attribute path : trainer.user.lastName
2024-11-04 15:08:14 DEBUG o.h.p.w.spi.MetamodelGraphWalker - Visiting attribute path : trainer.user.password
2024-11-04 15:08:14 DEBUG o.h.p.w.spi.MetamodelGraphWalker - Visiting attribute path : trainer.user.username
2024-11-04 15:08:14 DEBUG o.h.p.w.spi.MetamodelGraphWalker - Visiting attribute path : trainingDate
2024-11-04 15:08:14 DEBUG o.h.p.w.spi.MetamodelGraphWalker - Visiting attribute path : trainingDuration
2024-11-04 15:08:14 DEBUG o.h.p.w.spi.MetamodelGraphWalker - Visiting attribute path : trainingName
2024-11-04 15:08:14 DEBUG o.h.p.w.spi.MetamodelGraphWalker - Visiting attribute path : trainingType
2024-11-04 15:08:14 DEBUG o.h.l.p.b.i.spaces.QuerySpacesImpl - Adding QuerySpace : uid = <gen:10> -> org.hibernate.loader.plan.build.internal.spaces.EntityQuerySpaceImpl@3a37a501]
2024-11-04 15:08:14 DEBUG o.h.p.w.spi.MetamodelGraphWalker - Visiting attribute path : trainingType.trainingType
2024-11-04 15:08:14 DEBUG o.h.l.p.b.i.FetchStyleLoadPlanBuildingAssociationVisitationStrategy - Building LoadPlan...
2024-11-04 15:08:14 DEBUG o.h.l.p.e.i.LoadQueryJoinAndFetchProcessor - processing queryspace <gen:0>
2024-11-04 15:08:14 DEBUG o.h.l.p.b.spi.LoadPlanTreePrinter - LoadPlan(entity=org.example.gym.entity.Training)
    - Returns
       - EntityReturnImpl(entity=org.example.gym.entity.Training, querySpaceUid=<gen:0>, path=org.example.gym.entity.Training)
          - EntityAttributeFetchImpl(entity=org.example.gym.entity.Trainee, querySpaceUid=<gen:1>, path=org.example.gym.entity.Training.trainee)
             - CollectionAttributeFetchImpl(collection=org.example.gym.entity.Trainee.trainers, querySpaceUid=<gen:2>, path=org.example.gym.entity.Training.trainee.trainers)
                - (collection element) CollectionFetchableElementEntityGraph(entity=org.example.gym.entity.Trainer, querySpaceUid=<gen:3>, path=org.example.gym.entity.Training.trainee.trainers.<elements>)
             - EntityAttributeFetchImpl(entity=org.example.gym.entity.User, querySpaceUid=<gen:4>, path=org.example.gym.entity.Training.trainee.user)
          - EntityAttributeFetchImpl(entity=org.example.gym.entity.Trainer, querySpaceUid=<gen:5>, path=org.example.gym.entity.Training.trainer)
             - EntityAttributeFetchImpl(entity=org.example.gym.entity.TrainingType, querySpaceUid=<gen:6>, path=org.example.gym.entity.Training.trainer.specialization)
             - CollectionAttributeFetchImpl(collection=org.example.gym.entity.Trainer.trainees, querySpaceUid=<gen:7>, path=org.example.gym.entity.Training.trainer.trainees)
                - (collection element) CollectionFetchableElementEntityGraph(entity=org.example.gym.entity.Trainee, querySpaceUid=<gen:8>, path=org.example.gym.entity.Training.trainer.trainees.<elements>)
             - EntityAttributeFetchImpl(entity=org.example.gym.entity.User, querySpaceUid=<gen:9>, path=org.example.gym.entity.Training.trainer.user)
          - EntityAttributeFetchImpl(entity=org.example.gym.entity.TrainingType, querySpaceUid=<gen:10>, path=org.example.gym.entity.Training.trainingType)
    - QuerySpaces
       - EntityQuerySpaceImpl(uid=<gen:0>, entity=org.example.gym.entity.Training)
          - SQL table alias mapping - training0_
          - alias suffix - 0_
          - suffixed key columns - {training1_3_0_}
          - JOIN (JoinDefinedByMetadata(trainee)) : <gen:0> -> <gen:1>
             - EntityQuerySpaceImpl(uid=<gen:1>, entity=org.example.gym.entity.Trainee)
                - SQL table alias mapping - trainee1_
                - alias suffix - 1_
                - suffixed key columns - {traineei1_0_1_}
                - JOIN (JoinDefinedByMetadata(user)) : <gen:1> -> <gen:4>
                   - EntityQuerySpaceImpl(uid=<gen:4>, entity=org.example.gym.entity.User)
                      - SQL table alias mapping - user2_
                      - alias suffix - 2_
                      - suffixed key columns - {id1_5_2_}
          - JOIN (JoinDefinedByMetadata(trainer)) : <gen:0> -> <gen:5>
             - EntityQuerySpaceImpl(uid=<gen:5>, entity=org.example.gym.entity.Trainer)
                - SQL table alias mapping - trainer3_
                - alias suffix - 3_
                - suffixed key columns - {traineri1_2_3_}
                - JOIN (JoinDefinedByMetadata(specialization)) : <gen:5> -> <gen:6>
                   - EntityQuerySpaceImpl(uid=<gen:6>, entity=org.example.gym.entity.TrainingType)
                      - SQL table alias mapping - trainingty4_
                      - alias suffix - 4_
                      - suffixed key columns - {id1_4_4_}
                - JOIN (JoinDefinedByMetadata(user)) : <gen:5> -> <gen:9>
                   - EntityQuerySpaceImpl(uid=<gen:9>, entity=org.example.gym.entity.User)
                      - SQL table alias mapping - user5_
                      - alias suffix - 5_
                      - suffixed key columns - {id1_5_5_}
          - JOIN (JoinDefinedByMetadata(trainingType)) : <gen:0> -> <gen:10>
             - EntityQuerySpaceImpl(uid=<gen:10>, entity=org.example.gym.entity.TrainingType)
                - SQL table alias mapping - trainingty6_
                - alias suffix - 6_
                - suffixed key columns - {id1_4_6_}

2024-11-04 15:08:14 DEBUG o.h.loader.entity.plan.EntityLoader - Static select for entity org.example.gym.entity.Training [NONE]: select training0_.trainingId as training1_3_0_, training0_.trainee_id as trainee_5_3_0_, training0_.trainer_id as trainer_6_3_0_, training0_.trainingDate as training2_3_0_, training0_.trainingDuration as training3_3_0_, training0_.trainingName as training4_3_0_, training0_.trainingType_id as training7_3_0_, trainee1_.traineeId as traineei1_0_1_, trainee1_.address as address2_0_1_, trainee1_.dateOfBirth as dateofbi3_0_1_, trainee1_.user_id as user_id4_0_1_, user2_.id as id1_5_2_, user2_.isActive as isactive2_5_2_, user2_.firstName as firstnam3_5_2_, user2_.lastName as lastname4_5_2_, user2_.password as password5_5_2_, user2_.username as username6_5_2_, trainer3_.trainerId as traineri1_2_3_, trainer3_.specialization_id as speciali2_2_3_, trainer3_.user_id as user_id3_2_3_, trainingty4_.id as id1_4_4_, trainingty4_.trainingType as training2_4_4_, user5_.id as id1_5_5_, user5_.isActive as isactive2_5_5_, user5_.firstName as firstnam3_5_5_, user5_.lastName as lastname4_5_5_, user5_.password as password5_5_5_, user5_.username as username6_5_5_, trainingty6_.id as id1_4_6_, trainingty6_.trainingType as training2_4_6_ from Training training0_ left outer join Trainee trainee1_ on training0_.trainee_id=trainee1_.traineeId left outer join "user" user2_ on trainee1_.user_id=user2_.id left outer join Trainer trainer3_ on training0_.trainer_id=trainer3_.trainerId left outer join TrainingType trainingty4_ on trainer3_.specialization_id=trainingty4_.id left outer join "user" user5_ on trainer3_.user_id=user5_.id left outer join TrainingType trainingty6_ on training0_.trainingType_id=trainingty6_.id where training0_.trainingId=?
2024-11-04 15:08:14 DEBUG o.h.p.entity.AbstractEntityPersister - Static SQL for entity: org.example.gym.entity.Trainee
2024-11-04 15:08:14 DEBUG o.h.p.entity.AbstractEntityPersister -  Version select: /* get version org.example.gym.entity.Trainee */ select traineeId from Trainee where traineeId =?
2024-11-04 15:08:14 DEBUG o.h.p.entity.AbstractEntityPersister -  Snapshot select: /* get current state org.example.gym.entity.Trainee */ select trainee_.traineeId, trainee_.address as address2_0_, trainee_.dateOfBirth as dateofbi3_0_, trainee_.user_id as user_id4_0_ from Trainee trainee_ where trainee_.traineeId=?
2024-11-04 15:08:14 DEBUG o.h.p.entity.AbstractEntityPersister -  Insert 0: /* insert org.example.gym.entity.Trainee */ insert into Trainee (address, dateOfBirth, user_id, traineeId) values (?, ?, ?, ?)
2024-11-04 15:08:14 DEBUG o.h.p.entity.AbstractEntityPersister -  Update 0: /* update org.example.gym.entity.Trainee */ update Trainee set address=?, dateOfBirth=?, user_id=? where traineeId=?
2024-11-04 15:08:14 DEBUG o.h.p.entity.AbstractEntityPersister -  Delete 0: /* delete org.example.gym.entity.Trainee */ delete from Trainee where traineeId=?
2024-11-04 15:08:14 DEBUG o.h.p.entity.AbstractEntityPersister -  Identity insert: /* insert org.example.gym.entity.Trainee */ insert into Trainee (address, dateOfBirth, user_id) values (?, ?, ?)
2024-11-04 15:08:14 DEBUG o.h.l.p.b.i.spaces.QuerySpacesImpl - Adding QuerySpace : uid = <gen:0> -> org.hibernate.loader.plan.build.internal.spaces.EntityQuerySpaceImpl@ae202c6]
2024-11-04 15:08:14 DEBUG o.h.p.w.spi.MetamodelGraphWalker - Visiting attribute path : address
2024-11-04 15:08:14 DEBUG o.h.p.w.spi.MetamodelGraphWalker - Visiting attribute path : dateOfBirth
2024-11-04 15:08:14 DEBUG o.h.p.w.spi.MetamodelGraphWalker - Visiting attribute path : trainers
2024-11-04 15:08:14 DEBUG o.h.l.p.b.i.spaces.QuerySpacesImpl - Adding QuerySpace : uid = <gen:1> -> org.hibernate.loader.plan.build.internal.spaces.CollectionQuerySpaceImpl@6ada9c0c]
2024-11-04 15:08:14 DEBUG o.h.l.p.b.i.spaces.QuerySpacesImpl - Adding QuerySpace : uid = <gen:2> -> org.hibernate.loader.plan.build.internal.spaces.EntityQuerySpaceImpl@7412ed6b]
2024-11-04 15:08:14 DEBUG o.h.p.w.spi.MetamodelGraphWalker - Visiting attribute path : trainings
2024-11-04 15:08:14 DEBUG o.h.l.p.b.i.spaces.QuerySpacesImpl - Adding QuerySpace : uid = <gen:3> -> org.hibernate.loader.plan.build.internal.spaces.CollectionQuerySpaceImpl@6e7c351d]
2024-11-04 15:08:14 DEBUG o.h.l.p.b.i.spaces.QuerySpacesImpl - Adding QuerySpace : uid = <gen:4> -> org.hibernate.loader.plan.build.internal.spaces.EntityQuerySpaceImpl@7b4a0aef]
2024-11-04 15:08:14 DEBUG o.h.p.w.spi.MetamodelGraphWalker - Visiting attribute path : user
2024-11-04 15:08:14 DEBUG o.h.l.p.b.i.spaces.QuerySpacesImpl - Adding QuerySpace : uid = <gen:5> -> org.hibernate.loader.plan.build.internal.spaces.EntityQuerySpaceImpl@45cec376]
2024-11-04 15:08:14 DEBUG o.h.p.w.spi.MetamodelGraphWalker - Visiting attribute path : user.active
2024-11-04 15:08:14 DEBUG o.h.p.w.spi.MetamodelGraphWalker - Visiting attribute path : user.firstName
2024-11-04 15:08:14 DEBUG o.h.p.w.spi.MetamodelGraphWalker - Visiting attribute path : user.lastName
2024-11-04 15:08:14 DEBUG o.h.p.w.spi.MetamodelGraphWalker - Visiting attribute path : user.password
2024-11-04 15:08:14 DEBUG o.h.p.w.spi.MetamodelGraphWalker - Visiting attribute path : user.username
2024-11-04 15:08:14 DEBUG o.h.l.p.b.i.FetchStyleLoadPlanBuildingAssociationVisitationStrategy - Building LoadPlan...
2024-11-04 15:08:14 DEBUG o.h.l.p.e.i.LoadQueryJoinAndFetchProcessor - processing queryspace <gen:0>
2024-11-04 15:08:14 DEBUG o.h.l.p.b.spi.LoadPlanTreePrinter - LoadPlan(entity=org.example.gym.entity.Trainee)
    - Returns
       - EntityReturnImpl(entity=org.example.gym.entity.Trainee, querySpaceUid=<gen:0>, path=org.example.gym.entity.Trainee)
          - CollectionAttributeFetchImpl(collection=org.example.gym.entity.Trainee.trainers, querySpaceUid=<gen:1>, path=org.example.gym.entity.Trainee.trainers)
             - (collection element) CollectionFetchableElementEntityGraph(entity=org.example.gym.entity.Trainer, querySpaceUid=<gen:2>, path=org.example.gym.entity.Trainee.trainers.<elements>)
          - CollectionAttributeFetchImpl(collection=org.example.gym.entity.Trainee.trainings, querySpaceUid=<gen:3>, path=org.example.gym.entity.Trainee.trainings)
             - (collection element) CollectionFetchableElementEntityGraph(entity=org.example.gym.entity.Training, querySpaceUid=<gen:4>, path=org.example.gym.entity.Trainee.trainings.<elements>)
          - EntityAttributeFetchImpl(entity=org.example.gym.entity.User, querySpaceUid=<gen:5>, path=org.example.gym.entity.Trainee.user)
    - QuerySpaces
       - EntityQuerySpaceImpl(uid=<gen:0>, entity=org.example.gym.entity.Trainee)
          - SQL table alias mapping - trainee0_
          - alias suffix - 0_
          - suffixed key columns - {traineei1_0_0_}
          - JOIN (JoinDefinedByMetadata(user)) : <gen:0> -> <gen:5>
             - EntityQuerySpaceImpl(uid=<gen:5>, entity=org.example.gym.entity.User)
                - SQL table alias mapping - user1_
                - alias suffix - 1_
                - suffixed key columns - {id1_5_1_}

2024-11-04 15:08:14 DEBUG o.h.loader.entity.plan.EntityLoader - Static select for entity org.example.gym.entity.Trainee [NONE]: select trainee0_.traineeId as traineei1_0_0_, trainee0_.address as address2_0_0_, trainee0_.dateOfBirth as dateofbi3_0_0_, trainee0_.user_id as user_id4_0_0_, user1_.id as id1_5_1_, user1_.isActive as isactive2_5_1_, user1_.firstName as firstnam3_5_1_, user1_.lastName as lastname4_5_1_, user1_.password as password5_5_1_, user1_.username as username6_5_1_ from Trainee trainee0_ left outer join "user" user1_ on trainee0_.user_id=user1_.id where trainee0_.traineeId=?
2024-11-04 15:08:14 DEBUG o.h.p.entity.AbstractEntityPersister - Static SQL for entity: org.example.gym.entity.User
2024-11-04 15:08:14 DEBUG o.h.p.entity.AbstractEntityPersister -  Version select: /* get version org.example.gym.entity.User */ select id from "user" where id =?
2024-11-04 15:08:14 DEBUG o.h.p.entity.AbstractEntityPersister -  Snapshot select: /* get current state org.example.gym.entity.User */ select user_.id, user_.isActive as isactive2_5_, user_.firstName as firstnam3_5_, user_.lastName as lastname4_5_, user_.password as password5_5_, user_.username as username6_5_ from "user" user_ where user_.id=?
2024-11-04 15:08:14 DEBUG o.h.p.entity.AbstractEntityPersister -  Insert 0: /* insert org.example.gym.entity.User */ insert into "user" (isActive, firstName, lastName, password, username, id) values (?, ?, ?, ?, ?, ?)
2024-11-04 15:08:14 DEBUG o.h.p.entity.AbstractEntityPersister -  Update 0: /* update org.example.gym.entity.User */ update "user" set isActive=?, firstName=?, lastName=?, password=?, username=? where id=?
2024-11-04 15:08:14 DEBUG o.h.p.entity.AbstractEntityPersister -  Delete 0: /* delete org.example.gym.entity.User */ delete from "user" where id=?
2024-11-04 15:08:14 DEBUG o.h.p.entity.AbstractEntityPersister -  Identity insert: /* insert org.example.gym.entity.User */ insert into "user" (isActive, firstName, lastName, password, username) values (?, ?, ?, ?, ?)
2024-11-04 15:08:14 DEBUG o.h.l.p.b.i.spaces.QuerySpacesImpl - Adding QuerySpace : uid = <gen:0> -> org.hibernate.loader.plan.build.internal.spaces.EntityQuerySpaceImpl@298f0a0b]
2024-11-04 15:08:14 DEBUG o.h.p.w.spi.MetamodelGraphWalker - Visiting attribute path : active
2024-11-04 15:08:14 DEBUG o.h.p.w.spi.MetamodelGraphWalker - Visiting attribute path : firstName
2024-11-04 15:08:14 DEBUG o.h.p.w.spi.MetamodelGraphWalker - Visiting attribute path : lastName
2024-11-04 15:08:14 DEBUG o.h.p.w.spi.MetamodelGraphWalker - Visiting attribute path : password
2024-11-04 15:08:14 DEBUG o.h.p.w.spi.MetamodelGraphWalker - Visiting attribute path : username
2024-11-04 15:08:14 DEBUG o.h.l.p.b.i.FetchStyleLoadPlanBuildingAssociationVisitationStrategy - Building LoadPlan...
2024-11-04 15:08:14 DEBUG o.h.l.p.e.i.LoadQueryJoinAndFetchProcessor - processing queryspace <gen:0>
2024-11-04 15:08:14 DEBUG o.h.l.p.b.spi.LoadPlanTreePrinter - LoadPlan(entity=org.example.gym.entity.User)
    - Returns
       - EntityReturnImpl(entity=org.example.gym.entity.User, querySpaceUid=<gen:0>, path=org.example.gym.entity.User)
    - QuerySpaces
       - EntityQuerySpaceImpl(uid=<gen:0>, entity=org.example.gym.entity.User)
          - SQL table alias mapping - user0_
          - alias suffix - 0_
          - suffixed key columns - {id1_5_0_}

2024-11-04 15:08:14 DEBUG o.h.loader.entity.plan.EntityLoader - Static select for entity org.example.gym.entity.User [NONE]: select user0_.id as id1_5_0_, user0_.isActive as isactive2_5_0_, user0_.firstName as firstnam3_5_0_, user0_.lastName as lastname4_5_0_, user0_.password as password5_5_0_, user0_.username as username6_5_0_ from "user" user0_ where user0_.id=?
2024-11-04 15:08:14 DEBUG o.h.p.entity.AbstractEntityPersister - Static SQL for entity: org.example.gym.entity.TrainingType
2024-11-04 15:08:14 DEBUG o.h.p.entity.AbstractEntityPersister -  Version select: /* get version org.example.gym.entity.TrainingType */ select id from TrainingType where id =?
2024-11-04 15:08:14 DEBUG o.h.p.entity.AbstractEntityPersister -  Snapshot select: /* get current state org.example.gym.entity.TrainingType */ select trainingty_.id, trainingty_.trainingType as training2_4_ from TrainingType trainingty_ where trainingty_.id=?
2024-11-04 15:08:14 DEBUG o.h.p.entity.AbstractEntityPersister -  Insert 0: /* insert org.example.gym.entity.TrainingType */ insert into TrainingType (trainingType, id) values (?, ?)
2024-11-04 15:08:14 DEBUG o.h.p.entity.AbstractEntityPersister -  Update 0: /* update org.example.gym.entity.TrainingType */ update TrainingType set trainingType=? where id=?
2024-11-04 15:08:14 DEBUG o.h.p.entity.AbstractEntityPersister -  Delete 0: /* delete org.example.gym.entity.TrainingType */ delete from TrainingType where id=?
2024-11-04 15:08:14 DEBUG o.h.p.entity.AbstractEntityPersister -  Identity insert: /* insert org.example.gym.entity.TrainingType */ insert into TrainingType (trainingType) values (?)
2024-11-04 15:08:14 DEBUG o.h.l.p.b.i.spaces.QuerySpacesImpl - Adding QuerySpace : uid = <gen:0> -> org.hibernate.loader.plan.build.internal.spaces.EntityQuerySpaceImpl@31dfc6f5]
2024-11-04 15:08:14 DEBUG o.h.p.w.spi.MetamodelGraphWalker - Visiting attribute path : trainingType
2024-11-04 15:08:14 DEBUG o.h.l.p.b.i.FetchStyleLoadPlanBuildingAssociationVisitationStrategy - Building LoadPlan...
2024-11-04 15:08:14 DEBUG o.h.l.p.e.i.LoadQueryJoinAndFetchProcessor - processing queryspace <gen:0>
2024-11-04 15:08:14 DEBUG o.h.l.p.b.spi.LoadPlanTreePrinter - LoadPlan(entity=org.example.gym.entity.TrainingType)
    - Returns
       - EntityReturnImpl(entity=org.example.gym.entity.TrainingType, querySpaceUid=<gen:0>, path=org.example.gym.entity.TrainingType)
    - QuerySpaces
       - EntityQuerySpaceImpl(uid=<gen:0>, entity=org.example.gym.entity.TrainingType)
          - SQL table alias mapping - trainingty0_
          - alias suffix - 0_
          - suffixed key columns - {id1_4_0_}

2024-11-04 15:08:14 DEBUG o.h.loader.entity.plan.EntityLoader - Static select for entity org.example.gym.entity.TrainingType [NONE]: select trainingty0_.id as id1_4_0_, trainingty0_.trainingType as training2_4_0_ from TrainingType trainingty0_ where trainingty0_.id=?
2024-11-04 15:08:14 DEBUG o.h.p.entity.AbstractEntityPersister - Static SQL for entity: org.example.gym.entity.Trainer
2024-11-04 15:08:14 DEBUG o.h.p.entity.AbstractEntityPersister -  Version select: /* get version org.example.gym.entity.Trainer */ select trainerId from Trainer where trainerId =?
2024-11-04 15:08:14 DEBUG o.h.p.entity.AbstractEntityPersister -  Snapshot select: /* get current state org.example.gym.entity.Trainer */ select trainer_.trainerId, trainer_.specialization_id as speciali2_2_, trainer_.user_id as user_id3_2_ from Trainer trainer_ where trainer_.trainerId=?
2024-11-04 15:08:14 DEBUG o.h.p.entity.AbstractEntityPersister -  Insert 0: /* insert org.example.gym.entity.Trainer */ insert into Trainer (specialization_id, user_id, trainerId) values (?, ?, ?)
2024-11-04 15:08:14 DEBUG o.h.p.entity.AbstractEntityPersister -  Update 0: /* update org.example.gym.entity.Trainer */ update Trainer set specialization_id=?, user_id=? where trainerId=?
2024-11-04 15:08:14 DEBUG o.h.p.entity.AbstractEntityPersister -  Delete 0: /* delete org.example.gym.entity.Trainer */ delete from Trainer where trainerId=?
2024-11-04 15:08:14 DEBUG o.h.p.entity.AbstractEntityPersister -  Identity insert: /* insert org.example.gym.entity.Trainer */ insert into Trainer (specialization_id, user_id) values (?, ?)
2024-11-04 15:08:14 DEBUG o.h.l.p.b.i.spaces.QuerySpacesImpl - Adding QuerySpace : uid = <gen:0> -> org.hibernate.loader.plan.build.internal.spaces.EntityQuerySpaceImpl@663bb8ef]
2024-11-04 15:08:14 DEBUG o.h.p.w.spi.MetamodelGraphWalker - Visiting attribute path : specialization
2024-11-04 15:08:14 DEBUG o.h.l.p.b.i.spaces.QuerySpacesImpl - Adding QuerySpace : uid = <gen:1> -> org.hibernate.loader.plan.build.internal.spaces.EntityQuerySpaceImpl@60e9c3a5]
2024-11-04 15:08:14 DEBUG o.h.p.w.spi.MetamodelGraphWalker - Visiting attribute path : specialization.trainingType
2024-11-04 15:08:14 DEBUG o.h.p.w.spi.MetamodelGraphWalker - Visiting attribute path : trainees
2024-11-04 15:08:14 DEBUG o.h.l.p.b.i.spaces.QuerySpacesImpl - Adding QuerySpace : uid = <gen:2> -> org.hibernate.loader.plan.build.internal.spaces.CollectionQuerySpaceImpl@459f703f]
2024-11-04 15:08:14 DEBUG o.h.l.p.b.i.spaces.QuerySpacesImpl - Adding QuerySpace : uid = <gen:3> -> org.hibernate.loader.plan.build.internal.spaces.EntityQuerySpaceImpl@188ac8a3]
2024-11-04 15:08:14 DEBUG o.h.p.w.spi.MetamodelGraphWalker - Visiting attribute path : trainings
2024-11-04 15:08:14 DEBUG o.h.l.p.b.i.spaces.QuerySpacesImpl - Adding QuerySpace : uid = <gen:4> -> org.hibernate.loader.plan.build.internal.spaces.CollectionQuerySpaceImpl@3650d4fc]
2024-11-04 15:08:14 DEBUG o.h.l.p.b.i.spaces.QuerySpacesImpl - Adding QuerySpace : uid = <gen:5> -> org.hibernate.loader.plan.build.internal.spaces.EntityQuerySpaceImpl@aaa0f76]
2024-11-04 15:08:14 DEBUG o.h.p.w.spi.MetamodelGraphWalker - Visiting attribute path : user
2024-11-04 15:08:14 DEBUG o.h.l.p.b.i.spaces.QuerySpacesImpl - Adding QuerySpace : uid = <gen:6> -> org.hibernate.loader.plan.build.internal.spaces.EntityQuerySpaceImpl@340a8894]
2024-11-04 15:08:14 DEBUG o.h.p.w.spi.MetamodelGraphWalker - Visiting attribute path : user.active
2024-11-04 15:08:14 DEBUG o.h.p.w.spi.MetamodelGraphWalker - Visiting attribute path : user.firstName
2024-11-04 15:08:14 DEBUG o.h.p.w.spi.MetamodelGraphWalker - Visiting attribute path : user.lastName
2024-11-04 15:08:14 DEBUG o.h.p.w.spi.MetamodelGraphWalker - Visiting attribute path : user.password
2024-11-04 15:08:14 DEBUG o.h.p.w.spi.MetamodelGraphWalker - Visiting attribute path : user.username
2024-11-04 15:08:14 DEBUG o.h.l.p.b.i.FetchStyleLoadPlanBuildingAssociationVisitationStrategy - Building LoadPlan...
2024-11-04 15:08:14 DEBUG o.h.l.p.e.i.LoadQueryJoinAndFetchProcessor - processing queryspace <gen:0>
2024-11-04 15:08:14 DEBUG o.h.l.p.b.spi.LoadPlanTreePrinter - LoadPlan(entity=org.example.gym.entity.Trainer)
    - Returns
       - EntityReturnImpl(entity=org.example.gym.entity.Trainer, querySpaceUid=<gen:0>, path=org.example.gym.entity.Trainer)
          - EntityAttributeFetchImpl(entity=org.example.gym.entity.TrainingType, querySpaceUid=<gen:1>, path=org.example.gym.entity.Trainer.specialization)
          - CollectionAttributeFetchImpl(collection=org.example.gym.entity.Trainer.trainees, querySpaceUid=<gen:2>, path=org.example.gym.entity.Trainer.trainees)
             - (collection element) CollectionFetchableElementEntityGraph(entity=org.example.gym.entity.Trainee, querySpaceUid=<gen:3>, path=org.example.gym.entity.Trainer.trainees.<elements>)
          - CollectionAttributeFetchImpl(collection=org.example.gym.entity.Trainer.trainings, querySpaceUid=<gen:4>, path=org.example.gym.entity.Trainer.trainings)
             - (collection element) CollectionFetchableElementEntityGraph(entity=org.example.gym.entity.Training, querySpaceUid=<gen:5>, path=org.example.gym.entity.Trainer.trainings.<elements>)
          - EntityAttributeFetchImpl(entity=org.example.gym.entity.User, querySpaceUid=<gen:6>, path=org.example.gym.entity.Trainer.user)
    - QuerySpaces
       - EntityQuerySpaceImpl(uid=<gen:0>, entity=org.example.gym.entity.Trainer)
          - SQL table alias mapping - trainer0_
          - alias suffix - 0_
          - suffixed key columns - {traineri1_2_0_}
          - JOIN (JoinDefinedByMetadata(specialization)) : <gen:0> -> <gen:1>
             - EntityQuerySpaceImpl(uid=<gen:1>, entity=org.example.gym.entity.TrainingType)
                - SQL table alias mapping - trainingty1_
                - alias suffix - 1_
                - suffixed key columns - {id1_4_1_}
          - JOIN (JoinDefinedByMetadata(user)) : <gen:0> -> <gen:6>
             - EntityQuerySpaceImpl(uid=<gen:6>, entity=org.example.gym.entity.User)
                - SQL table alias mapping - user2_
                - alias suffix - 2_
                - suffixed key columns - {id1_5_2_}

2024-11-04 15:08:14 DEBUG o.h.loader.entity.plan.EntityLoader - Static select for entity org.example.gym.entity.Trainer [NONE]: select trainer0_.trainerId as traineri1_2_0_, trainer0_.specialization_id as speciali2_2_0_, trainer0_.user_id as user_id3_2_0_, trainingty1_.id as id1_4_1_, trainingty1_.trainingType as training2_4_1_, user2_.id as id1_5_2_, user2_.isActive as isactive2_5_2_, user2_.firstName as firstnam3_5_2_, user2_.lastName as lastname4_5_2_, user2_.password as password5_5_2_, user2_.username as username6_5_2_ from Trainer trainer0_ inner join TrainingType trainingty1_ on trainer0_.specialization_id=trainingty1_.id left outer join "user" user2_ on trainer0_.user_id=user2_.id where trainer0_.trainerId=?
2024-11-04 15:08:14 DEBUG o.h.l.p.b.i.spaces.QuerySpacesImpl - Adding QuerySpace : uid = <gen:0> -> org.hibernate.loader.plan.build.internal.spaces.CollectionQuerySpaceImpl@33425811]
2024-11-04 15:08:14 DEBUG o.h.l.p.b.i.spaces.QuerySpacesImpl - Adding QuerySpace : uid = <gen:1> -> org.hibernate.loader.plan.build.internal.spaces.EntityQuerySpaceImpl@4b74b35]
2024-11-04 15:08:14 DEBUG o.h.p.w.spi.MetamodelGraphWalker - Visiting attribute path : specialization
2024-11-04 15:08:14 DEBUG o.h.l.p.b.i.spaces.QuerySpacesImpl - Adding QuerySpace : uid = <gen:2> -> org.hibernate.loader.plan.build.internal.spaces.EntityQuerySpaceImpl@714f3da4]
2024-11-04 15:08:14 DEBUG o.h.p.w.spi.MetamodelGraphWalker - Visiting attribute path : specialization.trainingType
2024-11-04 15:08:14 DEBUG o.h.p.w.spi.MetamodelGraphWalker - Visiting attribute path : trainees
2024-11-04 15:08:14 DEBUG o.h.p.w.spi.MetamodelGraphWalker - Property path deemed to be circular : trainees
2024-11-04 15:08:14 DEBUG o.h.p.w.spi.MetamodelGraphWalker - Visiting attribute path : trainings
2024-11-04 15:08:14 DEBUG o.h.l.p.b.i.spaces.QuerySpacesImpl - Adding QuerySpace : uid = <gen:3> -> org.hibernate.loader.plan.build.internal.spaces.CollectionQuerySpaceImpl@1f53481b]
2024-11-04 15:08:14 DEBUG o.h.l.p.b.i.spaces.QuerySpacesImpl - Adding QuerySpace : uid = <gen:4> -> org.hibernate.loader.plan.build.internal.spaces.EntityQuerySpaceImpl@2fcd7d3f]
2024-11-04 15:08:14 DEBUG o.h.p.w.spi.MetamodelGraphWalker - Visiting attribute path : user
2024-11-04 15:08:14 DEBUG o.h.l.p.b.i.spaces.QuerySpacesImpl - Adding QuerySpace : uid = <gen:5> -> org.hibernate.loader.plan.build.internal.spaces.EntityQuerySpaceImpl@27e7c77f]
2024-11-04 15:08:14 DEBUG o.h.p.w.spi.MetamodelGraphWalker - Visiting attribute path : user.active
2024-11-04 15:08:14 DEBUG o.h.p.w.spi.MetamodelGraphWalker - Visiting attribute path : user.firstName
2024-11-04 15:08:14 DEBUG o.h.p.w.spi.MetamodelGraphWalker - Visiting attribute path : user.lastName
2024-11-04 15:08:14 DEBUG o.h.p.w.spi.MetamodelGraphWalker - Visiting attribute path : user.password
2024-11-04 15:08:14 DEBUG o.h.p.w.spi.MetamodelGraphWalker - Visiting attribute path : user.username
2024-11-04 15:08:14 DEBUG o.h.l.p.b.i.FetchStyleLoadPlanBuildingAssociationVisitationStrategy - Building LoadPlan...
2024-11-04 15:08:14 DEBUG o.h.l.p.e.i.LoadQueryJoinAndFetchProcessor - processing queryspace <gen:0>
2024-11-04 15:08:14 DEBUG o.h.l.p.b.spi.LoadPlanTreePrinter - LoadPlan(collection=org.example.gym.entity.Trainee.trainers)
    - Returns
       - CollectionReturnImpl(collection=org.example.gym.entity.Trainee.trainers, querySpaceUid=<gen:0>, path=[org.example.gym.entity.Trainee.trainers])
          - (collection element) CollectionFetchableElementEntityGraph(entity=org.example.gym.entity.Trainer, querySpaceUid=<gen:1>, path=[org.example.gym.entity.Trainee.trainers].<elements>)
             - EntityAttributeFetchImpl(entity=org.example.gym.entity.TrainingType, querySpaceUid=<gen:2>, path=[org.example.gym.entity.Trainee.trainers].<elements>.specialization)
             - CollectionAttributeFetchImpl(collection=org.example.gym.entity.Trainer.trainings, querySpaceUid=<gen:3>, path=[org.example.gym.entity.Trainee.trainers].<elements>.trainings)
                - (collection element) CollectionFetchableElementEntityGraph(entity=org.example.gym.entity.Training, querySpaceUid=<gen:4>, path=[org.example.gym.entity.Trainee.trainers].<elements>.trainings.<elements>)
             - EntityAttributeFetchImpl(entity=org.example.gym.entity.User, querySpaceUid=<gen:5>, path=[org.example.gym.entity.Trainee.trainers].<elements>.user)
    - QuerySpaces
       - CollectionQuerySpaceImpl(uid=<gen:0>, collection=org.example.gym.entity.Trainee.trainers)
          - SQL table alias mapping - trainers0_
          - alias suffix - 0_
          - suffixed key columns - {trainee_1_1_0_}
          - entity-element alias suffix - 1_
          - 1_entity-element suffixed key columns - traineri1_2_1_
          - JOIN (JoinDefinedByMetadata(elements)) : <gen:0> -> <gen:1>
             - EntityQuerySpaceImpl(uid=<gen:1>, entity=org.example.gym.entity.Trainer)
                - SQL table alias mapping - trainer1_
                - alias suffix - 1_
                - suffixed key columns - {traineri1_2_1_}
                - JOIN (JoinDefinedByMetadata(specialization)) : <gen:1> -> <gen:2>
                   - EntityQuerySpaceImpl(uid=<gen:2>, entity=org.example.gym.entity.TrainingType)
                      - SQL table alias mapping - trainingty2_
                      - alias suffix - 2_
                      - suffixed key columns - {id1_4_2_}
                - JOIN (JoinDefinedByMetadata(user)) : <gen:1> -> <gen:5>
                   - EntityQuerySpaceImpl(uid=<gen:5>, entity=org.example.gym.entity.User)
                      - SQL table alias mapping - user3_
                      - alias suffix - 3_
                      - suffixed key columns - {id1_5_3_}

2024-11-04 15:08:14 DEBUG o.h.l.c.plan.CollectionLoader - Static select for collection org.example.gym.entity.Trainee.trainers: select trainers0_.trainee_id as trainee_1_1_0_, trainers0_.trainer_id as trainer_2_1_0_, trainer1_.trainerId as traineri1_2_1_, trainer1_.specialization_id as speciali2_2_1_, trainer1_.user_id as user_id3_2_1_, trainingty2_.id as id1_4_2_, trainingty2_.trainingType as training2_4_2_, user3_.id as id1_5_3_, user3_.isActive as isactive2_5_3_, user3_.firstName as firstnam3_5_3_, user3_.lastName as lastname4_5_3_, user3_.password as password5_5_3_, user3_.username as username6_5_3_ from trainee2trainer trainers0_ inner join Trainer trainer1_ on trainers0_.trainer_id=trainer1_.trainerId inner join TrainingType trainingty2_ on trainer1_.specialization_id=trainingty2_.id left outer join "user" user3_ on trainer1_.user_id=user3_.id where trainers0_.trainee_id=?
2024-11-04 15:08:14 DEBUG o.h.l.p.b.i.spaces.QuerySpacesImpl - Adding QuerySpace : uid = <gen:0> -> org.hibernate.loader.plan.build.internal.spaces.CollectionQuerySpaceImpl@7a360554]
2024-11-04 15:08:14 DEBUG o.h.l.p.b.i.spaces.QuerySpacesImpl - Adding QuerySpace : uid = <gen:1> -> org.hibernate.loader.plan.build.internal.spaces.EntityQuerySpaceImpl@424de326]
2024-11-04 15:08:14 DEBUG o.h.p.w.spi.MetamodelGraphWalker - Visiting attribute path : address
2024-11-04 15:08:14 DEBUG o.h.p.w.spi.MetamodelGraphWalker - Visiting attribute path : dateOfBirth
2024-11-04 15:08:14 DEBUG o.h.p.w.spi.MetamodelGraphWalker - Visiting attribute path : trainers
2024-11-04 15:08:14 DEBUG o.h.p.w.spi.MetamodelGraphWalker - Property path deemed to be circular : trainers
2024-11-04 15:08:14 DEBUG o.h.p.w.spi.MetamodelGraphWalker - Visiting attribute path : trainings
2024-11-04 15:08:14 DEBUG o.h.l.p.b.i.spaces.QuerySpacesImpl - Adding QuerySpace : uid = <gen:2> -> org.hibernate.loader.plan.build.internal.spaces.CollectionQuerySpaceImpl@67064bdc]
2024-11-04 15:08:14 DEBUG o.h.l.p.b.i.spaces.QuerySpacesImpl - Adding QuerySpace : uid = <gen:3> -> org.hibernate.loader.plan.build.internal.spaces.EntityQuerySpaceImpl@4a7fd0c9]
2024-11-04 15:08:14 DEBUG o.h.p.w.spi.MetamodelGraphWalker - Visiting attribute path : user
2024-11-04 15:08:14 DEBUG o.h.l.p.b.i.spaces.QuerySpacesImpl - Adding QuerySpace : uid = <gen:4> -> org.hibernate.loader.plan.build.internal.spaces.EntityQuerySpaceImpl@18578491]
2024-11-04 15:08:14 DEBUG o.h.p.w.spi.MetamodelGraphWalker - Visiting attribute path : user.active
2024-11-04 15:08:14 DEBUG o.h.p.w.spi.MetamodelGraphWalker - Visiting attribute path : user.firstName
2024-11-04 15:08:14 DEBUG o.h.p.w.spi.MetamodelGraphWalker - Visiting attribute path : user.lastName
2024-11-04 15:08:14 DEBUG o.h.p.w.spi.MetamodelGraphWalker - Visiting attribute path : user.password
2024-11-04 15:08:14 DEBUG o.h.p.w.spi.MetamodelGraphWalker - Visiting attribute path : user.username
2024-11-04 15:08:14 DEBUG o.h.l.p.b.i.FetchStyleLoadPlanBuildingAssociationVisitationStrategy - Building LoadPlan...
2024-11-04 15:08:14 DEBUG o.h.l.p.e.i.LoadQueryJoinAndFetchProcessor - processing queryspace <gen:0>
2024-11-04 15:08:14 DEBUG o.h.l.p.b.spi.LoadPlanTreePrinter - LoadPlan(collection=org.example.gym.entity.Trainer.trainees)
    - Returns
       - CollectionReturnImpl(collection=org.example.gym.entity.Trainer.trainees, querySpaceUid=<gen:0>, path=[org.example.gym.entity.Trainer.trainees])
          - (collection element) CollectionFetchableElementEntityGraph(entity=org.example.gym.entity.Trainee, querySpaceUid=<gen:1>, path=[org.example.gym.entity.Trainer.trainees].<elements>)
             - CollectionAttributeFetchImpl(collection=org.example.gym.entity.Trainee.trainings, querySpaceUid=<gen:2>, path=[org.example.gym.entity.Trainer.trainees].<elements>.trainings)
                - (collection element) CollectionFetchableElementEntityGraph(entity=org.example.gym.entity.Training, querySpaceUid=<gen:3>, path=[org.example.gym.entity.Trainer.trainees].<elements>.trainings.<elements>)
             - EntityAttributeFetchImpl(entity=org.example.gym.entity.User, querySpaceUid=<gen:4>, path=[org.example.gym.entity.Trainer.trainees].<elements>.user)
    - QuerySpaces
       - CollectionQuerySpaceImpl(uid=<gen:0>, collection=org.example.gym.entity.Trainer.trainees)
          - SQL table alias mapping - trainees0_
          - alias suffix - 0_
          - suffixed key columns - {trainer_2_1_0_}
          - entity-element alias suffix - 1_
          - 1_entity-element suffixed key columns - traineei1_0_1_
          - JOIN (JoinDefinedByMetadata(elements)) : <gen:0> -> <gen:1>
             - EntityQuerySpaceImpl(uid=<gen:1>, entity=org.example.gym.entity.Trainee)
                - SQL table alias mapping - trainee1_
                - alias suffix - 1_
                - suffixed key columns - {traineei1_0_1_}
                - JOIN (JoinDefinedByMetadata(user)) : <gen:1> -> <gen:4>
                   - EntityQuerySpaceImpl(uid=<gen:4>, entity=org.example.gym.entity.User)
                      - SQL table alias mapping - user2_
                      - alias suffix - 2_
                      - suffixed key columns - {id1_5_2_}

2024-11-04 15:08:14 DEBUG o.h.l.c.plan.CollectionLoader - Static select for collection org.example.gym.entity.Trainer.trainees: select trainees0_.trainer_id as trainer_2_1_0_, trainees0_.trainee_id as trainee_1_1_0_, trainee1_.traineeId as traineei1_0_1_, trainee1_.address as address2_0_1_, trainee1_.dateOfBirth as dateofbi3_0_1_, trainee1_.user_id as user_id4_0_1_, user2_.id as id1_5_2_, user2_.isActive as isactive2_5_2_, user2_.firstName as firstnam3_5_2_, user2_.lastName as lastname4_5_2_, user2_.password as password5_5_2_, user2_.username as username6_5_2_ from trainee2trainer trainees0_ inner join Trainee trainee1_ on trainees0_.trainee_id=trainee1_.traineeId left outer join "user" user2_ on trainee1_.user_id=user2_.id where trainees0_.trainer_id=?
2024-11-04 15:08:14 DEBUG o.h.l.p.b.i.spaces.QuerySpacesImpl - Adding QuerySpace : uid = <gen:0> -> org.hibernate.loader.plan.build.internal.spaces.CollectionQuerySpaceImpl@671c4166]
2024-11-04 15:08:14 DEBUG o.h.l.p.b.i.spaces.QuerySpacesImpl - Adding QuerySpace : uid = <gen:1> -> org.hibernate.loader.plan.build.internal.spaces.EntityQuerySpaceImpl@53d13cd4]
2024-11-04 15:08:14 DEBUG o.h.p.w.spi.MetamodelGraphWalker - Visiting attribute path : trainee
2024-11-04 15:08:14 DEBUG o.h.p.w.spi.MetamodelGraphWalker - Property path deemed to be circular : trainee
2024-11-04 15:08:14 DEBUG o.h.p.w.spi.MetamodelGraphWalker - Visiting attribute path : trainer
2024-11-04 15:08:14 DEBUG o.h.l.p.b.i.spaces.QuerySpacesImpl - Adding QuerySpace : uid = <gen:2> -> org.hibernate.loader.plan.build.internal.spaces.EntityQuerySpaceImpl@4d18b73a]
2024-11-04 15:08:14 DEBUG o.h.p.w.spi.MetamodelGraphWalker - Visiting attribute path : trainer.specialization
2024-11-04 15:08:14 DEBUG o.h.l.p.b.i.spaces.QuerySpacesImpl - Adding QuerySpace : uid = <gen:3> -> org.hibernate.loader.plan.build.internal.spaces.EntityQuerySpaceImpl@52ff99cd]
2024-11-04 15:08:14 DEBUG o.h.p.w.spi.MetamodelGraphWalker - Visiting attribute path : trainer.specialization.trainingType
2024-11-04 15:08:14 DEBUG o.h.p.w.spi.MetamodelGraphWalker - Visiting attribute path : trainer.trainees
2024-11-04 15:08:14 DEBUG o.h.l.p.b.i.spaces.QuerySpacesImpl - Adding QuerySpace : uid = <gen:4> -> org.hibernate.loader.plan.build.internal.spaces.CollectionQuerySpaceImpl@44032fde]
2024-11-04 15:08:14 DEBUG o.h.l.p.b.i.spaces.QuerySpacesImpl - Adding QuerySpace : uid = <gen:5> -> org.hibernate.loader.plan.build.internal.spaces.EntityQuerySpaceImpl@7b676112]
2024-11-04 15:08:14 DEBUG o.h.p.w.spi.MetamodelGraphWalker - Visiting attribute path : trainer.trainings
2024-11-04 15:08:14 DEBUG o.h.p.w.spi.MetamodelGraphWalker - Property path deemed to be circular : trainer.trainings
2024-11-04 15:08:14 DEBUG o.h.p.w.spi.MetamodelGraphWalker - Visiting attribute path : trainer.user
2024-11-04 15:08:14 DEBUG o.h.l.p.b.i.spaces.QuerySpacesImpl - Adding QuerySpace : uid = <gen:6> -> org.hibernate.loader.plan.build.internal.spaces.EntityQuerySpaceImpl@5578be42]
2024-11-04 15:08:14 DEBUG o.h.p.w.spi.MetamodelGraphWalker - Visiting attribute path : trainer.user.active
2024-11-04 15:08:14 DEBUG o.h.p.w.spi.MetamodelGraphWalker - Visiting attribute path : trainer.user.firstName
2024-11-04 15:08:14 DEBUG o.h.p.w.spi.MetamodelGraphWalker - Visiting attribute path : trainer.user.lastName
2024-11-04 15:08:14 DEBUG o.h.p.w.spi.MetamodelGraphWalker - Visiting attribute path : trainer.user.password
2024-11-04 15:08:14 DEBUG o.h.p.w.spi.MetamodelGraphWalker - Visiting attribute path : trainer.user.username
2024-11-04 15:08:14 DEBUG o.h.p.w.spi.MetamodelGraphWalker - Visiting attribute path : trainingDate
2024-11-04 15:08:14 DEBUG o.h.p.w.spi.MetamodelGraphWalker - Visiting attribute path : trainingDuration
2024-11-04 15:08:14 DEBUG o.h.p.w.spi.MetamodelGraphWalker - Visiting attribute path : trainingName
2024-11-04 15:08:14 DEBUG o.h.p.w.spi.MetamodelGraphWalker - Visiting attribute path : trainingType
2024-11-04 15:08:14 DEBUG o.h.l.p.b.i.spaces.QuerySpacesImpl - Adding QuerySpace : uid = <gen:7> -> org.hibernate.loader.plan.build.internal.spaces.EntityQuerySpaceImpl@136965e3]
2024-11-04 15:08:14 DEBUG o.h.p.w.spi.MetamodelGraphWalker - Visiting attribute path : trainingType.trainingType
2024-11-04 15:08:14 DEBUG o.h.l.p.b.i.FetchStyleLoadPlanBuildingAssociationVisitationStrategy - Building LoadPlan...
2024-11-04 15:08:14 DEBUG o.h.l.p.e.i.LoadQueryJoinAndFetchProcessor - processing queryspace <gen:0>
2024-11-04 15:08:14 DEBUG o.h.l.p.b.spi.LoadPlanTreePrinter - LoadPlan(collection=org.example.gym.entity.Trainee.trainings)
    - Returns
       - CollectionReturnImpl(collection=org.example.gym.entity.Trainee.trainings, querySpaceUid=<gen:0>, path=[org.example.gym.entity.Trainee.trainings])
          - (collection element) CollectionFetchableElementEntityGraph(entity=org.example.gym.entity.Training, querySpaceUid=<gen:1>, path=[org.example.gym.entity.Trainee.trainings].<elements>)
             - EntityAttributeFetchImpl(entity=org.example.gym.entity.Trainer, querySpaceUid=<gen:2>, path=[org.example.gym.entity.Trainee.trainings].<elements>.trainer)
                - EntityAttributeFetchImpl(entity=org.example.gym.entity.TrainingType, querySpaceUid=<gen:3>, path=[org.example.gym.entity.Trainee.trainings].<elements>.trainer.specialization)
                - CollectionAttributeFetchImpl(collection=org.example.gym.entity.Trainer.trainees, querySpaceUid=<gen:4>, path=[org.example.gym.entity.Trainee.trainings].<elements>.trainer.trainees)
                   - (collection element) CollectionFetchableElementEntityGraph(entity=org.example.gym.entity.Trainee, querySpaceUid=<gen:5>, path=[org.example.gym.entity.Trainee.trainings].<elements>.trainer.trainees.<elements>)
                - EntityAttributeFetchImpl(entity=org.example.gym.entity.User, querySpaceUid=<gen:6>, path=[org.example.gym.entity.Trainee.trainings].<elements>.trainer.user)
             - EntityAttributeFetchImpl(entity=org.example.gym.entity.TrainingType, querySpaceUid=<gen:7>, path=[org.example.gym.entity.Trainee.trainings].<elements>.trainingType)
    - QuerySpaces
       - CollectionQuerySpaceImpl(uid=<gen:0>, collection=org.example.gym.entity.Trainee.trainings)
          - SQL table alias mapping - trainings0_
          - alias suffix - 0_
          - suffixed key columns - {trainee_5_3_0_}
          - entity-element alias suffix - 1_
          - 1_entity-element suffixed key columns - training1_3_1_
          - JOIN (JoinDefinedByMetadata(elements)) : <gen:0> -> <gen:1>
             - EntityQuerySpaceImpl(uid=<gen:1>, entity=org.example.gym.entity.Training)
                - SQL table alias mapping - trainings0_
                - alias suffix - 1_
                - suffixed key columns - {training1_3_1_}
                - JOIN (JoinDefinedByMetadata(trainer)) : <gen:1> -> <gen:2>
                   - EntityQuerySpaceImpl(uid=<gen:2>, entity=org.example.gym.entity.Trainer)
                      - SQL table alias mapping - trainer1_
                      - alias suffix - 2_
                      - suffixed key columns - {traineri1_2_2_}
                      - JOIN (JoinDefinedByMetadata(specialization)) : <gen:2> -> <gen:3>
                         - EntityQuerySpaceImpl(uid=<gen:3>, entity=org.example.gym.entity.TrainingType)
                            - SQL table alias mapping - trainingty2_
                            - alias suffix - 3_
                            - suffixed key columns - {id1_4_3_}
                      - JOIN (JoinDefinedByMetadata(user)) : <gen:2> -> <gen:6>
                         - EntityQuerySpaceImpl(uid=<gen:6>, entity=org.example.gym.entity.User)
                            - SQL table alias mapping - user3_
                            - alias suffix - 4_
                            - suffixed key columns - {id1_5_4_}
                - JOIN (JoinDefinedByMetadata(trainingType)) : <gen:1> -> <gen:7>
                   - EntityQuerySpaceImpl(uid=<gen:7>, entity=org.example.gym.entity.TrainingType)
                      - SQL table alias mapping - trainingty4_
                      - alias suffix - 5_
                      - suffixed key columns - {id1_4_5_}

2024-11-04 15:08:14 DEBUG o.h.l.c.plan.CollectionLoader - Static select for collection org.example.gym.entity.Trainee.trainings: select trainings0_.trainee_id as trainee_5_3_0_, trainings0_.trainingId as training1_3_0_, trainings0_.trainingId as training1_3_1_, trainings0_.trainee_id as trainee_5_3_1_, trainings0_.trainer_id as trainer_6_3_1_, trainings0_.trainingDate as training2_3_1_, trainings0_.trainingDuration as training3_3_1_, trainings0_.trainingName as training4_3_1_, trainings0_.trainingType_id as training7_3_1_, trainer1_.trainerId as traineri1_2_2_, trainer1_.specialization_id as speciali2_2_2_, trainer1_.user_id as user_id3_2_2_, trainingty2_.id as id1_4_3_, trainingty2_.trainingType as training2_4_3_, user3_.id as id1_5_4_, user3_.isActive as isactive2_5_4_, user3_.firstName as firstnam3_5_4_, user3_.lastName as lastname4_5_4_, user3_.password as password5_5_4_, user3_.username as username6_5_4_, trainingty4_.id as id1_4_5_, trainingty4_.trainingType as training2_4_5_ from Training trainings0_ left outer join Trainer trainer1_ on trainings0_.trainer_id=trainer1_.trainerId left outer join TrainingType trainingty2_ on trainer1_.specialization_id=trainingty2_.id left outer join "user" user3_ on trainer1_.user_id=user3_.id left outer join TrainingType trainingty4_ on trainings0_.trainingType_id=trainingty4_.id where trainings0_.trainee_id=?
2024-11-04 15:08:14 DEBUG o.h.l.p.b.i.spaces.QuerySpacesImpl - Adding QuerySpace : uid = <gen:0> -> org.hibernate.loader.plan.build.internal.spaces.CollectionQuerySpaceImpl@7f93dd4e]
2024-11-04 15:08:14 DEBUG o.h.l.p.b.i.spaces.QuerySpacesImpl - Adding QuerySpace : uid = <gen:1> -> org.hibernate.loader.plan.build.internal.spaces.EntityQuerySpaceImpl@5ad5be4a]
2024-11-04 15:08:14 DEBUG o.h.p.w.spi.MetamodelGraphWalker - Visiting attribute path : trainee
2024-11-04 15:08:14 DEBUG o.h.l.p.b.i.spaces.QuerySpacesImpl - Adding QuerySpace : uid = <gen:2> -> org.hibernate.loader.plan.build.internal.spaces.EntityQuerySpaceImpl@12e5da86]
2024-11-04 15:08:14 DEBUG o.h.p.w.spi.MetamodelGraphWalker - Visiting attribute path : trainee.address
2024-11-04 15:08:14 DEBUG o.h.p.w.spi.MetamodelGraphWalker - Visiting attribute path : trainee.dateOfBirth
2024-11-04 15:08:14 DEBUG o.h.p.w.spi.MetamodelGraphWalker - Visiting attribute path : trainee.trainers
2024-11-04 15:08:14 DEBUG o.h.l.p.b.i.spaces.QuerySpacesImpl - Adding QuerySpace : uid = <gen:3> -> org.hibernate.loader.plan.build.internal.spaces.CollectionQuerySpaceImpl@1d1cbd0f]
2024-11-04 15:08:14 DEBUG o.h.l.p.b.i.spaces.QuerySpacesImpl - Adding QuerySpace : uid = <gen:4> -> org.hibernate.loader.plan.build.internal.spaces.EntityQuerySpaceImpl@6fa13e6]
2024-11-04 15:08:14 DEBUG o.h.p.w.spi.MetamodelGraphWalker - Visiting attribute path : trainee.trainings
2024-11-04 15:08:14 DEBUG o.h.p.w.spi.MetamodelGraphWalker - Property path deemed to be circular : trainee.trainings
2024-11-04 15:08:14 DEBUG o.h.p.w.spi.MetamodelGraphWalker - Visiting attribute path : trainee.user
2024-11-04 15:08:14 DEBUG o.h.l.p.b.i.spaces.QuerySpacesImpl - Adding QuerySpace : uid = <gen:5> -> org.hibernate.loader.plan.build.internal.spaces.EntityQuerySpaceImpl@3af7d855]
2024-11-04 15:08:14 DEBUG o.h.p.w.spi.MetamodelGraphWalker - Visiting attribute path : trainee.user.active
2024-11-04 15:08:14 DEBUG o.h.p.w.spi.MetamodelGraphWalker - Visiting attribute path : trainee.user.firstName
2024-11-04 15:08:14 DEBUG o.h.p.w.spi.MetamodelGraphWalker - Visiting attribute path : trainee.user.lastName
2024-11-04 15:08:14 DEBUG o.h.p.w.spi.MetamodelGraphWalker - Visiting attribute path : trainee.user.password
2024-11-04 15:08:14 DEBUG o.h.p.w.spi.MetamodelGraphWalker - Visiting attribute path : trainee.user.username
2024-11-04 15:08:14 DEBUG o.h.p.w.spi.MetamodelGraphWalker - Visiting attribute path : trainer
2024-11-04 15:08:14 DEBUG o.h.p.w.spi.MetamodelGraphWalker - Property path deemed to be circular : trainer
2024-11-04 15:08:14 DEBUG o.h.p.w.spi.MetamodelGraphWalker - Visiting attribute path : trainingDate
2024-11-04 15:08:14 DEBUG o.h.p.w.spi.MetamodelGraphWalker - Visiting attribute path : trainingDuration
2024-11-04 15:08:14 DEBUG o.h.p.w.spi.MetamodelGraphWalker - Visiting attribute path : trainingName
2024-11-04 15:08:14 DEBUG o.h.p.w.spi.MetamodelGraphWalker - Visiting attribute path : trainingType
2024-11-04 15:08:14 DEBUG o.h.l.p.b.i.spaces.QuerySpacesImpl - Adding QuerySpace : uid = <gen:6> -> org.hibernate.loader.plan.build.internal.spaces.EntityQuerySpaceImpl@f88bfbe]
2024-11-04 15:08:14 DEBUG o.h.p.w.spi.MetamodelGraphWalker - Visiting attribute path : trainingType.trainingType
2024-11-04 15:08:14 DEBUG o.h.l.p.b.i.FetchStyleLoadPlanBuildingAssociationVisitationStrategy - Building LoadPlan...
2024-11-04 15:08:14 DEBUG o.h.l.p.e.i.LoadQueryJoinAndFetchProcessor - processing queryspace <gen:0>
2024-11-04 15:08:14 DEBUG o.h.l.p.b.spi.LoadPlanTreePrinter - LoadPlan(collection=org.example.gym.entity.Trainer.trainings)
    - Returns
       - CollectionReturnImpl(collection=org.example.gym.entity.Trainer.trainings, querySpaceUid=<gen:0>, path=[org.example.gym.entity.Trainer.trainings])
          - (collection element) CollectionFetchableElementEntityGraph(entity=org.example.gym.entity.Training, querySpaceUid=<gen:1>, path=[org.example.gym.entity.Trainer.trainings].<elements>)
             - EntityAttributeFetchImpl(entity=org.example.gym.entity.Trainee, querySpaceUid=<gen:2>, path=[org.example.gym.entity.Trainer.trainings].<elements>.trainee)
                - CollectionAttributeFetchImpl(collection=org.example.gym.entity.Trainee.trainers, querySpaceUid=<gen:3>, path=[org.example.gym.entity.Trainer.trainings].<elements>.trainee.trainers)
                   - (collection element) CollectionFetchableElementEntityGraph(entity=org.example.gym.entity.Trainer, querySpaceUid=<gen:4>, path=[org.example.gym.entity.Trainer.trainings].<elements>.trainee.trainers.<elements>)
                - EntityAttributeFetchImpl(entity=org.example.gym.entity.User, querySpaceUid=<gen:5>, path=[org.example.gym.entity.Trainer.trainings].<elements>.trainee.user)
             - EntityAttributeFetchImpl(entity=org.example.gym.entity.TrainingType, querySpaceUid=<gen:6>, path=[org.example.gym.entity.Trainer.trainings].<elements>.trainingType)
    - QuerySpaces
       - CollectionQuerySpaceImpl(uid=<gen:0>, collection=org.example.gym.entity.Trainer.trainings)
          - SQL table alias mapping - trainings0_
          - alias suffix - 0_
          - suffixed key columns - {trainer_6_3_0_}
          - entity-element alias suffix - 1_
          - 1_entity-element suffixed key columns - training1_3_1_
          - JOIN (JoinDefinedByMetadata(elements)) : <gen:0> -> <gen:1>
             - EntityQuerySpaceImpl(uid=<gen:1>, entity=org.example.gym.entity.Training)
                - SQL table alias mapping - trainings0_
                - alias suffix - 1_
                - suffixed key columns - {training1_3_1_}
                - JOIN (JoinDefinedByMetadata(trainee)) : <gen:1> -> <gen:2>
                   - EntityQuerySpaceImpl(uid=<gen:2>, entity=org.example.gym.entity.Trainee)
                      - SQL table alias mapping - trainee1_
                      - alias suffix - 2_
                      - suffixed key columns - {traineei1_0_2_}
                      - JOIN (JoinDefinedByMetadata(user)) : <gen:2> -> <gen:5>
                         - EntityQuerySpaceImpl(uid=<gen:5>, entity=org.example.gym.entity.User)
                            - SQL table alias mapping - user2_
                            - alias suffix - 3_
                            - suffixed key columns - {id1_5_3_}
                - JOIN (JoinDefinedByMetadata(trainingType)) : <gen:1> -> <gen:6>
                   - EntityQuerySpaceImpl(uid=<gen:6>, entity=org.example.gym.entity.TrainingType)
                      - SQL table alias mapping - trainingty3_
                      - alias suffix - 4_
                      - suffixed key columns - {id1_4_4_}

2024-11-04 15:08:14 DEBUG o.h.l.c.plan.CollectionLoader - Static select for collection org.example.gym.entity.Trainer.trainings: select trainings0_.trainer_id as trainer_6_3_0_, trainings0_.trainingId as training1_3_0_, trainings0_.trainingId as training1_3_1_, trainings0_.trainee_id as trainee_5_3_1_, trainings0_.trainer_id as trainer_6_3_1_, trainings0_.trainingDate as training2_3_1_, trainings0_.trainingDuration as training3_3_1_, trainings0_.trainingName as training4_3_1_, trainings0_.trainingType_id as training7_3_1_, trainee1_.traineeId as traineei1_0_2_, trainee1_.address as address2_0_2_, trainee1_.dateOfBirth as dateofbi3_0_2_, trainee1_.user_id as user_id4_0_2_, user2_.id as id1_5_3_, user2_.isActive as isactive2_5_3_, user2_.firstName as firstnam3_5_3_, user2_.lastName as lastname4_5_3_, user2_.password as password5_5_3_, user2_.username as username6_5_3_, trainingty3_.id as id1_4_4_, trainingty3_.trainingType as training2_4_4_ from Training trainings0_ left outer join Trainee trainee1_ on trainings0_.trainee_id=trainee1_.traineeId left outer join "user" user2_ on trainee1_.user_id=user2_.id left outer join TrainingType trainingty3_ on trainings0_.trainingType_id=trainingty3_.id where trainings0_.trainer_id=?
2024-11-04 15:08:14 DEBUG org.hibernate.SQL - 
    
    alter table if exists Trainee 
       drop constraint if exists FKg5yr91x74w1s9d6g9ymdh9hgc
2024-11-04 15:08:14 INFO  org.hibernate.orm.connections.access - HHH10001501: Connection obtained from JdbcConnectionAccess [org.hibernate.engine.jdbc.env.internal.JdbcEnvironmentInitiator$ConnectionProviderJdbcConnectionAccess@d5556bf] for (non-JTA) DDL execution was not in auto-commit mode; the Connection 'local transaction' will be committed and the Connection will be set into auto-commit mode.
2024-11-04 15:08:14 DEBUG org.hibernate.SQL - 
    
    alter table if exists trainee2trainer 
       drop constraint if exists FKp4e37tenuxuiy3k3pnhvnxjvw
2024-11-04 15:08:14 DEBUG org.hibernate.SQL - 
    
    alter table if exists trainee2trainer 
       drop constraint if exists FKnvxhdvc9w2nb5nk7pcynt8syv
2024-11-04 15:08:14 DEBUG org.hibernate.SQL - 
    
    alter table if exists Trainer 
       drop constraint if exists FK23q90a3op24mt5ib1xetax9bk
2024-11-04 15:08:14 DEBUG org.hibernate.SQL - 
    
    alter table if exists Trainer 
       drop constraint if exists FKry688vabvsopo1fau9jmugrm5
2024-11-04 15:08:14 DEBUG org.hibernate.SQL - 
    
    alter table if exists Training 
       drop constraint if exists FKdo1ud9tn6ndbk4vlv0w59ace7
2024-11-04 15:08:14 DEBUG org.hibernate.SQL - 
    
    alter table if exists Training 
       drop constraint if exists FK7nior8x5718iqu50ixrhbphkn
2024-11-04 15:08:14 DEBUG org.hibernate.SQL - 
    
    alter table if exists Training 
       drop constraint if exists FK5slu6el1x5qvtwmg91g6w36bk
2024-11-04 15:08:14 DEBUG org.hibernate.SQL - 
    
    drop table if exists Trainee cascade
2024-11-04 15:08:14 DEBUG org.hibernate.SQL - 
    
    drop table if exists trainee2trainer cascade
2024-11-04 15:08:14 DEBUG org.hibernate.SQL - 
    
    drop table if exists Trainer cascade
2024-11-04 15:08:14 DEBUG org.hibernate.SQL - 
    
    drop table if exists Training cascade
2024-11-04 15:08:14 DEBUG org.hibernate.SQL - 
    
    drop table if exists TrainingType cascade
2024-11-04 15:08:14 DEBUG org.hibernate.SQL - 
    
    drop table if exists "user" cascade
2024-11-04 15:08:14 DEBUG org.hibernate.SQL - 
    
    create table Trainee (
       traineeId int8 generated by default as identity,
        address varchar(255),
        dateOfBirth date,
        user_id int8,
        primary key (traineeId)
    )
2024-11-04 15:08:14 INFO  org.hibernate.orm.connections.access - HHH10001501: Connection obtained from JdbcConnectionAccess [org.hibernate.engine.jdbc.env.internal.JdbcEnvironmentInitiator$ConnectionProviderJdbcConnectionAccess@433c6abb] for (non-JTA) DDL execution was not in auto-commit mode; the Connection 'local transaction' will be committed and the Connection will be set into auto-commit mode.
2024-11-04 15:08:14 DEBUG org.hibernate.SQL - 
    
    create table trainee2trainer (
       trainee_id int8 not null,
        trainer_id int8 not null,
        primary key (trainee_id, trainer_id)
    )
2024-11-04 15:08:14 DEBUG org.hibernate.SQL - 
    
    create table Trainer (
       trainerId int8 generated by default as identity,
        specialization_id int8 not null,
        user_id int8,
        primary key (trainerId)
    )
2024-11-04 15:08:14 DEBUG org.hibernate.SQL - 
    
    create table Training (
       trainingId int8 generated by default as identity,
        trainingDate timestamp,
        trainingDuration int8,
        trainingName varchar(255),
        trainee_id int8,
        trainer_id int8,
        trainingType_id int8,
        primary key (trainingId)
    )
2024-11-04 15:08:14 DEBUG org.hibernate.SQL - 
    
    create table TrainingType (
       id int8 generated by default as identity,
        trainingType varchar(255) not null,
        primary key (id)
    )
2024-11-04 15:08:14 DEBUG org.hibernate.SQL - 
    
    create table "user" (
       id int8 generated by default as identity,
        isActive BOOLEAN,
        firstName varchar(255),
        lastName varchar(255),
        password varchar(255),
        username varchar(255),
        primary key (id)
    )
2024-11-04 15:08:14 DEBUG org.hibernate.SQL - 
    
    alter table if exists Trainee 
       add constraint UK_bhp80ntqgsxndeffg72ysmh8j unique (user_id)
2024-11-04 15:08:14 DEBUG org.hibernate.SQL - 
    
    alter table if exists Trainer 
       add constraint UK_8isf2yltojybo5yubau7ck9bm unique (user_id)
2024-11-04 15:08:14 DEBUG org.hibernate.SQL - 
    
    alter table if exists TrainingType 
       add constraint UK_4h8eb8hwrl1l8wbad3fvgh1xh unique (trainingType)
2024-11-04 15:08:14 DEBUG org.hibernate.SQL - 
    
    alter table if exists Trainee 
       add constraint FKg5yr91x74w1s9d6g9ymdh9hgc 
       foreign key (user_id) 
       references "user"
2024-11-04 15:08:14 DEBUG org.hibernate.SQL - 
    
    alter table if exists trainee2trainer 
       add constraint FKp4e37tenuxuiy3k3pnhvnxjvw 
       foreign key (trainer_id) 
       references Trainer
2024-11-04 15:08:14 DEBUG org.hibernate.SQL - 
    
    alter table if exists trainee2trainer 
       add constraint FKnvxhdvc9w2nb5nk7pcynt8syv 
       foreign key (trainee_id) 
       references Trainee
2024-11-04 15:08:14 DEBUG org.hibernate.SQL - 
    
    alter table if exists Trainer 
       add constraint FK23q90a3op24mt5ib1xetax9bk 
       foreign key (specialization_id) 
       references TrainingType
2024-11-04 15:08:14 DEBUG org.hibernate.SQL - 
    
    alter table if exists Trainer 
       add constraint FKry688vabvsopo1fau9jmugrm5 
       foreign key (user_id) 
       references "user"
2024-11-04 15:08:14 DEBUG org.hibernate.SQL - 
    
    alter table if exists Training 
       add constraint FKdo1ud9tn6ndbk4vlv0w59ace7 
       foreign key (trainee_id) 
       references Trainee
2024-11-04 15:08:14 DEBUG org.hibernate.SQL - 
    
    alter table if exists Training 
       add constraint FK7nior8x5718iqu50ixrhbphkn 
       foreign key (trainer_id) 
       references Trainer
2024-11-04 15:08:14 DEBUG org.hibernate.SQL - 
    
    alter table if exists Training 
       add constraint FK5slu6el1x5qvtwmg91g6w36bk 
       foreign key (trainingType_id) 
       references TrainingType
2024-11-04 15:08:15 INFO  o.h.t.s.internal.SchemaCreatorImpl - HHH000476: Executing import script 'file:/E:/EPAM%20Laba/gym/target/classes/data.sql'
2024-11-04 15:08:15 DEBUG org.hibernate.SQL - 
    INSERT INTO "user" (isactive, firstname, lastname,  password, username) VALUES (true, 'Olga', 'Kurilenko', 'WRqqRQMsoy', 'Olga.Kurilenko'), (true, 'Kim','Johnson', '555555', 'Kim.Johnson'), (true, 'Tomas','Kuk', '12345', 'Tomas.Kuk'), (true, 'George','TheThird', '54321', 'George.TheThird'), (true, 'Monica', 'Dobs', '55555', 'Monica.Dobs'), (true, 'Wallace', 'Tim', '66666', 'Wallace.Tim'), (true, 'Tom','Robins', '77777', 'Tom.Robins'), (true, 'Bob','Getty', '88888', 'Bob.Getty')
2024-11-04 15:08:15 DEBUG org.hibernate.SQL - 
    INSERT INTO trainee (address, dateofbirth, user_id) VALUES ('California', '1986-12-30', 1), ('Chicago', '1972-02-01',2), ('Sweden Oslo', '1962-05-05',3), ('UK', '1900-12-30',4)
2024-11-04 15:08:15 DEBUG org.hibernate.SQL - 
    INSERT INTO trainingtype (id, trainingtype) VALUES (1, 'YOGA'), (2, 'FITNESS'),(3, 'ZUMBA'), (4, 'STRETCHING'), (5, 'RESISTANCE')
2024-11-04 15:08:15 DEBUG org.hibernate.SQL - 
    INSERT INTO trainer (specialization_id, user_id)  VALUES (1,5), (2,6), (3,7), (2,8)
2024-11-04 15:08:15 DEBUG org.hibernate.SQL - 
    INSERT INTO training (trainingdate, trainingduration, trainingname, trainee_id, trainer_id, trainingtype_id)  VALUES ('2022-12-09T18:19:00',300,'Sunday morning training',2,3,3), ('2024-10-07T20:04:00',1500,'Jogging',2,4,2), ('2024-10-09T10:15:00',2000,'Friday evening training',3,3,3), ('2024-10-21T18:15:00',3000,'Outside workout',3,2,2), ('2024-10-13T20:15:00',5000,'Yoga class',3,1,1), ('2024-10-12T07:15:00',10000,'Jogging',1,1,1), ('2024-10-11T19:15:00',20000,'Evening fitness',4,2,2)
2024-11-04 15:08:15 DEBUG org.hibernate.SQL - 
    INSERT INTO trainee2trainer (trainee_id, trainer_id) VALUES (2,3), (2,4), (3,3), (3,2), (3,1), (1,1), (4,2)
2024-11-04 15:08:15 DEBUG o.h.e.t.j.p.i.JtaPlatformInitiator - No JtaPlatform was specified, checking resolver
2024-11-04 15:08:15 DEBUG o.h.e.t.j.p.i.JtaPlatformResolverInitiator - No JtaPlatformResolver was specified, using default [org.hibernate.engine.transaction.jta.platform.internal.StandardJtaPlatformResolver]
2024-11-04 15:08:15 DEBUG o.h.e.t.j.p.i.StandardJtaPlatformResolver - Could not resolve JtaPlatform, using default [org.hibernate.engine.transaction.jta.platform.internal.NoJtaPlatform]
2024-11-04 15:08:15 INFO  o.h.e.t.j.p.i.JtaPlatformInitiator - HHH000490: Using JtaPlatform implementation: [org.hibernate.engine.transaction.jta.platform.internal.NoJtaPlatform]
2024-11-04 15:08:15 DEBUG o.h.query.spi.NamedQueryRepository - Checking 0 named HQL queries
2024-11-04 15:08:15 DEBUG o.h.query.spi.NamedQueryRepository - Checking 0 named SQL queries
2024-11-04 15:08:15 DEBUG o.h.s.i.SessionFactoryServiceRegistryImpl - EventListenerRegistry access via ServiceRegistry is deprecated.  Use `sessionFactory.getEventEngine().getListenerRegistry()` instead
2024-11-04 15:08:15 DEBUG o.h.internal.SessionFactoryRegistry - Initializing SessionFactoryRegistry : org.hibernate.internal.SessionFactoryRegistry@35ee466f
2024-11-04 15:08:15 DEBUG o.h.internal.SessionFactoryRegistry - Registering SessionFactory: e7f1eac6-ee15-4f04-a626-da463b4e5acf (<unnamed>)
2024-11-04 15:08:15 DEBUG o.h.internal.SessionFactoryRegistry - Not binding SessionFactory to JNDI, no JNDI name configured
2024-11-04 15:08:15 DEBUG o.h.s.internal.StatisticsInitiator - Statistics initialized [enabled=false]
2024-11-04 15:08:15 DEBUG o.s.c.a.AnnotationConfigApplicationContext - Refreshing org.springframework.context.annotation.AnnotationConfigApplicationContext@350ec690
2024-11-04 15:08:15 DEBUG o.s.b.f.s.DefaultListableBeanFactory - Creating shared instance of singleton bean 'org.springframework.context.annotation.internalConfigurationAnnotationProcessor'
2024-11-04 15:08:15 DEBUG o.s.c.a.ClassPathBeanDefinitionScanner - Identified candidate component class: file [E:\EPAM Laba\gym\target\classes\org\example\gym\controller\TraineeController.class]
2024-11-04 15:08:15 DEBUG o.s.c.a.ClassPathBeanDefinitionScanner - Identified candidate component class: file [E:\EPAM Laba\gym\target\classes\org\example\gym\service\TraineeService.class]
2024-11-04 15:08:15 DEBUG o.s.c.a.ClassPathBeanDefinitionScanner - Identified candidate component class: file [E:\EPAM Laba\gym\target\classes\org\example\gym\service\TrainerService.class]
2024-11-04 15:08:15 DEBUG o.s.c.a.ClassPathBeanDefinitionScanner - Identified candidate component class: file [E:\EPAM Laba\gym\target\classes\org\example\gym\service\TrainingService.class]
2024-11-04 15:08:15 DEBUG o.s.c.a.ClassPathBeanDefinitionScanner - Identified candidate component class: file [E:\EPAM Laba\gym\target\classes\org\example\gym\service\UserService.class]
2024-11-04 15:08:15 DEBUG o.s.c.a.ClassPathBeanDefinitionScanner - Identified candidate component class: file [E:\EPAM Laba\gym\target\classes\org\example\gym\utils\InitialUtils.class]
2024-11-04 15:08:15 INFO  o.s.d.r.c.RepositoryConfigurationDelegate - Bootstrapping Spring Data JPA repositories in DEFAULT mode.
2024-11-04 15:08:15 DEBUG o.s.d.r.c.RepositoryConfigurationDelegate - Scanning for JPA repositories in packages org.example.gym.repository.
2024-11-04 15:08:15 DEBUG o.s.d.r.c.RepositoryComponentProvider - Identified candidate component class: file [E:\EPAM Laba\gym\target\classes\org\example\gym\repository\TraineeRepository.class]
2024-11-04 15:08:15 DEBUG o.s.d.r.c.RepositoryComponentProvider - Identified candidate component class: file [E:\EPAM Laba\gym\target\classes\org\example\gym\repository\TrainerRepository.class]
2024-11-04 15:08:15 DEBUG o.s.d.r.c.RepositoryComponentProvider - Identified candidate component class: file [E:\EPAM Laba\gym\target\classes\org\example\gym\repository\TrainingRepository.class]
2024-11-04 15:08:15 DEBUG o.s.d.r.c.RepositoryComponentProvider - Identified candidate component class: file [E:\EPAM Laba\gym\target\classes\org\example\gym\repository\TrainingTypeRepository.class]
2024-11-04 15:08:15 DEBUG o.s.d.r.c.RepositoryComponentProvider - Identified candidate component class: file [E:\EPAM Laba\gym\target\classes\org\example\gym\repository\UserRepository.class]
2024-11-04 15:08:15 INFO  o.s.d.r.c.RepositoryConfigurationDelegate - Finished Spring Data repository scanning in 62 ms. Found 5 JPA repository interfaces.
2024-11-04 15:08:15 DEBUG o.s.b.f.s.DefaultListableBeanFactory - Creating shared instance of singleton bean 'emBeanDefinitionRegistrarPostProcessor'
2024-11-04 15:08:15 DEBUG o.s.b.f.s.DefaultListableBeanFactory - Creating shared instance of singleton bean 'org.springframework.context.event.internalEventListenerProcessor'
2024-11-04 15:08:15 DEBUG o.s.b.f.s.DefaultListableBeanFactory - Creating shared instance of singleton bean 'org.springframework.context.event.internalEventListenerFactory'
2024-11-04 15:08:15 DEBUG o.s.b.f.s.DefaultListableBeanFactory - Creating shared instance of singleton bean 'org.springframework.transaction.config.internalTransactionalEventListenerFactory'
2024-11-04 15:08:15 DEBUG o.s.b.f.s.DefaultListableBeanFactory - Creating shared instance of singleton bean 'org.springframework.context.annotation.internalAutowiredAnnotationProcessor'
2024-11-04 15:08:15 DEBUG o.s.b.f.s.DefaultListableBeanFactory - Creating shared instance of singleton bean 'org.springframework.context.annotation.internalCommonAnnotationProcessor'
2024-11-04 15:08:15 DEBUG o.s.b.f.s.DefaultListableBeanFactory - Creating shared instance of singleton bean 'org.springframework.context.annotation.internalPersistenceAnnotationProcessor'
2024-11-04 15:08:15 DEBUG o.s.b.f.s.DefaultListableBeanFactory - Creating shared instance of singleton bean 'org.springframework.aop.config.internalAutoProxyCreator'
2024-11-04 15:08:15 DEBUG o.s.b.f.s.DefaultListableBeanFactory - Creating shared instance of singleton bean 'entityManagerFactory'
2024-11-04 15:08:15 DEBUG o.s.b.f.s.DefaultListableBeanFactory - Creating shared instance of singleton bean 'projectConfig'
2024-11-04 15:08:15 DEBUG o.s.b.f.s.DefaultListableBeanFactory - Creating shared instance of singleton bean 'org.springframework.transaction.config.internalTransactionAdvisor'
2024-11-04 15:08:15 DEBUG o.s.b.f.s.DefaultListableBeanFactory - Creating shared instance of singleton bean 'org.springframework.transaction.annotation.ProxyTransactionManagementConfiguration'
2024-11-04 15:08:15 DEBUG o.s.b.f.s.DefaultListableBeanFactory - Creating shared instance of singleton bean 'transactionAttributeSource'
2024-11-04 15:08:15 DEBUG o.s.b.f.s.DefaultListableBeanFactory - Creating shared instance of singleton bean 'transactionInterceptor'
2024-11-04 15:08:15 DEBUG o.s.b.f.s.DefaultListableBeanFactory - Autowiring by type from bean name 'transactionInterceptor' via factory method to bean named 'transactionAttributeSource'
2024-11-04 15:08:15 DEBUG o.s.b.f.s.DefaultListableBeanFactory - Autowiring by type from bean name 'org.springframework.transaction.config.internalTransactionAdvisor' via factory method to bean named 'transactionAttributeSource'
2024-11-04 15:08:15 DEBUG o.s.b.f.s.DefaultListableBeanFactory - Autowiring by type from bean name 'org.springframework.transaction.config.internalTransactionAdvisor' via factory method to bean named 'transactionInterceptor'
2024-11-04 15:08:15 DEBUG o.s.o.j.LocalContainerEntityManagerFactoryBean - Building JPA container EntityManagerFactory for persistence unit 'default'
2024-11-04 15:08:15 DEBUG o.h.jpa.internal.util.LogHelper - PersistenceUnitInfo [
	name: default
	persistence provider classname: null
	classloader: jdk.internal.loader.ClassLoaders$AppClassLoader@2f0e140b
	excludeUnlistedClasses: false
	JTA datasource: null
	Non JTA datasource: null
	Transaction type: RESOURCE_LOCAL
	PU root URL: file:/E:/EPAM%20Laba/gym/target/classes
	Shared Cache Mode: UNSPECIFIED
	Validation Mode: AUTO
	Jar files URLs []
	Managed classes names [
		org.example.gym.entity.User
		org.example.gym.entity.Trainee
		org.example.gym.entity.Trainer
		org.example.gym.entity.Training
		org.example.gym.entity.TrainingType]
	Mapping files names []
	Properties [
		hibernate.jdbc.time_zone: UTC
		hibernate.hbm2ddl.import_files: data.sql
		hibernate.use_sql_comments: true
		jakarta.persistence.schema-generation.database.action: drop-and-create
		jakarta.persistence.jdbc.password: 1
		hibernate.dialect: org.hibernate.dialect.PostgreSQL10Dialect
		hibernate.format_sql: true
		jakarta.persistence.jdbc.driver: org.postgresql.Driver
		jakarta.persistence.jdbc.user: postgres
		jakarta.persistence.jdbc.url: jdbc:postgresql://localhost:5432/gym
		hibernate.show_sql: true]
2024-11-04 15:08:15 DEBUG o.h.i.internal.IntegratorServiceImpl - Adding Integrator [org.hibernate.cfg.beanvalidation.BeanValidationIntegrator].
2024-11-04 15:08:15 DEBUG o.h.i.internal.IntegratorServiceImpl - Adding Integrator [org.hibernate.secure.spi.JaccIntegrator].
2024-11-04 15:08:15 DEBUG o.h.i.internal.IntegratorServiceImpl - Adding Integrator [org.hibernate.cache.internal.CollectionCacheInvalidator].
2024-11-04 15:08:15 DEBUG o.h.service.spi.ServiceBinding - Overriding existing service binding [org.hibernate.secure.spi.JaccService]
2024-11-04 15:08:15 DEBUG o.h.c.i.RegionFactoryInitiator - Cannot default RegionFactory based on registered strategies as `[]` RegionFactory strategies were registered
2024-11-04 15:08:15 DEBUG o.h.c.i.RegionFactoryInitiator - Cache region factory : org.hibernate.cache.internal.NoCachingRegionFactory
2024-11-04 15:08:15 DEBUG org.hibernate.type.BasicTypeRegistry - Adding type registration boolean -> org.hibernate.type.BooleanType@4ff8d125
2024-11-04 15:08:15 DEBUG org.hibernate.type.BasicTypeRegistry - Adding type registration boolean -> org.hibernate.type.BooleanType@4ff8d125
2024-11-04 15:08:15 DEBUG org.hibernate.type.BasicTypeRegistry - Adding type registration java.lang.Boolean -> org.hibernate.type.BooleanType@4ff8d125
2024-11-04 15:08:15 DEBUG org.hibernate.type.BasicTypeRegistry - Adding type registration numeric_boolean -> org.hibernate.type.NumericBooleanType@6c4980d3
2024-11-04 15:08:15 DEBUG org.hibernate.type.BasicTypeRegistry - Adding type registration true_false -> org.hibernate.type.TrueFalseType@54504ecd
2024-11-04 15:08:15 DEBUG org.hibernate.type.BasicTypeRegistry - Adding type registration yes_no -> org.hibernate.type.YesNoType@49c66ade
2024-11-04 15:08:15 DEBUG org.hibernate.type.BasicTypeRegistry - Adding type registration byte -> org.hibernate.type.ByteType@3f91b517
2024-11-04 15:08:15 DEBUG org.hibernate.type.BasicTypeRegistry - Adding type registration byte -> org.hibernate.type.ByteType@3f91b517
2024-11-04 15:08:15 DEBUG org.hibernate.type.BasicTypeRegistry - Adding type registration java.lang.Byte -> org.hibernate.type.ByteType@3f91b517
2024-11-04 15:08:15 DEBUG org.hibernate.type.BasicTypeRegistry - Adding type registration character -> org.hibernate.type.CharacterType@21ba0741
2024-11-04 15:08:15 DEBUG org.hibernate.type.BasicTypeRegistry - Adding type registration char -> org.hibernate.type.CharacterType@21ba0741
2024-11-04 15:08:15 DEBUG org.hibernate.type.BasicTypeRegistry - Adding type registration java.lang.Character -> org.hibernate.type.CharacterType@21ba0741
2024-11-04 15:08:15 DEBUG org.hibernate.type.BasicTypeRegistry - Adding type registration short -> org.hibernate.type.ShortType@62010f5c
2024-11-04 15:08:15 DEBUG org.hibernate.type.BasicTypeRegistry - Adding type registration short -> org.hibernate.type.ShortType@62010f5c
2024-11-04 15:08:15 DEBUG org.hibernate.type.BasicTypeRegistry - Adding type registration java.lang.Short -> org.hibernate.type.ShortType@62010f5c
2024-11-04 15:08:15 DEBUG org.hibernate.type.BasicTypeRegistry - Adding type registration integer -> org.hibernate.type.IntegerType@2c78d320
2024-11-04 15:08:15 DEBUG org.hibernate.type.BasicTypeRegistry - Adding type registration int -> org.hibernate.type.IntegerType@2c78d320
2024-11-04 15:08:15 DEBUG org.hibernate.type.BasicTypeRegistry - Adding type registration java.lang.Integer -> org.hibernate.type.IntegerType@2c78d320
2024-11-04 15:08:15 DEBUG org.hibernate.type.BasicTypeRegistry - Adding type registration long -> org.hibernate.type.LongType@63f259c3
2024-11-04 15:08:15 DEBUG org.hibernate.type.BasicTypeRegistry - Adding type registration long -> org.hibernate.type.LongType@63f259c3
2024-11-04 15:08:15 DEBUG org.hibernate.type.BasicTypeRegistry - Adding type registration java.lang.Long -> org.hibernate.type.LongType@63f259c3
2024-11-04 15:08:15 DEBUG org.hibernate.type.BasicTypeRegistry - Adding type registration float -> org.hibernate.type.FloatType@78d6692f
2024-11-04 15:08:15 DEBUG org.hibernate.type.BasicTypeRegistry - Adding type registration float -> org.hibernate.type.FloatType@78d6692f
2024-11-04 15:08:15 DEBUG org.hibernate.type.BasicTypeRegistry - Adding type registration java.lang.Float -> org.hibernate.type.FloatType@78d6692f
2024-11-04 15:08:15 DEBUG org.hibernate.type.BasicTypeRegistry - Adding type registration double -> org.hibernate.type.DoubleType@7582ff54
2024-11-04 15:08:15 DEBUG org.hibernate.type.BasicTypeRegistry - Adding type registration double -> org.hibernate.type.DoubleType@7582ff54
2024-11-04 15:08:15 DEBUG org.hibernate.type.BasicTypeRegistry - Adding type registration java.lang.Double -> org.hibernate.type.DoubleType@7582ff54
2024-11-04 15:08:15 DEBUG org.hibernate.type.BasicTypeRegistry - Adding type registration big_decimal -> org.hibernate.type.BigDecimalType@146dfe6
2024-11-04 15:08:15 DEBUG org.hibernate.type.BasicTypeRegistry - Adding type registration java.math.BigDecimal -> org.hibernate.type.BigDecimalType@146dfe6
2024-11-04 15:08:15 DEBUG org.hibernate.type.BasicTypeRegistry - Adding type registration big_integer -> org.hibernate.type.BigIntegerType@7efaad5a
2024-11-04 15:08:15 DEBUG org.hibernate.type.BasicTypeRegistry - Adding type registration java.math.BigInteger -> org.hibernate.type.BigIntegerType@7efaad5a
2024-11-04 15:08:15 DEBUG org.hibernate.type.BasicTypeRegistry - Adding type registration string -> org.hibernate.type.StringType@73cd37c0
2024-11-04 15:08:15 DEBUG org.hibernate.type.BasicTypeRegistry - Adding type registration java.lang.String -> org.hibernate.type.StringType@73cd37c0
2024-11-04 15:08:15 DEBUG org.hibernate.type.BasicTypeRegistry - Adding type registration nstring -> org.hibernate.type.StringNVarcharType@60df60da
2024-11-04 15:08:15 DEBUG org.hibernate.type.BasicTypeRegistry - Adding type registration ncharacter -> org.hibernate.type.CharacterNCharType@512baff6
2024-11-04 15:08:15 DEBUG org.hibernate.type.BasicTypeRegistry - Adding type registration url -> org.hibernate.type.UrlType@e383572
2024-11-04 15:08:15 DEBUG org.hibernate.type.BasicTypeRegistry - Adding type registration java.net.URL -> org.hibernate.type.UrlType@e383572
2024-11-04 15:08:15 DEBUG org.hibernate.type.BasicTypeRegistry - Adding type registration Duration -> org.hibernate.type.DurationType@5f9be66c
2024-11-04 15:08:15 DEBUG org.hibernate.type.BasicTypeRegistry - Adding type registration java.time.Duration -> org.hibernate.type.DurationType@5f9be66c
2024-11-04 15:08:15 DEBUG org.hibernate.type.BasicTypeRegistry - Adding type registration Instant -> org.hibernate.type.InstantType@5ba88be8
2024-11-04 15:08:15 DEBUG org.hibernate.type.BasicTypeRegistry - Adding type registration java.time.Instant -> org.hibernate.type.InstantType@5ba88be8
2024-11-04 15:08:15 DEBUG org.hibernate.type.BasicTypeRegistry - Adding type registration LocalDateTime -> org.hibernate.type.LocalDateTimeType@30e868be
2024-11-04 15:08:15 DEBUG org.hibernate.type.BasicTypeRegistry - Adding type registration java.time.LocalDateTime -> org.hibernate.type.LocalDateTimeType@30e868be
2024-11-04 15:08:15 DEBUG org.hibernate.type.BasicTypeRegistry - Adding type registration LocalDate -> org.hibernate.type.LocalDateType@5bf0fe62
2024-11-04 15:08:15 DEBUG org.hibernate.type.BasicTypeRegistry - Adding type registration java.time.LocalDate -> org.hibernate.type.LocalDateType@5bf0fe62
2024-11-04 15:08:15 DEBUG org.hibernate.type.BasicTypeRegistry - Adding type registration LocalTime -> org.hibernate.type.LocalTimeType@3fed2870
2024-11-04 15:08:15 DEBUG org.hibernate.type.BasicTypeRegistry - Adding type registration java.time.LocalTime -> org.hibernate.type.LocalTimeType@3fed2870
2024-11-04 15:08:15 DEBUG org.hibernate.type.BasicTypeRegistry - Adding type registration OffsetDateTime -> org.hibernate.type.OffsetDateTimeType@598bd2ba
2024-11-04 15:08:15 DEBUG org.hibernate.type.BasicTypeRegistry - Adding type registration java.time.OffsetDateTime -> org.hibernate.type.OffsetDateTimeType@598bd2ba
2024-11-04 15:08:15 DEBUG org.hibernate.type.BasicTypeRegistry - Adding type registration OffsetTime -> org.hibernate.type.OffsetTimeType@602e0143
2024-11-04 15:08:15 DEBUG org.hibernate.type.BasicTypeRegistry - Adding type registration java.time.OffsetTime -> org.hibernate.type.OffsetTimeType@602e0143
2024-11-04 15:08:15 DEBUG org.hibernate.type.BasicTypeRegistry - Adding type registration ZonedDateTime -> org.hibernate.type.ZonedDateTimeType@c94fd30
2024-11-04 15:08:15 DEBUG org.hibernate.type.BasicTypeRegistry - Adding type registration java.time.ZonedDateTime -> org.hibernate.type.ZonedDateTimeType@c94fd30
2024-11-04 15:08:15 DEBUG org.hibernate.type.BasicTypeRegistry - Adding type registration date -> org.hibernate.type.DateType@77102b91
2024-11-04 15:08:15 DEBUG org.hibernate.type.BasicTypeRegistry - Adding type registration java.sql.Date -> org.hibernate.type.DateType@77102b91
2024-11-04 15:08:15 DEBUG org.hibernate.type.BasicTypeRegistry - Adding type registration time -> org.hibernate.type.TimeType@2bd08376
2024-11-04 15:08:15 DEBUG org.hibernate.type.BasicTypeRegistry - Adding type registration java.sql.Time -> org.hibernate.type.TimeType@2bd08376
2024-11-04 15:08:15 DEBUG org.hibernate.type.BasicTypeRegistry - Adding type registration timestamp -> org.hibernate.type.TimestampType@528c868
2024-11-04 15:08:15 DEBUG org.hibernate.type.BasicTypeRegistry - Adding type registration java.sql.Timestamp -> org.hibernate.type.TimestampType@528c868
2024-11-04 15:08:15 DEBUG org.hibernate.type.BasicTypeRegistry - Adding type registration java.util.Date -> org.hibernate.type.TimestampType@528c868
2024-11-04 15:08:15 DEBUG org.hibernate.type.BasicTypeRegistry - Adding type registration dbtimestamp -> org.hibernate.type.DbTimestampType@64c63c79
2024-11-04 15:08:15 DEBUG org.hibernate.type.BasicTypeRegistry - Adding type registration calendar -> org.hibernate.type.CalendarType@6bffbc6d
2024-11-04 15:08:15 DEBUG org.hibernate.type.BasicTypeRegistry - Adding type registration java.util.Calendar -> org.hibernate.type.CalendarType@6bffbc6d
2024-11-04 15:08:15 DEBUG org.hibernate.type.BasicTypeRegistry - Adding type registration java.util.GregorianCalendar -> org.hibernate.type.CalendarType@6bffbc6d
2024-11-04 15:08:15 DEBUG org.hibernate.type.BasicTypeRegistry - Adding type registration calendar_date -> org.hibernate.type.CalendarDateType@39a2bb97
2024-11-04 15:08:15 DEBUG org.hibernate.type.BasicTypeRegistry - Adding type registration calendar_time -> org.hibernate.type.CalendarTimeType@5bf8fa12
2024-11-04 15:08:15 DEBUG org.hibernate.type.BasicTypeRegistry - Adding type registration locale -> org.hibernate.type.LocaleType@1a20270e
2024-11-04 15:08:15 DEBUG org.hibernate.type.BasicTypeRegistry - Adding type registration java.util.Locale -> org.hibernate.type.LocaleType@1a20270e
2024-11-04 15:08:15 DEBUG org.hibernate.type.BasicTypeRegistry - Adding type registration currency -> org.hibernate.type.CurrencyType@4b79ac84
2024-11-04 15:08:15 DEBUG org.hibernate.type.BasicTypeRegistry - Adding type registration java.util.Currency -> org.hibernate.type.CurrencyType@4b79ac84
2024-11-04 15:08:15 DEBUG org.hibernate.type.BasicTypeRegistry - Adding type registration timezone -> org.hibernate.type.TimeZoneType@2e6a5539
2024-11-04 15:08:15 DEBUG org.hibernate.type.BasicTypeRegistry - Adding type registration java.util.TimeZone -> org.hibernate.type.TimeZoneType@2e6a5539
2024-11-04 15:08:15 DEBUG org.hibernate.type.BasicTypeRegistry - Adding type registration class -> org.hibernate.type.ClassType@1c481ff2
2024-11-04 15:08:15 DEBUG org.hibernate.type.BasicTypeRegistry - Adding type registration java.lang.Class -> org.hibernate.type.ClassType@1c481ff2
2024-11-04 15:08:15 DEBUG org.hibernate.type.BasicTypeRegistry - Adding type registration uuid-binary -> org.hibernate.type.UUIDBinaryType@32a68f4f
2024-11-04 15:08:15 DEBUG org.hibernate.type.BasicTypeRegistry - Adding type registration java.util.UUID -> org.hibernate.type.UUIDBinaryType@32a68f4f
2024-11-04 15:08:15 DEBUG org.hibernate.type.BasicTypeRegistry - Adding type registration uuid-char -> org.hibernate.type.UUIDCharType@3a4621bd
2024-11-04 15:08:15 DEBUG org.hibernate.type.BasicTypeRegistry - Adding type registration binary -> org.hibernate.type.BinaryType@10cf09e8
2024-11-04 15:08:15 DEBUG org.hibernate.type.BasicTypeRegistry - Adding type registration byte[] -> org.hibernate.type.BinaryType@10cf09e8
2024-11-04 15:08:15 DEBUG org.hibernate.type.BasicTypeRegistry - Adding type registration [B -> org.hibernate.type.BinaryType@10cf09e8
2024-11-04 15:08:15 DEBUG org.hibernate.type.BasicTypeRegistry - Adding type registration wrapper-binary -> org.hibernate.type.WrapperBinaryType@6ed3f258
2024-11-04 15:08:15 DEBUG org.hibernate.type.BasicTypeRegistry - Adding type registration Byte[] -> org.hibernate.type.WrapperBinaryType@6ed3f258
2024-11-04 15:08:15 DEBUG org.hibernate.type.BasicTypeRegistry - Adding type registration [Ljava.lang.Byte; -> org.hibernate.type.WrapperBinaryType@6ed3f258
2024-11-04 15:08:15 DEBUG org.hibernate.type.BasicTypeRegistry - Adding type registration row_version -> org.hibernate.type.RowVersionType@42039326
2024-11-04 15:08:15 DEBUG org.hibernate.type.BasicTypeRegistry - Adding type registration image -> org.hibernate.type.ImageType@5443d039
2024-11-04 15:08:15 DEBUG org.hibernate.type.BasicTypeRegistry - Adding type registration characters -> org.hibernate.type.CharArrayType@39655d3e
2024-11-04 15:08:15 DEBUG org.hibernate.type.BasicTypeRegistry - Adding type registration char[] -> org.hibernate.type.CharArrayType@39655d3e
2024-11-04 15:08:15 DEBUG org.hibernate.type.BasicTypeRegistry - Adding type registration [C -> org.hibernate.type.CharArrayType@39655d3e
2024-11-04 15:08:15 DEBUG org.hibernate.type.BasicTypeRegistry - Adding type registration wrapper-characters -> org.hibernate.type.CharacterArrayType@1b7c473a
2024-11-04 15:08:15 DEBUG org.hibernate.type.BasicTypeRegistry - Adding type registration [Ljava.lang.Character; -> org.hibernate.type.CharacterArrayType@1b7c473a
2024-11-04 15:08:15 DEBUG org.hibernate.type.BasicTypeRegistry - Adding type registration Character[] -> org.hibernate.type.CharacterArrayType@1b7c473a
2024-11-04 15:08:15 DEBUG org.hibernate.type.BasicTypeRegistry - Adding type registration text -> org.hibernate.type.TextType@53de625d
2024-11-04 15:08:15 DEBUG org.hibernate.type.BasicTypeRegistry - Adding type registration ntext -> org.hibernate.type.NTextType@4ce1d6d0
2024-11-04 15:08:15 DEBUG org.hibernate.type.BasicTypeRegistry - Adding type registration blob -> org.hibernate.type.BlobType@6155d082
2024-11-04 15:08:15 DEBUG org.hibernate.type.BasicTypeRegistry - Adding type registration java.sql.Blob -> org.hibernate.type.BlobType@6155d082
2024-11-04 15:08:15 DEBUG org.hibernate.type.BasicTypeRegistry - Adding type registration materialized_blob -> org.hibernate.type.MaterializedBlobType@6138e79a
2024-11-04 15:08:15 DEBUG org.hibernate.type.BasicTypeRegistry - Adding type registration clob -> org.hibernate.type.ClobType@6f3c660a
2024-11-04 15:08:15 DEBUG org.hibernate.type.BasicTypeRegistry - Adding type registration java.sql.Clob -> org.hibernate.type.ClobType@6f3c660a
2024-11-04 15:08:15 DEBUG org.hibernate.type.BasicTypeRegistry - Adding type registration nclob -> org.hibernate.type.NClobType@6a55299e
2024-11-04 15:08:15 DEBUG org.hibernate.type.BasicTypeRegistry - Adding type registration java.sql.NClob -> org.hibernate.type.NClobType@6a55299e
2024-11-04 15:08:15 DEBUG org.hibernate.type.BasicTypeRegistry - Adding type registration materialized_clob -> org.hibernate.type.MaterializedClobType@3a0baae5
2024-11-04 15:08:15 DEBUG org.hibernate.type.BasicTypeRegistry - Adding type registration materialized_nclob -> org.hibernate.type.MaterializedNClobType@3da30852
2024-11-04 15:08:15 DEBUG org.hibernate.type.BasicTypeRegistry - Adding type registration serializable -> org.hibernate.type.SerializableType@5b1ebf56
2024-11-04 15:08:15 DEBUG org.hibernate.type.BasicTypeRegistry - Adding type registration object -> org.hibernate.type.ObjectType@6d1ef78d
2024-11-04 15:08:15 DEBUG org.hibernate.type.BasicTypeRegistry - Adding type registration java.lang.Object -> org.hibernate.type.ObjectType@6d1ef78d
2024-11-04 15:08:15 DEBUG org.hibernate.type.BasicTypeRegistry - Adding type registration imm_date -> org.hibernate.type.AdaptedImmutableType@6812c8cc
2024-11-04 15:08:15 DEBUG org.hibernate.type.BasicTypeRegistry - Adding type registration imm_time -> org.hibernate.type.AdaptedImmutableType@3457cc8d
2024-11-04 15:08:15 DEBUG org.hibernate.type.BasicTypeRegistry - Adding type registration imm_timestamp -> org.hibernate.type.AdaptedImmutableType@7a66c35a
2024-11-04 15:08:15 DEBUG org.hibernate.type.BasicTypeRegistry - Adding type registration imm_dbtimestamp -> org.hibernate.type.AdaptedImmutableType@7994a0d1
2024-11-04 15:08:15 DEBUG org.hibernate.type.BasicTypeRegistry - Adding type registration imm_calendar -> org.hibernate.type.AdaptedImmutableType@73e4387
2024-11-04 15:08:15 DEBUG org.hibernate.type.BasicTypeRegistry - Adding type registration imm_calendar_date -> org.hibernate.type.AdaptedImmutableType@d87d449
2024-11-04 15:08:15 DEBUG org.hibernate.type.BasicTypeRegistry - Adding type registration imm_binary -> org.hibernate.type.AdaptedImmutableType@4137aab0
2024-11-04 15:08:15 DEBUG org.hibernate.type.BasicTypeRegistry - Adding type registration imm_serializable -> org.hibernate.type.AdaptedImmutableType@1df9186f
2024-11-04 15:08:15 DEBUG o.h.b.internal.BootstrapContextImpl - Injecting JPA temp ClassLoader [org.springframework.instrument.classloading.SimpleThrowawayClassLoader@686cf8ad] into BootstrapContext; was [null]
2024-11-04 15:08:15 DEBUG o.h.b.internal.ClassLoaderAccessImpl - ClassLoaderAccessImpl#injectTempClassLoader(org.springframework.instrument.classloading.SimpleThrowawayClassLoader@686cf8ad) [was null]
2024-11-04 15:08:15 DEBUG o.h.b.internal.BootstrapContextImpl - Injecting ScanEnvironment [org.hibernate.jpa.boot.internal.StandardJpaScanEnvironmentImpl@747f6c5a] into BootstrapContext; was [null]
2024-11-04 15:08:15 DEBUG o.h.b.internal.BootstrapContextImpl - Injecting ScanOptions [org.hibernate.boot.archive.scan.internal.StandardScanOptions@66e341e9] into BootstrapContext; was [org.hibernate.boot.archive.scan.internal.StandardScanOptions@5b48f0f4]
2024-11-04 15:08:15 DEBUG o.h.b.internal.BootstrapContextImpl - Injecting JPA temp ClassLoader [null] into BootstrapContext; was [org.springframework.instrument.classloading.SimpleThrowawayClassLoader@686cf8ad]
2024-11-04 15:08:15 DEBUG o.h.b.internal.ClassLoaderAccessImpl - ClassLoaderAccessImpl#injectTempClassLoader(null) [was org.springframework.instrument.classloading.SimpleThrowawayClassLoader@686cf8ad]
2024-11-04 15:08:15 DEBUG o.h.i.f.i.DefaultIdentifierGeneratorFactory - Registering IdentifierGenerator strategy [uuid2] -> [org.hibernate.id.UUIDGenerator]
2024-11-04 15:08:15 DEBUG o.h.i.f.i.DefaultIdentifierGeneratorFactory - Registering IdentifierGenerator strategy [guid] -> [org.hibernate.id.GUIDGenerator]
2024-11-04 15:08:15 DEBUG o.h.i.f.i.DefaultIdentifierGeneratorFactory - Registering IdentifierGenerator strategy [uuid] -> [org.hibernate.id.UUIDHexGenerator]
2024-11-04 15:08:15 DEBUG o.h.i.f.i.DefaultIdentifierGeneratorFactory - Registering IdentifierGenerator strategy [uuid.hex] -> [org.hibernate.id.UUIDHexGenerator]
2024-11-04 15:08:15 DEBUG o.h.i.f.i.DefaultIdentifierGeneratorFactory - Registering IdentifierGenerator strategy [assigned] -> [org.hibernate.id.Assigned]
2024-11-04 15:08:15 DEBUG o.h.i.f.i.DefaultIdentifierGeneratorFactory - Registering IdentifierGenerator strategy [identity] -> [org.hibernate.id.IdentityGenerator]
2024-11-04 15:08:15 DEBUG o.h.i.f.i.DefaultIdentifierGeneratorFactory - Registering IdentifierGenerator strategy [select] -> [org.hibernate.id.SelectGenerator]
2024-11-04 15:08:15 DEBUG o.h.i.f.i.DefaultIdentifierGeneratorFactory - Registering IdentifierGenerator strategy [sequence] -> [org.hibernate.id.enhanced.SequenceStyleGenerator]
2024-11-04 15:08:15 DEBUG o.h.i.f.i.DefaultIdentifierGeneratorFactory - Registering IdentifierGenerator strategy [seqhilo] -> [org.hibernate.id.SequenceHiLoGenerator]
2024-11-04 15:08:15 DEBUG o.h.i.f.i.DefaultIdentifierGeneratorFactory - Registering IdentifierGenerator strategy [increment] -> [org.hibernate.id.IncrementGenerator]
2024-11-04 15:08:15 DEBUG o.h.i.f.i.DefaultIdentifierGeneratorFactory - Registering IdentifierGenerator strategy [foreign] -> [org.hibernate.id.ForeignGenerator]
2024-11-04 15:08:15 DEBUG o.h.i.f.i.DefaultIdentifierGeneratorFactory - Registering IdentifierGenerator strategy [sequence-identity] -> [org.hibernate.id.SequenceIdentityGenerator]
2024-11-04 15:08:15 DEBUG o.h.i.f.i.DefaultIdentifierGeneratorFactory - Registering IdentifierGenerator strategy [enhanced-sequence] -> [org.hibernate.id.enhanced.SequenceStyleGenerator]
2024-11-04 15:08:15 DEBUG o.h.i.f.i.DefaultIdentifierGeneratorFactory - Registering IdentifierGenerator strategy [enhanced-table] -> [org.hibernate.id.enhanced.TableGenerator]
2024-11-04 15:08:15 WARN  o.hibernate.orm.connections.pooling - HHH10001002: Using Hibernate built-in connection pool (not for production use!)
2024-11-04 15:08:15 INFO  o.hibernate.orm.connections.pooling - HHH10001005: using driver [org.postgresql.Driver] at URL [jdbc:postgresql://localhost:5432/gym]
2024-11-04 15:08:15 INFO  o.hibernate.orm.connections.pooling - HHH10001001: Connection properties: {password=1, user=postgres}
2024-11-04 15:08:15 INFO  o.hibernate.orm.connections.pooling - HHH10001003: Autocommit mode: false
2024-11-04 15:08:15 DEBUG o.h.e.j.c.i.DriverManagerConnectionProviderImpl - Initializing Connection pool with 1 Connections
2024-11-04 15:08:15 INFO  o.h.e.j.c.i.DriverManagerConnectionProviderImpl - HHH000115: Hibernate connection pool size: 20 (min=1)
2024-11-04 15:08:15 DEBUG o.h.e.j.e.i.JdbcEnvironmentInitiator - Database ->
       name : PostgreSQL
    version : 10.23
      major : 10
      minor : 23
2024-11-04 15:08:15 DEBUG o.h.e.j.e.i.JdbcEnvironmentInitiator - Driver ->
       name : PostgreSQL JDBC Driver
    version : 42.3.1
      major : 42
      minor : 3
2024-11-04 15:08:15 DEBUG o.h.e.j.e.i.JdbcEnvironmentInitiator - JDBC version : 4.2
2024-11-04 15:08:15 INFO  org.hibernate.dialect.Dialect - HHH000400: Using dialect: org.hibernate.dialect.PostgreSQL10Dialect
2024-11-04 15:08:15 DEBUG o.h.e.j.e.s.IdentifierHelperBuilder - JDBC driver metadata reported database stores quoted identifiers in neither upper, lower nor mixed case
2024-11-04 15:08:15 DEBUG org.hibernate.type.BasicTypeRegistry - Adding type registration pg-uuid -> org.hibernate.type.PostgresUUIDType@23c388c2
2024-11-04 15:08:15 DEBUG org.hibernate.type.BasicTypeRegistry - Adding type registration java.util.UUID -> org.hibernate.type.PostgresUUIDType@23c388c2
2024-11-04 15:08:15 DEBUG org.hibernate.type.BasicTypeRegistry - HHH000270: Type registration [java.util.UUID] overrides previous : org.hibernate.type.UUIDBinaryType@32a68f4f
2024-11-04 15:08:15 DEBUG o.h.type.spi.TypeConfiguration$Scope - Scoping TypeConfiguration [org.hibernate.type.spi.TypeConfiguration@458031da] to MetadataBuildingContext [org.hibernate.boot.internal.MetadataBuildingContextRootImpl@7be94cd6]
2024-11-04 15:08:15 DEBUG o.h.boot.model.relational.Namespace - Created database namespace [logicalName=Name{catalog=null, schema=null}, physicalName=Name{catalog=null, schema=null}]
2024-11-04 15:08:15 DEBUG org.hibernate.cfg.AnnotationBinder - Binding entity from annotated class: org.example.gym.entity.Training
2024-11-04 15:08:15 DEBUG org.hibernate.cfg.Ejb3Column - Binding column: Ejb3DiscriminatorColumn{logicalColumnName'DTYPE', discriminatorTypeName='string'}
2024-11-04 15:08:15 DEBUG o.h.cfg.annotations.EntityBinder - Import with entity name Training
2024-11-04 15:08:15 DEBUG o.h.cfg.annotations.EntityBinder - Bind entity org.example.gym.entity.Training on table Training
2024-11-04 15:08:15 DEBUG org.hibernate.cfg.Ejb3Column - Binding column: Ejb3Column{table=org.hibernate.mapping.Table(Training), mappingColumn=trainingId, insertable=true, updatable=true, unique=false}
2024-11-04 15:08:15 DEBUG o.h.b.internal.ClassLoaderAccessImpl - Not known whether passed class name [org.example.gym.entity.Training] is safe
2024-11-04 15:08:15 DEBUG o.h.b.internal.ClassLoaderAccessImpl - No temp ClassLoader provided; using live ClassLoader for loading potentially unsafe class : org.example.gym.entity.Training
2024-11-04 15:08:15 DEBUG o.h.cfg.annotations.PropertyBinder - MetadataSourceProcessor property trainingId with lazy=false
2024-11-04 15:08:15 DEBUG o.h.cfg.AbstractPropertyHolder - Attempting to locate auto-apply AttributeConverter for property [org.example.gym.entity.Training:trainingId]
2024-11-04 15:08:15 DEBUG o.h.c.annotations.SimpleValueBinder - building SimpleValue for trainingId
2024-11-04 15:08:15 DEBUG o.h.cfg.annotations.PropertyBinder - Building property trainingId
2024-11-04 15:08:15 DEBUG org.hibernate.cfg.BinderHelper - #makeIdGenerator(org.hibernate.mapping.SimpleValue([org.hibernate.mapping.Column(trainingId)]), trainingId, identity, , ...)
2024-11-04 15:08:15 DEBUG org.hibernate.cfg.Ejb3Column - Binding column: Ejb3JoinColumn{logicalColumnName='trainee_id', referencedColumn='traineeid', mappedBy=''}
2024-11-04 15:08:15 DEBUG org.hibernate.cfg.Ejb3Column - Binding column: Ejb3Column{table=org.hibernate.mapping.Table(Training), mappingColumn=trainee, insertable=true, updatable=true, unique=false}
2024-11-04 15:08:15 DEBUG o.h.cfg.annotations.PropertyBinder - Building property trainee
2024-11-04 15:08:15 DEBUG org.hibernate.cfg.Ejb3Column - Binding column: Ejb3JoinColumn{logicalColumnName='trainer_id', referencedColumn='trainerid', mappedBy=''}
2024-11-04 15:08:15 DEBUG org.hibernate.cfg.Ejb3Column - Binding column: Ejb3Column{table=org.hibernate.mapping.Table(Training), mappingColumn=trainer, insertable=true, updatable=true, unique=false}
2024-11-04 15:08:15 DEBUG o.h.cfg.annotations.PropertyBinder - Building property trainer
2024-11-04 15:08:15 DEBUG org.hibernate.cfg.Ejb3Column - Binding column: Ejb3Column{table=org.hibernate.mapping.Table(Training), mappingColumn=trainingDate, insertable=true, updatable=true, unique=false}
2024-11-04 15:08:15 DEBUG o.h.cfg.annotations.PropertyBinder - MetadataSourceProcessor property trainingDate with lazy=false
2024-11-04 15:08:15 DEBUG o.h.cfg.AbstractPropertyHolder - Attempting to locate auto-apply AttributeConverter for property [org.example.gym.entity.Training:trainingDate]
2024-11-04 15:08:15 DEBUG o.h.c.annotations.SimpleValueBinder - building SimpleValue for trainingDate
2024-11-04 15:08:15 DEBUG o.h.cfg.annotations.PropertyBinder - Building property trainingDate
2024-11-04 15:08:15 DEBUG org.hibernate.cfg.Ejb3Column - Binding column: Ejb3Column{table=org.hibernate.mapping.Table(Training), mappingColumn=trainingDuration, insertable=true, updatable=true, unique=false}
2024-11-04 15:08:15 DEBUG o.h.cfg.annotations.PropertyBinder - MetadataSourceProcessor property trainingDuration with lazy=false
2024-11-04 15:08:15 DEBUG o.h.c.annotations.SimpleValueBinder - Starting applyAttributeConverter [org.example.gym.entity.Training:trainingDuration]
2024-11-04 15:08:15 DEBUG o.h.c.annotations.SimpleValueBinder - building SimpleValue for trainingDuration
2024-11-04 15:08:15 DEBUG o.h.cfg.annotations.PropertyBinder - Building property trainingDuration
2024-11-04 15:08:15 DEBUG org.hibernate.cfg.Ejb3Column - Binding column: Ejb3Column{table=org.hibernate.mapping.Table(Training), mappingColumn=trainingName, insertable=true, updatable=true, unique=false}
2024-11-04 15:08:15 DEBUG o.h.cfg.annotations.PropertyBinder - MetadataSourceProcessor property trainingName with lazy=false
2024-11-04 15:08:15 DEBUG o.h.cfg.AbstractPropertyHolder - Attempting to locate auto-apply AttributeConverter for property [org.example.gym.entity.Training:trainingName]
2024-11-04 15:08:15 DEBUG o.h.c.annotations.SimpleValueBinder - building SimpleValue for trainingName
2024-11-04 15:08:15 DEBUG o.h.cfg.annotations.PropertyBinder - Building property trainingName
2024-11-04 15:08:15 DEBUG org.hibernate.cfg.Ejb3Column - Binding column: Ejb3JoinColumn{logicalColumnName='trainingType_id', referencedColumn='id', mappedBy=''}
2024-11-04 15:08:15 DEBUG org.hibernate.cfg.Ejb3Column - Binding column: Ejb3Column{table=org.hibernate.mapping.Table(Training), mappingColumn=trainingType, insertable=true, updatable=true, unique=false}
2024-11-04 15:08:15 DEBUG o.h.cfg.annotations.PropertyBinder - Building property trainingType
2024-11-04 15:08:15 DEBUG org.hibernate.cfg.AnnotationBinder - Binding entity from annotated class: org.example.gym.entity.Trainee
2024-11-04 15:08:15 DEBUG org.hibernate.cfg.Ejb3Column - Binding column: Ejb3DiscriminatorColumn{logicalColumnName'DTYPE', discriminatorTypeName='string'}
2024-11-04 15:08:15 DEBUG o.h.cfg.annotations.EntityBinder - Import with entity name Trainee
2024-11-04 15:08:15 DEBUG o.h.cfg.annotations.EntityBinder - Bind entity org.example.gym.entity.Trainee on table Trainee
2024-11-04 15:08:15 DEBUG org.hibernate.cfg.Ejb3Column - Binding column: Ejb3Column{table=org.hibernate.mapping.Table(Trainee), mappingColumn=traineeId, insertable=true, updatable=true, unique=false}
2024-11-04 15:08:15 DEBUG o.h.b.internal.ClassLoaderAccessImpl - Not known whether passed class name [org.example.gym.entity.Trainee] is safe
2024-11-04 15:08:15 DEBUG o.h.b.internal.ClassLoaderAccessImpl - No temp ClassLoader provided; using live ClassLoader for loading potentially unsafe class : org.example.gym.entity.Trainee
2024-11-04 15:08:15 DEBUG o.h.cfg.annotations.PropertyBinder - MetadataSourceProcessor property traineeId with lazy=false
2024-11-04 15:08:15 DEBUG o.h.cfg.AbstractPropertyHolder - Attempting to locate auto-apply AttributeConverter for property [org.example.gym.entity.Trainee:traineeId]
2024-11-04 15:08:15 DEBUG o.h.c.annotations.SimpleValueBinder - building SimpleValue for traineeId
2024-11-04 15:08:15 DEBUG o.h.cfg.annotations.PropertyBinder - Building property traineeId
2024-11-04 15:08:15 DEBUG org.hibernate.cfg.BinderHelper - #makeIdGenerator(org.hibernate.mapping.SimpleValue([org.hibernate.mapping.Column(traineeId)]), traineeId, identity, , ...)
2024-11-04 15:08:15 DEBUG org.hibernate.cfg.Ejb3Column - Binding column: Ejb3Column{table=org.hibernate.mapping.Table(Trainee), mappingColumn=address, insertable=true, updatable=true, unique=false}
2024-11-04 15:08:15 DEBUG o.h.cfg.annotations.PropertyBinder - MetadataSourceProcessor property address with lazy=false
2024-11-04 15:08:15 DEBUG o.h.cfg.AbstractPropertyHolder - Attempting to locate auto-apply AttributeConverter for property [org.example.gym.entity.Trainee:address]
2024-11-04 15:08:15 DEBUG o.h.c.annotations.SimpleValueBinder - building SimpleValue for address
2024-11-04 15:08:15 DEBUG o.h.cfg.annotations.PropertyBinder - Building property address
2024-11-04 15:08:15 DEBUG org.hibernate.cfg.Ejb3Column - Binding column: Ejb3Column{table=org.hibernate.mapping.Table(Trainee), mappingColumn=dateOfBirth, insertable=true, updatable=true, unique=false}
2024-11-04 15:08:15 DEBUG o.h.cfg.annotations.PropertyBinder - MetadataSourceProcessor property dateOfBirth with lazy=false
2024-11-04 15:08:15 DEBUG o.h.cfg.AbstractPropertyHolder - Attempting to locate auto-apply AttributeConverter for property [org.example.gym.entity.Trainee:dateOfBirth]
2024-11-04 15:08:15 DEBUG o.h.c.annotations.SimpleValueBinder - building SimpleValue for dateOfBirth
2024-11-04 15:08:15 DEBUG o.h.cfg.annotations.PropertyBinder - Building property dateOfBirth
2024-11-04 15:08:15 DEBUG org.hibernate.cfg.Ejb3Column - Binding column: Ejb3Column{table=org.hibernate.mapping.Table(Trainee), mappingColumn=null, insertable=true, updatable=true, unique=false}
2024-11-04 15:08:15 DEBUG org.hibernate.cfg.Ejb3Column - Binding column: Ejb3Column{table=org.hibernate.mapping.Table(Trainee), mappingColumn=element, insertable=true, updatable=true, unique=false}
2024-11-04 15:08:15 DEBUG org.hibernate.cfg.Ejb3Column - Binding column: Ejb3Column{table=org.hibernate.mapping.Table(Trainee), mappingColumn=trainers_KEY, insertable=true, updatable=true, unique=false}
2024-11-04 15:08:15 DEBUG org.hibernate.cfg.Ejb3Column - Binding column: Ejb3JoinColumn{logicalColumnName='trainers_KEY', referencedColumn='null', mappedBy='null'}
2024-11-04 15:08:15 DEBUG org.hibernate.cfg.Ejb3Column - Binding column: Ejb3JoinColumn{logicalColumnName='trainee_id', referencedColumn='', mappedBy=''}
2024-11-04 15:08:15 DEBUG org.hibernate.cfg.Ejb3Column - Binding column: Ejb3JoinColumn{logicalColumnName='trainer_id', referencedColumn='', mappedBy=''}
2024-11-04 15:08:15 DEBUG o.h.cfg.annotations.CollectionBinder - Collection role: org.example.gym.entity.Trainee.trainers
2024-11-04 15:08:15 DEBUG o.h.cfg.annotations.PropertyBinder - Building property trainers
2024-11-04 15:08:15 DEBUG org.hibernate.cfg.Ejb3Column - Binding column: Ejb3JoinColumn{logicalColumnName='null', referencedColumn='null', mappedBy='trainee'}
2024-11-04 15:08:15 DEBUG org.hibernate.cfg.Ejb3Column - Binding column: Ejb3Column{table=org.hibernate.mapping.Table(Trainee), mappingColumn=trainings, insertable=true, updatable=true, unique=false}
2024-11-04 15:08:15 DEBUG org.hibernate.cfg.Ejb3Column - Binding column: Ejb3Column{table=org.hibernate.mapping.Table(Trainee), mappingColumn=null, insertable=true, updatable=true, unique=false}
2024-11-04 15:08:15 DEBUG org.hibernate.cfg.Ejb3Column - Binding column: Ejb3Column{table=org.hibernate.mapping.Table(Trainee), mappingColumn=element, insertable=true, updatable=true, unique=false}
2024-11-04 15:08:15 DEBUG org.hibernate.cfg.Ejb3Column - Binding column: Ejb3Column{table=org.hibernate.mapping.Table(Trainee), mappingColumn=trainings_KEY, insertable=true, updatable=true, unique=false}
2024-11-04 15:08:15 DEBUG org.hibernate.cfg.Ejb3Column - Binding column: Ejb3JoinColumn{logicalColumnName='trainings_KEY', referencedColumn='null', mappedBy='null'}
2024-11-04 15:08:15 DEBUG org.hibernate.cfg.Ejb3Column - Binding column: Ejb3JoinColumn{logicalColumnName='null', referencedColumn='null', mappedBy='trainee'}
2024-11-04 15:08:15 DEBUG org.hibernate.cfg.Ejb3Column - Binding column: Ejb3JoinColumn{logicalColumnName='null', referencedColumn='null', mappedBy='trainee'}
2024-11-04 15:08:15 DEBUG o.h.cfg.annotations.CollectionBinder - Collection role: org.example.gym.entity.Trainee.trainings
2024-11-04 15:08:15 DEBUG o.h.cfg.annotations.PropertyBinder - Building property trainings
2024-11-04 15:08:15 DEBUG org.hibernate.cfg.Ejb3Column - Binding column: Ejb3JoinColumn{logicalColumnName='user_id', referencedColumn='id', mappedBy=''}
2024-11-04 15:08:15 DEBUG org.hibernate.cfg.Ejb3Column - Binding column: Ejb3Column{table=org.hibernate.mapping.Table(Trainee), mappingColumn=user, insertable=true, updatable=true, unique=false}
2024-11-04 15:08:15 DEBUG o.h.cfg.annotations.PropertyBinder - Building property user
2024-11-04 15:08:15 DEBUG org.hibernate.cfg.AnnotationBinder - Binding entity from annotated class: org.example.gym.entity.User
2024-11-04 15:08:15 DEBUG org.hibernate.cfg.AnnotationBinder - Ignoring implicit (absent) DiscriminatorColumn
2024-11-04 15:08:15 DEBUG o.h.cfg.annotations.EntityBinder - Import with entity name User
2024-11-04 15:08:15 DEBUG o.h.cfg.annotations.EntityBinder - Bind entity org.example.gym.entity.User on table user
2024-11-04 15:08:15 DEBUG org.hibernate.cfg.Ejb3Column - Binding column: Ejb3Column{table=org.hibernate.mapping.Table(user), mappingColumn=id, insertable=true, updatable=true, unique=false}
2024-11-04 15:08:15 DEBUG o.h.b.internal.ClassLoaderAccessImpl - Not known whether passed class name [org.example.gym.entity.User] is safe
2024-11-04 15:08:15 DEBUG o.h.b.internal.ClassLoaderAccessImpl - No temp ClassLoader provided; using live ClassLoader for loading potentially unsafe class : org.example.gym.entity.User
2024-11-04 15:08:15 DEBUG o.h.cfg.annotations.PropertyBinder - MetadataSourceProcessor property id with lazy=false
2024-11-04 15:08:15 DEBUG o.h.cfg.AbstractPropertyHolder - Attempting to locate auto-apply AttributeConverter for property [org.example.gym.entity.User:id]
2024-11-04 15:08:15 DEBUG o.h.c.annotations.SimpleValueBinder - building SimpleValue for id
2024-11-04 15:08:15 DEBUG o.h.cfg.annotations.PropertyBinder - Building property id
2024-11-04 15:08:15 DEBUG org.hibernate.cfg.BinderHelper - #makeIdGenerator(org.hibernate.mapping.SimpleValue([org.hibernate.mapping.Column(id)]), id, identity, , ...)
2024-11-04 15:08:15 DEBUG org.hibernate.cfg.Ejb3Column - Binding column: Ejb3Column{table=org.hibernate.mapping.Table(user), mappingColumn=isActive, insertable=true, updatable=true, unique=false}
2024-11-04 15:08:15 DEBUG o.h.cfg.annotations.PropertyBinder - MetadataSourceProcessor property active with lazy=false
2024-11-04 15:08:15 DEBUG o.h.cfg.AbstractPropertyHolder - Attempting to locate auto-apply AttributeConverter for property [org.example.gym.entity.User:active]
2024-11-04 15:08:15 DEBUG o.h.c.annotations.SimpleValueBinder - building SimpleValue for active
2024-11-04 15:08:15 DEBUG o.h.cfg.annotations.PropertyBinder - Building property active
2024-11-04 15:08:15 DEBUG org.hibernate.cfg.Ejb3Column - Binding column: Ejb3Column{table=org.hibernate.mapping.Table(user), mappingColumn=firstName, insertable=true, updatable=true, unique=false}
2024-11-04 15:08:15 DEBUG o.h.cfg.annotations.PropertyBinder - MetadataSourceProcessor property firstName with lazy=false
2024-11-04 15:08:15 DEBUG o.h.cfg.AbstractPropertyHolder - Attempting to locate auto-apply AttributeConverter for property [org.example.gym.entity.User:firstName]
2024-11-04 15:08:15 DEBUG o.h.c.annotations.SimpleValueBinder - building SimpleValue for firstName
2024-11-04 15:08:15 DEBUG o.h.cfg.annotations.PropertyBinder - Building property firstName
2024-11-04 15:08:15 DEBUG org.hibernate.cfg.Ejb3Column - Binding column: Ejb3Column{table=org.hibernate.mapping.Table(user), mappingColumn=lastName, insertable=true, updatable=true, unique=false}
2024-11-04 15:08:15 DEBUG o.h.cfg.annotations.PropertyBinder - MetadataSourceProcessor property lastName with lazy=false
2024-11-04 15:08:15 DEBUG o.h.cfg.AbstractPropertyHolder - Attempting to locate auto-apply AttributeConverter for property [org.example.gym.entity.User:lastName]
2024-11-04 15:08:15 DEBUG o.h.c.annotations.SimpleValueBinder - building SimpleValue for lastName
2024-11-04 15:08:15 DEBUG o.h.cfg.annotations.PropertyBinder - Building property lastName
2024-11-04 15:08:15 DEBUG org.hibernate.cfg.Ejb3Column - Binding column: Ejb3Column{table=org.hibernate.mapping.Table(user), mappingColumn=password, insertable=true, updatable=true, unique=false}
2024-11-04 15:08:15 DEBUG o.h.cfg.annotations.PropertyBinder - MetadataSourceProcessor property password with lazy=false
2024-11-04 15:08:15 DEBUG o.h.cfg.AbstractPropertyHolder - Attempting to locate auto-apply AttributeConverter for property [org.example.gym.entity.User:password]
2024-11-04 15:08:15 DEBUG o.h.c.annotations.SimpleValueBinder - building SimpleValue for password
2024-11-04 15:08:15 DEBUG o.h.cfg.annotations.PropertyBinder - Building property password
2024-11-04 15:08:15 DEBUG org.hibernate.cfg.Ejb3Column - Binding column: Ejb3Column{table=org.hibernate.mapping.Table(user), mappingColumn=username, insertable=true, updatable=true, unique=false}
2024-11-04 15:08:15 DEBUG o.h.cfg.annotations.PropertyBinder - MetadataSourceProcessor property username with lazy=false
2024-11-04 15:08:15 DEBUG o.h.cfg.AbstractPropertyHolder - Attempting to locate auto-apply AttributeConverter for property [org.example.gym.entity.User:username]
2024-11-04 15:08:15 DEBUG o.h.c.annotations.SimpleValueBinder - building SimpleValue for username
2024-11-04 15:08:15 DEBUG o.h.cfg.annotations.PropertyBinder - Building property username
2024-11-04 15:08:15 DEBUG org.hibernate.cfg.AnnotationBinder - Binding entity from annotated class: org.example.gym.entity.TrainingType
2024-11-04 15:08:15 DEBUG org.hibernate.cfg.Ejb3Column - Binding column: Ejb3DiscriminatorColumn{logicalColumnName'DTYPE', discriminatorTypeName='string'}
2024-11-04 15:08:15 DEBUG o.h.cfg.annotations.EntityBinder - Import with entity name TrainingType
2024-11-04 15:08:15 DEBUG o.h.cfg.annotations.EntityBinder - Bind entity org.example.gym.entity.TrainingType on table TrainingType
2024-11-04 15:08:15 DEBUG org.hibernate.cfg.Ejb3Column - Binding column: Ejb3Column{table=org.hibernate.mapping.Table(TrainingType), mappingColumn=id, insertable=true, updatable=true, unique=false}
2024-11-04 15:08:15 DEBUG o.h.b.internal.ClassLoaderAccessImpl - Not known whether passed class name [org.example.gym.entity.TrainingType] is safe
2024-11-04 15:08:15 DEBUG o.h.b.internal.ClassLoaderAccessImpl - No temp ClassLoader provided; using live ClassLoader for loading potentially unsafe class : org.example.gym.entity.TrainingType
2024-11-04 15:08:15 DEBUG o.h.cfg.annotations.PropertyBinder - MetadataSourceProcessor property id with lazy=false
2024-11-04 15:08:15 DEBUG o.h.cfg.AbstractPropertyHolder - Attempting to locate auto-apply AttributeConverter for property [org.example.gym.entity.TrainingType:id]
2024-11-04 15:08:15 DEBUG o.h.c.annotations.SimpleValueBinder - building SimpleValue for id
2024-11-04 15:08:15 DEBUG o.h.cfg.annotations.PropertyBinder - Building property id
2024-11-04 15:08:15 DEBUG org.hibernate.cfg.BinderHelper - #makeIdGenerator(org.hibernate.mapping.SimpleValue([org.hibernate.mapping.Column(id)]), id, identity, , ...)
2024-11-04 15:08:15 DEBUG org.hibernate.cfg.Ejb3Column - Binding column: Ejb3Column{table=org.hibernate.mapping.Table(TrainingType), mappingColumn=trainingType, insertable=true, updatable=true, unique=true}
2024-11-04 15:08:15 DEBUG o.h.cfg.annotations.PropertyBinder - MetadataSourceProcessor property trainingType with lazy=false
2024-11-04 15:08:15 DEBUG o.h.cfg.AbstractPropertyHolder - Attempting to locate auto-apply AttributeConverter for property [org.example.gym.entity.TrainingType:trainingType]
2024-11-04 15:08:15 DEBUG o.h.c.annotations.SimpleValueBinder - building SimpleValue for trainingType
2024-11-04 15:08:15 DEBUG o.h.cfg.annotations.PropertyBinder - Building property trainingType
2024-11-04 15:08:15 DEBUG org.hibernate.cfg.AnnotationBinder - Binding entity from annotated class: org.example.gym.entity.Trainer
2024-11-04 15:08:15 DEBUG org.hibernate.cfg.Ejb3Column - Binding column: Ejb3DiscriminatorColumn{logicalColumnName'DTYPE', discriminatorTypeName='string'}
2024-11-04 15:08:15 DEBUG o.h.cfg.annotations.EntityBinder - Import with entity name Trainer
2024-11-04 15:08:15 DEBUG o.h.cfg.annotations.EntityBinder - Bind entity org.example.gym.entity.Trainer on table Trainer
2024-11-04 15:08:15 DEBUG org.hibernate.cfg.Ejb3Column - Binding column: Ejb3Column{table=org.hibernate.mapping.Table(Trainer), mappingColumn=trainerId, insertable=true, updatable=true, unique=false}
2024-11-04 15:08:15 DEBUG o.h.b.internal.ClassLoaderAccessImpl - Not known whether passed class name [org.example.gym.entity.Trainer] is safe
2024-11-04 15:08:15 DEBUG o.h.b.internal.ClassLoaderAccessImpl - No temp ClassLoader provided; using live ClassLoader for loading potentially unsafe class : org.example.gym.entity.Trainer
2024-11-04 15:08:15 DEBUG o.h.cfg.annotations.PropertyBinder - MetadataSourceProcessor property trainerId with lazy=false
2024-11-04 15:08:15 DEBUG o.h.cfg.AbstractPropertyHolder - Attempting to locate auto-apply AttributeConverter for property [org.example.gym.entity.Trainer:trainerId]
2024-11-04 15:08:15 DEBUG o.h.c.annotations.SimpleValueBinder - building SimpleValue for trainerId
2024-11-04 15:08:15 DEBUG o.h.cfg.annotations.PropertyBinder - Building property trainerId
2024-11-04 15:08:15 DEBUG org.hibernate.cfg.BinderHelper - #makeIdGenerator(org.hibernate.mapping.SimpleValue([org.hibernate.mapping.Column(trainerId)]), trainerId, identity, , ...)
2024-11-04 15:08:15 DEBUG org.hibernate.cfg.Ejb3Column - Binding column: Ejb3JoinColumn{logicalColumnName='specialization_id', referencedColumn='id', mappedBy=''}
2024-11-04 15:08:15 DEBUG org.hibernate.cfg.Ejb3Column - Binding column: Ejb3Column{table=org.hibernate.mapping.Table(Trainer), mappingColumn=specialization, insertable=true, updatable=true, unique=false}
2024-11-04 15:08:15 DEBUG o.h.cfg.annotations.PropertyBinder - Building property specialization
2024-11-04 15:08:15 DEBUG org.hibernate.cfg.Ejb3Column - Binding column: Ejb3Column{table=org.hibernate.mapping.Table(Trainer), mappingColumn=null, insertable=true, updatable=true, unique=false}
2024-11-04 15:08:15 DEBUG org.hibernate.cfg.Ejb3Column - Binding column: Ejb3Column{table=org.hibernate.mapping.Table(Trainer), mappingColumn=element, insertable=true, updatable=true, unique=false}
2024-11-04 15:08:15 DEBUG org.hibernate.cfg.Ejb3Column - Binding column: Ejb3Column{table=org.hibernate.mapping.Table(Trainer), mappingColumn=trainees_KEY, insertable=true, updatable=true, unique=false}
2024-11-04 15:08:15 DEBUG org.hibernate.cfg.Ejb3Column - Binding column: Ejb3JoinColumn{logicalColumnName='trainees_KEY', referencedColumn='null', mappedBy='null'}
2024-11-04 15:08:15 DEBUG org.hibernate.cfg.Ejb3Column - Binding column: Ejb3JoinColumn{logicalColumnName='null', referencedColumn='null', mappedBy='trainers'}
2024-11-04 15:08:15 DEBUG org.hibernate.cfg.Ejb3Column - Binding column: Ejb3JoinColumn{logicalColumnName='null', referencedColumn='null', mappedBy='trainers'}
2024-11-04 15:08:15 DEBUG o.h.cfg.annotations.CollectionBinder - Collection role: org.example.gym.entity.Trainer.trainees
2024-11-04 15:08:15 DEBUG o.h.cfg.annotations.PropertyBinder - Building property trainees
2024-11-04 15:08:15 DEBUG org.hibernate.cfg.Ejb3Column - Binding column: Ejb3JoinColumn{logicalColumnName='null', referencedColumn='null', mappedBy='trainer'}
2024-11-04 15:08:15 DEBUG org.hibernate.cfg.Ejb3Column - Binding column: Ejb3Column{table=org.hibernate.mapping.Table(Trainer), mappingColumn=trainings, insertable=true, updatable=true, unique=false}
2024-11-04 15:08:15 DEBUG org.hibernate.cfg.Ejb3Column - Binding column: Ejb3Column{table=org.hibernate.mapping.Table(Trainer), mappingColumn=null, insertable=true, updatable=true, unique=false}
2024-11-04 15:08:15 DEBUG org.hibernate.cfg.Ejb3Column - Binding column: Ejb3Column{table=org.hibernate.mapping.Table(Trainer), mappingColumn=element, insertable=true, updatable=true, unique=false}
2024-11-04 15:08:15 DEBUG org.hibernate.cfg.Ejb3Column - Binding column: Ejb3Column{table=org.hibernate.mapping.Table(Trainer), mappingColumn=trainings_KEY, insertable=true, updatable=true, unique=false}
2024-11-04 15:08:15 DEBUG org.hibernate.cfg.Ejb3Column - Binding column: Ejb3JoinColumn{logicalColumnName='trainings_KEY', referencedColumn='null', mappedBy='null'}
2024-11-04 15:08:15 DEBUG org.hibernate.cfg.Ejb3Column - Binding column: Ejb3JoinColumn{logicalColumnName='null', referencedColumn='null', mappedBy='trainer'}
2024-11-04 15:08:15 DEBUG org.hibernate.cfg.Ejb3Column - Binding column: Ejb3JoinColumn{logicalColumnName='null', referencedColumn='null', mappedBy='trainer'}
2024-11-04 15:08:15 DEBUG o.h.cfg.annotations.CollectionBinder - Collection role: org.example.gym.entity.Trainer.trainings
2024-11-04 15:08:15 DEBUG o.h.cfg.annotations.PropertyBinder - Building property trainings
2024-11-04 15:08:15 DEBUG org.hibernate.cfg.Ejb3Column - Binding column: Ejb3JoinColumn{logicalColumnName='user_id', referencedColumn='id', mappedBy=''}
2024-11-04 15:08:15 DEBUG org.hibernate.cfg.Ejb3Column - Binding column: Ejb3Column{table=org.hibernate.mapping.Table(Trainer), mappingColumn=user, insertable=true, updatable=true, unique=false}
2024-11-04 15:08:15 DEBUG o.h.cfg.annotations.PropertyBinder - Building property user
2024-11-04 15:08:15 DEBUG o.h.c.annotations.SimpleValueBinder - Starting fillSimpleValue for trainingId
2024-11-04 15:08:15 DEBUG o.h.c.annotations.SimpleValueBinder - Starting fillSimpleValue for trainingDate
2024-11-04 15:08:15 DEBUG o.h.c.annotations.SimpleValueBinder - Starting fillSimpleValue for trainingDuration
2024-11-04 15:08:15 DEBUG o.h.c.annotations.SimpleValueBinder - Applying JPA AttributeConverter [org.hibernate.boot.model.convert.internal.ClassBasedConverterDescriptor@20cff21e] to [org.example.gym.entity.Training:trainingDuration]
2024-11-04 15:08:15 DEBUG o.h.t.d.j.s.JavaTypeDescriptorRegistry - Could not find matching scoped JavaTypeDescriptor for requested Java class [org.example.gym.utils.DurationConverter]; falling back to static registry
2024-11-04 15:08:15 DEBUG o.h.t.d.j.s.JavaTypeDescriptorRegistry - Could not find matching scoped JavaTypeDescriptor for requested Java class [java.time.Duration]; falling back to static registry
2024-11-04 15:08:15 DEBUG o.h.t.d.j.s.JavaTypeDescriptorRegistry - Could not find matching scoped JavaTypeDescriptor for requested Java class [java.lang.Long]; falling back to static registry
2024-11-04 15:08:15 DEBUG o.h.t.d.c.AttributeConverterTypeAdapter - Created AttributeConverterTypeAdapter -> converted::org.example.gym.utils.DurationConverter
2024-11-04 15:08:15 DEBUG o.h.c.annotations.SimpleValueBinder - Starting fillSimpleValue for trainingName
2024-11-04 15:08:15 DEBUG o.h.c.annotations.SimpleValueBinder - Starting fillSimpleValue for traineeId
2024-11-04 15:08:15 DEBUG o.h.c.annotations.SimpleValueBinder - Starting fillSimpleValue for address
2024-11-04 15:08:15 DEBUG o.h.c.annotations.SimpleValueBinder - Starting fillSimpleValue for dateOfBirth
2024-11-04 15:08:15 DEBUG o.h.c.annotations.SimpleValueBinder - Starting fillSimpleValue for id
2024-11-04 15:08:15 DEBUG o.h.c.annotations.SimpleValueBinder - Starting fillSimpleValue for active
2024-11-04 15:08:15 DEBUG o.h.c.annotations.SimpleValueBinder - Starting fillSimpleValue for firstName
2024-11-04 15:08:15 DEBUG o.h.c.annotations.SimpleValueBinder - Starting fillSimpleValue for lastName
2024-11-04 15:08:15 DEBUG o.h.c.annotations.SimpleValueBinder - Starting fillSimpleValue for password
2024-11-04 15:08:15 DEBUG o.h.c.annotations.SimpleValueBinder - Starting fillSimpleValue for username
2024-11-04 15:08:15 DEBUG o.h.c.annotations.SimpleValueBinder - Starting fillSimpleValue for id
2024-11-04 15:08:15 DEBUG o.h.c.annotations.SimpleValueBinder - Starting fillSimpleValue for trainingType
2024-11-04 15:08:15 DEBUG o.h.c.annotations.SimpleValueBinder - Starting fillSimpleValue for trainerId
2024-11-04 15:08:15 DEBUG org.hibernate.mapping.PrimaryKey - Forcing column [trainingid] to be non-null as it is part of the primary key for table [training]
2024-11-04 15:08:15 DEBUG org.hibernate.mapping.PrimaryKey - Forcing column [traineeid] to be non-null as it is part of the primary key for table [trainee]
2024-11-04 15:08:15 DEBUG org.hibernate.mapping.PrimaryKey - Forcing column [id] to be non-null as it is part of the primary key for table [user]
2024-11-04 15:08:15 DEBUG org.hibernate.mapping.PrimaryKey - Forcing column [id] to be non-null as it is part of the primary key for table [trainingtype]
2024-11-04 15:08:15 DEBUG org.hibernate.mapping.PrimaryKey - Forcing column [trainerid] to be non-null as it is part of the primary key for table [trainer]
2024-11-04 15:08:15 DEBUG o.hibernate.cfg.CollectionSecondPass - Second pass for collection: org.example.gym.entity.Trainee.trainers
2024-11-04 15:08:15 DEBUG o.h.cfg.annotations.CollectionBinder - Binding as ManyToMany: org.example.gym.entity.Trainee.trainers
2024-11-04 15:08:15 DEBUG org.hibernate.mapping.PrimaryKey - Forcing column [trainee_id] to be non-null as it is part of the primary key for table [trainee2trainer]
2024-11-04 15:08:15 DEBUG org.hibernate.mapping.PrimaryKey - Forcing column [trainer_id] to be non-null as it is part of the primary key for table [trainee2trainer]
2024-11-04 15:08:15 DEBUG o.hibernate.cfg.CollectionSecondPass - Mapped collection key: trainee_id, element: trainer_id
2024-11-04 15:08:15 DEBUG o.hibernate.cfg.CollectionSecondPass - Second pass for collection: org.example.gym.entity.Trainee.trainings
2024-11-04 15:08:15 DEBUG o.h.cfg.annotations.CollectionBinder - Binding a OneToMany: org.example.gym.entity.Trainee.trainings through a foreign key
2024-11-04 15:08:15 DEBUG o.h.cfg.annotations.CollectionBinder - Mapping collection: org.example.gym.entity.Trainee.trainings -> Training
2024-11-04 15:08:15 DEBUG o.h.cfg.annotations.TableBinder - Retrieving property org.example.gym.entity.Training.trainee
2024-11-04 15:08:15 DEBUG o.hibernate.cfg.CollectionSecondPass - Mapped collection key: trainee_id, one-to-many: org.example.gym.entity.Training
2024-11-04 15:08:15 DEBUG o.hibernate.cfg.CollectionSecondPass - Second pass for collection: org.example.gym.entity.Trainer.trainees
2024-11-04 15:08:15 DEBUG o.h.cfg.annotations.CollectionBinder - Binding as ManyToMany: org.example.gym.entity.Trainer.trainees
2024-11-04 15:08:15 DEBUG o.h.cfg.annotations.TableBinder - Retrieving property org.example.gym.entity.Trainee.trainers
2024-11-04 15:08:15 DEBUG o.hibernate.cfg.CollectionSecondPass - Mapped collection key: trainer_id, element: trainee_id
2024-11-04 15:08:15 DEBUG o.hibernate.cfg.CollectionSecondPass - Second pass for collection: org.example.gym.entity.Trainer.trainings
2024-11-04 15:08:15 DEBUG o.h.cfg.annotations.CollectionBinder - Binding a OneToMany: org.example.gym.entity.Trainer.trainings through a foreign key
2024-11-04 15:08:15 DEBUG o.h.cfg.annotations.CollectionBinder - Mapping collection: org.example.gym.entity.Trainer.trainings -> Training
2024-11-04 15:08:15 DEBUG o.h.cfg.annotations.TableBinder - Retrieving property org.example.gym.entity.Training.trainer
2024-11-04 15:08:15 DEBUG o.hibernate.cfg.CollectionSecondPass - Mapped collection key: trainer_id, one-to-many: org.example.gym.entity.Training
2024-11-04 15:08:15 DEBUG o.h.b.i.InFlightMetadataCollectorImpl - Resolving reference to class: org.example.gym.entity.User
2024-11-04 15:08:15 DEBUG o.h.b.i.InFlightMetadataCollectorImpl - Resolving reference to class: org.example.gym.entity.Trainer
2024-11-04 15:08:15 DEBUG o.h.b.i.InFlightMetadataCollectorImpl - Resolving reference to class: org.example.gym.entity.Trainee
2024-11-04 15:08:15 DEBUG o.h.b.i.InFlightMetadataCollectorImpl - Resolving reference to class: org.example.gym.entity.TrainingType
2024-11-04 15:08:15 DEBUG o.h.b.i.InFlightMetadataCollectorImpl - Resolving reference to class: org.example.gym.entity.User
2024-11-04 15:08:15 DEBUG o.h.b.i.InFlightMetadataCollectorImpl - Resolving reference to class: org.example.gym.entity.Trainee
2024-11-04 15:08:15 DEBUG o.h.b.i.InFlightMetadataCollectorImpl - Resolving reference to class: org.example.gym.entity.Trainer
2024-11-04 15:08:15 DEBUG o.h.b.i.InFlightMetadataCollectorImpl - Resolving reference to class: org.example.gym.entity.TrainingType
2024-11-04 15:08:15 DEBUG o.h.b.i.InFlightMetadataCollectorImpl - Resolving reference to class: org.example.gym.entity.User
2024-11-04 15:08:15 DEBUG o.h.b.i.InFlightMetadataCollectorImpl - Resolving reference to class: org.example.gym.entity.Trainer
2024-11-04 15:08:15 DEBUG o.h.b.i.InFlightMetadataCollectorImpl - Resolving reference to class: org.example.gym.entity.Trainee
2024-11-04 15:08:15 DEBUG o.h.b.i.InFlightMetadataCollectorImpl - Resolving reference to class: org.example.gym.entity.TrainingType
2024-11-04 15:08:15 DEBUG o.h.b.i.InFlightMetadataCollectorImpl - Resolving reference to class: org.example.gym.entity.User
2024-11-04 15:08:15 DEBUG o.h.b.i.InFlightMetadataCollectorImpl - Resolving reference to class: org.example.gym.entity.Trainee
2024-11-04 15:08:15 DEBUG o.h.b.i.InFlightMetadataCollectorImpl - Resolving reference to class: org.example.gym.entity.Trainer
2024-11-04 15:08:15 DEBUG o.h.b.i.InFlightMetadataCollectorImpl - Resolving reference to class: org.example.gym.entity.TrainingType
2024-11-04 15:08:15 DEBUG o.h.internal.SessionFactoryImpl - Building session factory
2024-11-04 15:08:15 DEBUG org.hibernate.cfg.Settings - SessionFactory name : null
2024-11-04 15:08:15 DEBUG org.hibernate.cfg.Settings - Automatic flush during beforeCompletion(): enabled
2024-11-04 15:08:15 DEBUG org.hibernate.cfg.Settings - Automatic session close at end of transaction: disabled
2024-11-04 15:08:15 DEBUG org.hibernate.cfg.Settings - Statistics: disabled
2024-11-04 15:08:15 DEBUG org.hibernate.cfg.Settings - Deleted entity synthetic identifier rollback: disabled
2024-11-04 15:08:15 DEBUG org.hibernate.cfg.Settings - Default entity-mode: pojo
2024-11-04 15:08:15 DEBUG org.hibernate.cfg.Settings - Check Nullability in Core (should be disabled when Bean Validation is on): enabled
2024-11-04 15:08:15 DEBUG org.hibernate.cfg.Settings - Allow initialization of lazy state outside session : disabled
2024-11-04 15:08:15 DEBUG org.hibernate.cfg.Settings - Using BatchFetchStyle : LEGACY
2024-11-04 15:08:15 DEBUG org.hibernate.cfg.Settings - Default batch fetch size: -1
2024-11-04 15:08:15 DEBUG org.hibernate.cfg.Settings - Maximum outer join fetch depth: null
2024-11-04 15:08:15 DEBUG org.hibernate.cfg.Settings - Default null ordering: NONE
2024-11-04 15:08:15 DEBUG org.hibernate.cfg.Settings - Order SQL updates by primary key: disabled
2024-11-04 15:08:15 DEBUG org.hibernate.cfg.Settings - Order SQL inserts for batching: disabled
2024-11-04 15:08:15 DEBUG org.hibernate.cfg.Settings - multi-tenancy strategy : NONE
2024-11-04 15:08:15 DEBUG org.hibernate.cfg.Settings - JTA Track by Thread: enabled
2024-11-04 15:08:15 DEBUG org.hibernate.cfg.Settings - Query language substitutions: {}
2024-11-04 15:08:15 DEBUG org.hibernate.cfg.Settings - Named query checking : enabled
2024-11-04 15:08:15 DEBUG org.hibernate.cfg.Settings - Second-level cache: disabled
2024-11-04 15:08:15 DEBUG org.hibernate.cfg.Settings - Second-level query cache: disabled
2024-11-04 15:08:15 DEBUG org.hibernate.cfg.Settings - Second-level query cache factory: null
2024-11-04 15:08:15 DEBUG org.hibernate.cfg.Settings - Second-level cache region prefix: null
2024-11-04 15:08:15 DEBUG org.hibernate.cfg.Settings - Optimize second-level cache for minimal puts: disabled
2024-11-04 15:08:15 DEBUG org.hibernate.cfg.Settings - Structured second-level cache entries: disabled
2024-11-04 15:08:15 DEBUG org.hibernate.cfg.Settings - Second-level cache direct-reference entries: disabled
2024-11-04 15:08:15 DEBUG org.hibernate.cfg.Settings - Automatic eviction of collection cache: disabled
2024-11-04 15:08:15 DEBUG org.hibernate.cfg.Settings - JDBC batch size: 15
2024-11-04 15:08:15 DEBUG org.hibernate.cfg.Settings - JDBC batch updates for versioned data: enabled
2024-11-04 15:08:15 DEBUG org.hibernate.cfg.Settings - Scrollable result sets: enabled
2024-11-04 15:08:15 DEBUG org.hibernate.cfg.Settings - Wrap result sets: disabled
2024-11-04 15:08:15 DEBUG org.hibernate.cfg.Settings - JDBC3 getGeneratedKeys(): enabled
2024-11-04 15:08:15 DEBUG org.hibernate.cfg.Settings - JDBC result set fetch size: null
2024-11-04 15:08:15 DEBUG org.hibernate.cfg.Settings - Connection release mode: ON_CLOSE
2024-11-04 15:08:15 DEBUG org.hibernate.cfg.Settings - Generate SQL with comments: enabled
2024-11-04 15:08:15 DEBUG org.hibernate.cfg.Settings - JPA compliance - query : disabled
2024-11-04 15:08:15 DEBUG org.hibernate.cfg.Settings - JPA compliance - closed-handling : disabled
2024-11-04 15:08:15 DEBUG org.hibernate.cfg.Settings - JPA compliance - lists : disabled
2024-11-04 15:08:15 DEBUG org.hibernate.cfg.Settings - JPA compliance - transactions : disabled
2024-11-04 15:08:15 DEBUG o.h.s.i.SessionFactoryServiceRegistryImpl - EventListenerRegistry access via ServiceRegistry is deprecated.  Use `sessionFactory.getEventEngine().getListenerRegistry()` instead
2024-11-04 15:08:15 DEBUG o.h.s.i.SessionFactoryServiceRegistryImpl - EventListenerRegistry access via ServiceRegistry is deprecated.  Use `sessionFactory.getEventEngine().getListenerRegistry()` instead
2024-11-04 15:08:15 DEBUG o.h.internal.SessionFactoryImpl - Session factory constructed with filter configurations : {}
2024-11-04 15:08:15 DEBUG o.h.internal.SessionFactoryImpl - Instantiating session factory with properties: {hibernate.format_sql=true, java.specification.version=18, sun.cpu.isalist=amd64, hibernate.connection.handling_mode=DELAYED_ACQUISITION_AND_HOLD, sun.jnu.encoding=Cp1251, hibernate.dialect=org.hibernate.dialect.PostgreSQL10Dialect, java.class.path=E:\EPAM Laba\gym\target\classes;C:\Users\Алексей\.m2\repository\org\springframework\spring-web\6.1.12\spring-web-6.1.12.jar;C:\Users\Алексей\.m2\repository\org\springframework\spring-beans\6.1.12\spring-beans-6.1.12.jar;C:\Users\Алексей\.m2\repository\org\springframework\spring-core\6.1.12\spring-core-6.1.12.jar;C:\Users\Алексей\.m2\repository\org\springframework\spring-jcl\6.1.12\spring-jcl-6.1.12.jar;C:\Users\Алексей\.m2\repository\io\micrometer\micrometer-observation\1.12.9\micrometer-observation-1.12.9.jar;C:\Users\Алексей\.m2\repository\io\micrometer\micrometer-commons\1.12.9\micrometer-commons-1.12.9.jar;C:\Users\Алексей\.m2\repository\org\apache\tomcat\embed\tomcat-embed-core\8.5.98\tomcat-embed-core-8.5.98.jar;C:\Users\Алексей\.m2\repository\org\apache\tomcat\tomcat-annotations-api\8.5.98\tomcat-annotations-api-8.5.98.jar;C:\Users\Алексей\.m2\repository\jakarta\persistence\jakarta.persistence-api\3.1.0\jakarta.persistence-api-3.1.0.jar;C:\Users\Алексей\.m2\repository\org\hibernate\hibernate-core-jakarta\5.6.5.Final\hibernate-core-jakarta-5.6.5.Final.jar;C:\Users\Алексей\.m2\repository\org\jboss\logging\jboss-logging\3.4.3.Final\jboss-logging-3.4.3.Final.jar;C:\Users\Алексей\.m2\repository\net\bytebuddy\byte-buddy\1.12.7\byte-buddy-1.12.7.jar;C:\Users\Алексей\.m2\repository\antlr\antlr\2.7.7\antlr-2.7.7.jar;C:\Users\Алексей\.m2\repository\jakarta\transaction\jakarta.transaction-api\2.0.0\jakarta.transaction-api-2.0.0.jar;C:\Users\Алексей\.m2\repository\org\jboss\jandex\2.4.2.Final\jandex-2.4.2.Final.jar;C:\Users\Алексей\.m2\repository\com\fasterxml\classmate\1.5.1\classmate-1.5.1.jar;C:\Users\Алексей\.m2\repository\jakarta\activation\jakarta.activation-api\2.0.1\jakarta.activation-api-2.0.1.jar;C:\Users\Алексей\.m2\repository\org\dom4j\dom4j\2.1.3\dom4j-2.1.3.jar;C:\Users\Алексей\.m2\repository\org\hibernate\common\hibernate-commons-annotations\5.1.2.Final\hibernate-commons-annotations-5.1.2.Final.jar;C:\Users\Алексей\.m2\repository\jakarta\xml\bind\jakarta.xml.bind-api\3.0.1\jakarta.xml.bind-api-3.0.1.jar;C:\Users\Алексей\.m2\repository\com\sun\activation\jakarta.activation\2.0.1\jakarta.activation-2.0.1.jar;C:\Users\Алексей\.m2\repository\org\glassfish\jaxb\jaxb-runtime\3.0.0\jaxb-runtime-3.0.0.jar;C:\Users\Алексей\.m2\repository\org\glassfish\jaxb\jaxb-core\3.0.0\jaxb-core-3.0.0.jar;C:\Users\Алексей\.m2\repository\org\glassfish\jaxb\txw2\3.0.0\txw2-3.0.0.jar;C:\Users\Алексей\.m2\repository\com\sun\istack\istack-commons-runtime\4.0.0\istack-commons-runtime-4.0.0.jar;C:\Users\Алексей\.m2\repository\org\postgresql\postgresql\42.3.1\postgresql-42.3.1.jar;C:\Users\Алексей\.m2\repository\org\checkerframework\checker-qual\3.5.0\checker-qual-3.5.0.jar;C:\Users\Алексей\.m2\repository\org\springframework\data\spring-data-jpa\3.3.1\spring-data-jpa-3.3.1.jar;C:\Users\Алексей\.m2\repository\org\springframework\data\spring-data-commons\3.3.1\spring-data-commons-3.3.1.jar;C:\Users\Алексей\.m2\repository\org\springframework\spring-orm\6.1.9\spring-orm-6.1.9.jar;C:\Users\Алексей\.m2\repository\org\springframework\spring-jdbc\6.1.9\spring-jdbc-6.1.9.jar;C:\Users\Алексей\.m2\repository\org\springframework\spring-aop\6.1.9\spring-aop-6.1.9.jar;C:\Users\Алексей\.m2\repository\org\springframework\spring-tx\6.1.9\spring-tx-6.1.9.jar;C:\Users\Алексей\.m2\repository\org\antlr\antlr4-runtime\4.13.0\antlr4-runtime-4.13.0.jar;C:\Users\Алексей\.m2\repository\org\springframework\spring-context\6.1.12\spring-context-6.1.12.jar;C:\Users\Алексей\.m2\repository\org\springframework\spring-expression\6.1.12\spring-expression-6.1.12.jar;C:\Users\Алексей\.m2\repository\jakarta\annotation\jakarta.annotation-api\3.0.0\jakarta.annotation-api-3.0.0.jar;C:\Users\Алексей\.m2\repository\org\slf4j\slf4j-api\1.7.36\slf4j-api-1.7.36.jar;C:\Users\Алексей\.m2\repository\ch\qos\logback\logback-classic\1.2.11\logback-classic-1.2.11.jar;C:\Users\Алексей\.m2\repository\ch\qos\logback\logback-core\1.2.11\logback-core-1.2.11.jar;C:\Users\Алексей\.m2\repository\com\fasterxml\jackson\core\jackson-databind\2.16.1\jackson-databind-2.16.1.jar;C:\Users\Алексей\.m2\repository\com\fasterxml\jackson\core\jackson-annotations\2.16.1\jackson-annotations-2.16.1.jar;C:\Users\Алексей\.m2\repository\com\fasterxml\jackson\core\jackson-core\2.16.1\jackson-core-2.16.1.jar;C:\Users\Алексей\.m2\repository\com\fasterxml\jackson\datatype\jackson-datatype-jsr310\2.16.1\jackson-datatype-jsr310-2.16.1.jar, java.vm.vendor=Oracle Corporation, sun.arch.data.model=64, user.variant=, java.vendor.url=https://java.oracle.com/, user.timezone=Europe/Kiev, jakarta.persistence.sharedCache.mode=UNSPECIFIED, javax.persistence.jdbc.user=****, javax.persistence.jdbc.url=jdbc:postgresql://localhost:5432/gym, user.country.format=UA, hibernate.jdbc.time_zone=UTC, java.vm.specification.version=18, os.name=Windows 7, jakarta.persistence.jdbc.password=****, javax.persistence.validation.mode=AUTO, sun.java.launcher=SUN_STANDARD, user.country=RU, local.setting.IS_JTA_TXN_COORD=false, sun.boot.library.path=C:\Program Files\Java\jdk-18.0.2.1\bin, sun.java.command=org.example.App, hibernate.use_sql_comments=true, javax.persistence.sharedCache.mode=UNSPECIFIED, jdk.debug=release, jakarta.persistence.jdbc.driver=org.postgresql.Driver, sun.cpu.endian=little, hibernate.cdi.extensions=true, user.home=C:\Users\Алексей, user.language=ru, sun.stderr.encoding=UTF-8, java.specification.vendor=Oracle Corporation, java.version.date=2022-08-18, java.home=C:\Program Files\Java\jdk-18.0.2.1, file.separator=\, java.vm.compressedOopsMode=Zero based, jakarta.persistence.jdbc.user=****, sun.stdout.encoding=UTF-8, line.separator=
, hibernate.persistenceUnitName=default, java.vm.specification.vendor=Oracle Corporation, java.specification.name=Java Platform API Specification, hibernate.transaction.coordinator_class=class org.hibernate.resource.transaction.backend.jdbc.internal.JdbcResourceLocalTransactionCoordinatorBuilderImpl, javax.persistence.jdbc.driver=org.postgresql.Driver, jakarta.persistence.schema-generation.database.action=drop-and-create, jakarta.persistence.validation.mode=AUTO, user.script=, sun.management.compiler=HotSpot 64-Bit Tiered Compilers, java.runtime.version=18.0.2.1+1-1, user.name=Алексей, path.separator=;, hibernate.connection.username=****, os.version=6.1, java.runtime.name=Java(TM) SE Runtime Environment, hibernate.connection.url=jdbc:postgresql://localhost:5432/gym, file.encoding=UTF-8, hibernate.ejb.persistenceUnitName=default, java.vm.name=Java HotSpot(TM) 64-Bit Server VM, hibernate.show_sql=true, hibernate.connection.driver_class=org.postgresql.Driver, java.vendor.url.bug=https://bugreport.java.com/bugreport/, java.io.tmpdir=C:\Users\CD86~1\AppData\Local\Temp\, java.version=18.0.2.1, user.dir=E:\EPAM Laba\gym, os.arch=amd64, java.vm.specification.name=Java Virtual Machine Specification, user.language.format=uk, hibernate.connection.password=****, sun.os.patch.level=Service Pack 1, jakarta.persistence.jdbc.url=jdbc:postgresql://localhost:5432/gym, hibernate.boot.CfgXmlAccessService.key=org.hibernate.boot.registry.StandardServiceRegistryBuilder$1@1e495414, native.encoding=Cp1251, java.library.path=C:\Program Files\Java\jdk-18.0.2.1\bin;C:\Windows\Sun\Java\bin;C:\Windows\system32;C:\Windows;C:\Program Files\Common Files\Oracle\Java\javapath;C:\Windows\system32;C:\Windows;C:\Windows\System32\Wbem;C:\Windows\System32\WindowsPowerShell\v1.0\;C:\Program Files (x86)\NVIDIA Corporation\PhysX\Common;C:\Program Files\Java\jdk-18.0.2.1\bin;C:\Program Files (x86)\Microsoft SQL Server\110\Tools\Binn\;C:\Program Files\Microsoft SQL Server\110\Tools\Binn\;C:\Program Files\Microsoft SQL Server\110\DTS\Binn\;C:\Program Files (x86)\Microsoft SQL Server\110\Tools\Binn\ManagementStudio\;C:\Program Files (x86)\Microsoft SQL Server\110\DTS\Binn\;C:\Program Files\apache-maven-3.9.4\bin;C:\Program Files\nodejs\;C:\Program Files\cURL\bin;C:\Program Files\Git\cmd;C:\Program Files\Git\mingw64\bin;C:\Program Files\Git\usr\bin;;C:\Users\Алексей\AppData\Local\Programs\Microsoft VS Code\bin;C:\Users\Алексей\AppData\Roaming\npm;., java.vendor=Oracle Corporation, java.vm.info=mixed mode, sharing, java.vm.version=18.0.2.1+1-1, hibernate.bytecode.use_reflection_optimizer=false, sun.io.unicode.encoding=UnicodeLittle, hibernate.hbm2ddl.import_files=data.sql, javax.persistence.jdbc.password=****, java.class.version=62.0}
2024-11-04 15:08:15 DEBUG o.h.secure.spi.JaccIntegrator - Skipping JACC integration as it was not enabled
2024-11-04 15:08:15 DEBUG o.h.internal.SessionFactoryImpl - Instantiated session factory
2024-11-04 15:08:15 DEBUG o.h.type.spi.TypeConfiguration$Scope - Scoping TypeConfiguration [org.hibernate.type.spi.TypeConfiguration@458031da] to SessionFactoryImpl [org.hibernate.internal.SessionFactoryImpl@33e3bd2e]
2024-11-04 15:08:15 DEBUG o.hibernate.orm.bytecode.interceptor - To-one property `org.example.gym.entity.Training#trainee` was mapped with LAZY + NO_PROXY but the class was not enhanced
2024-11-04 15:08:15 DEBUG o.hibernate.orm.bytecode.interceptor - To-one property `org.example.gym.entity.Training#trainee` was mapped with LAZY + NO_PROXY but the class was not enhanced
2024-11-04 15:08:15 DEBUG o.hibernate.orm.bytecode.interceptor - To-one property `org.example.gym.entity.Training#trainer` was mapped with LAZY + NO_PROXY but the class was not enhanced
2024-11-04 15:08:15 DEBUG o.hibernate.orm.bytecode.interceptor - To-one property `org.example.gym.entity.Training#trainer` was mapped with LAZY + NO_PROXY but the class was not enhanced
2024-11-04 15:08:15 DEBUG o.hibernate.orm.bytecode.interceptor - To-one property `org.example.gym.entity.Training#trainingType` was mapped with LAZY + NO_PROXY but the class was not enhanced
2024-11-04 15:08:15 DEBUG o.hibernate.orm.bytecode.interceptor - To-one property `org.example.gym.entity.Training#trainingType` was mapped with LAZY + NO_PROXY but the class was not enhanced
2024-11-04 15:08:15 DEBUG o.h.b.internal.ClassLoaderAccessImpl - Not known whether passed class name [org.example.gym.entity.Training] is safe
2024-11-04 15:08:15 DEBUG o.h.b.internal.ClassLoaderAccessImpl - No temp ClassLoader provided; using live ClassLoader for loading potentially unsafe class : org.example.gym.entity.Training
2024-11-04 15:08:15 DEBUG o.hibernate.orm.bytecode.interceptor - To-one property `org.example.gym.entity.Training#trainee` was mapped with LAZY + NO_PROXY but the class was not enhanced
2024-11-04 15:08:15 DEBUG o.hibernate.orm.bytecode.interceptor - To-one property `org.example.gym.entity.Training#trainer` was mapped with LAZY + NO_PROXY but the class was not enhanced
2024-11-04 15:08:15 DEBUG o.hibernate.orm.bytecode.interceptor - To-one property `org.example.gym.entity.Training#trainingType` was mapped with LAZY + NO_PROXY but the class was not enhanced
2024-11-04 15:08:15 DEBUG o.hibernate.orm.bytecode.interceptor - To-one property `org.example.gym.entity.Training#trainee` was mapped with LAZY + NO_PROXY but the class was not enhanced
2024-11-04 15:08:15 DEBUG o.hibernate.orm.bytecode.interceptor - To-one property `org.example.gym.entity.Training#trainer` was mapped with LAZY + NO_PROXY but the class was not enhanced
2024-11-04 15:08:15 DEBUG o.hibernate.orm.bytecode.interceptor - To-one property `org.example.gym.entity.Training#trainingType` was mapped with LAZY + NO_PROXY but the class was not enhanced
2024-11-04 15:08:15 DEBUG o.hibernate.orm.bytecode.interceptor - To-one property `org.example.gym.entity.Trainee#user` was mapped with LAZY + NO_PROXY but the class was not enhanced
2024-11-04 15:08:15 DEBUG o.hibernate.orm.bytecode.interceptor - To-one property `org.example.gym.entity.Trainee#user` was mapped with LAZY + NO_PROXY but the class was not enhanced
2024-11-04 15:08:15 DEBUG o.h.b.internal.ClassLoaderAccessImpl - Not known whether passed class name [org.example.gym.entity.Trainee] is safe
2024-11-04 15:08:15 DEBUG o.h.b.internal.ClassLoaderAccessImpl - No temp ClassLoader provided; using live ClassLoader for loading potentially unsafe class : org.example.gym.entity.Trainee
2024-11-04 15:08:15 DEBUG o.hibernate.orm.bytecode.interceptor - To-one property `org.example.gym.entity.Trainee#user` was mapped with LAZY + NO_PROXY but the class was not enhanced
2024-11-04 15:08:15 DEBUG o.hibernate.orm.bytecode.interceptor - To-one property `org.example.gym.entity.Trainee#user` was mapped with LAZY + NO_PROXY but the class was not enhanced
2024-11-04 15:08:15 DEBUG o.h.b.internal.ClassLoaderAccessImpl - Not known whether passed class name [org.example.gym.entity.User] is safe
2024-11-04 15:08:15 DEBUG o.h.b.internal.ClassLoaderAccessImpl - No temp ClassLoader provided; using live ClassLoader for loading potentially unsafe class : org.example.gym.entity.User
2024-11-04 15:08:15 DEBUG o.h.b.internal.ClassLoaderAccessImpl - Not known whether passed class name [org.example.gym.entity.TrainingType] is safe
2024-11-04 15:08:15 DEBUG o.h.b.internal.ClassLoaderAccessImpl - No temp ClassLoader provided; using live ClassLoader for loading potentially unsafe class : org.example.gym.entity.TrainingType
2024-11-04 15:08:15 DEBUG o.hibernate.orm.bytecode.interceptor - To-one property `org.example.gym.entity.Trainer#specialization` was mapped with LAZY + NO_PROXY but the class was not enhanced
2024-11-04 15:08:15 DEBUG o.hibernate.orm.bytecode.interceptor - To-one property `org.example.gym.entity.Trainer#specialization` was mapped with LAZY + NO_PROXY but the class was not enhanced
2024-11-04 15:08:15 DEBUG o.hibernate.orm.bytecode.interceptor - To-one property `org.example.gym.entity.Trainer#user` was mapped with LAZY + NO_PROXY but the class was not enhanced
2024-11-04 15:08:15 DEBUG o.hibernate.orm.bytecode.interceptor - To-one property `org.example.gym.entity.Trainer#user` was mapped with LAZY + NO_PROXY but the class was not enhanced
2024-11-04 15:08:15 DEBUG o.h.b.internal.ClassLoaderAccessImpl - Not known whether passed class name [org.example.gym.entity.Trainer] is safe
2024-11-04 15:08:15 DEBUG o.h.b.internal.ClassLoaderAccessImpl - No temp ClassLoader provided; using live ClassLoader for loading potentially unsafe class : org.example.gym.entity.Trainer
2024-11-04 15:08:15 DEBUG o.hibernate.orm.bytecode.interceptor - To-one property `org.example.gym.entity.Trainer#specialization` was mapped with LAZY + NO_PROXY but the class was not enhanced
2024-11-04 15:08:15 DEBUG o.hibernate.orm.bytecode.interceptor - To-one property `org.example.gym.entity.Trainer#user` was mapped with LAZY + NO_PROXY but the class was not enhanced
2024-11-04 15:08:15 DEBUG o.hibernate.orm.bytecode.interceptor - To-one property `org.example.gym.entity.Trainer#specialization` was mapped with LAZY + NO_PROXY but the class was not enhanced
2024-11-04 15:08:15 DEBUG o.hibernate.orm.bytecode.interceptor - To-one property `org.example.gym.entity.Trainer#user` was mapped with LAZY + NO_PROXY but the class was not enhanced
2024-11-04 15:08:15 DEBUG o.h.p.c.AbstractCollectionPersister - Static SQL for collection: org.example.gym.entity.Trainee.trainers
2024-11-04 15:08:15 DEBUG o.h.p.c.AbstractCollectionPersister -  Row insert: /* insert collection row org.example.gym.entity.Trainee.trainers */ insert into trainee2trainer (trainee_id, trainer_id) values (?, ?)
2024-11-04 15:08:15 DEBUG o.h.p.c.AbstractCollectionPersister -  Row update: /* update collection row org.example.gym.entity.Trainee.trainers */ update trainee2trainer set trainer_id=? where trainee_id=? and trainer_id=?
2024-11-04 15:08:15 DEBUG o.h.p.c.AbstractCollectionPersister -  Row delete: /* delete collection row org.example.gym.entity.Trainee.trainers */ delete from trainee2trainer where trainee_id=? and trainer_id=?
2024-11-04 15:08:15 DEBUG o.h.p.c.AbstractCollectionPersister -  One-shot delete: /* delete collection org.example.gym.entity.Trainee.trainers */ delete from trainee2trainer where trainee_id=?
2024-11-04 15:08:15 DEBUG o.h.p.c.AbstractCollectionPersister - Static SQL for collection: org.example.gym.entity.Trainer.trainees
2024-11-04 15:08:15 DEBUG o.h.p.c.AbstractCollectionPersister -  Row insert: /* insert collection row org.example.gym.entity.Trainer.trainees */ insert into trainee2trainer (trainer_id, trainee_id) values (?, ?)
2024-11-04 15:08:15 DEBUG o.h.p.c.AbstractCollectionPersister -  Row update: /* update collection row org.example.gym.entity.Trainer.trainees */ update trainee2trainer set trainee_id=? where trainer_id=? and trainee_id=?
2024-11-04 15:08:15 DEBUG o.h.p.c.AbstractCollectionPersister -  Row delete: /* delete collection row org.example.gym.entity.Trainer.trainees */ delete from trainee2trainer where trainer_id=? and trainee_id=?
2024-11-04 15:08:15 DEBUG o.h.p.c.AbstractCollectionPersister -  One-shot delete: /* delete collection org.example.gym.entity.Trainer.trainees */ delete from trainee2trainer where trainer_id=?
2024-11-04 15:08:15 DEBUG o.h.p.c.AbstractCollectionPersister - Static SQL for collection: org.example.gym.entity.Trainee.trainings
2024-11-04 15:08:15 DEBUG o.h.p.c.AbstractCollectionPersister -  Row insert: /* create one-to-many row org.example.gym.entity.Trainee.trainings */ update Training set trainee_id=? where trainingId=?
2024-11-04 15:08:15 DEBUG o.h.p.c.AbstractCollectionPersister -  Row update: update Training set  where trainingId=?
2024-11-04 15:08:15 DEBUG o.h.p.c.AbstractCollectionPersister -  Row delete: /* delete one-to-many row org.example.gym.entity.Trainee.trainings */ update Training set trainee_id=null where trainee_id=? and trainingId=?
2024-11-04 15:08:15 DEBUG o.h.p.c.AbstractCollectionPersister -  One-shot delete: /* delete one-to-many org.example.gym.entity.Trainee.trainings */ update Training set trainee_id=null where trainee_id=?
2024-11-04 15:08:15 DEBUG o.h.p.c.AbstractCollectionPersister - Static SQL for collection: org.example.gym.entity.Trainer.trainings
2024-11-04 15:08:15 DEBUG o.h.p.c.AbstractCollectionPersister -  Row insert: /* create one-to-many row org.example.gym.entity.Trainer.trainings */ update Training set trainer_id=? where trainingId=?
2024-11-04 15:08:15 DEBUG o.h.p.c.AbstractCollectionPersister -  Row update: update Training set  where trainingId=?
2024-11-04 15:08:15 DEBUG o.h.p.c.AbstractCollectionPersister -  Row delete: /* delete one-to-many row org.example.gym.entity.Trainer.trainings */ update Training set trainer_id=null where trainer_id=? and trainingId=?
2024-11-04 15:08:15 DEBUG o.h.p.c.AbstractCollectionPersister -  One-shot delete: /* delete one-to-many org.example.gym.entity.Trainer.trainings */ update Training set trainer_id=null where trainer_id=?
2024-11-04 15:08:15 DEBUG o.h.p.entity.AbstractEntityPersister - Static SQL for entity: org.example.gym.entity.Training
2024-11-04 15:08:15 DEBUG o.h.p.entity.AbstractEntityPersister -  Version select: /* get version org.example.gym.entity.Training */ select trainingId from Training where trainingId =?
2024-11-04 15:08:15 DEBUG o.h.p.entity.AbstractEntityPersister -  Snapshot select: /* get current state org.example.gym.entity.Training */ select training_.trainingId, training_.trainee_id as trainee_5_3_, training_.trainer_id as trainer_6_3_, training_.trainingDate as training2_3_, training_.trainingDuration as training3_3_, training_.trainingName as training4_3_, training_.trainingType_id as training7_3_ from Training training_ where training_.trainingId=?
2024-11-04 15:08:15 DEBUG o.h.p.entity.AbstractEntityPersister -  Insert 0: /* insert org.example.gym.entity.Training */ insert into Training (trainee_id, trainer_id, trainingDate, trainingDuration, trainingName, trainingType_id, trainingId) values (?, ?, ?, ?, ?, ?, ?)
2024-11-04 15:08:15 DEBUG o.h.p.entity.AbstractEntityPersister -  Update 0: /* update org.example.gym.entity.Training */ update Training set trainee_id=?, trainer_id=?, trainingDate=?, trainingDuration=?, trainingName=?, trainingType_id=? where trainingId=?
2024-11-04 15:08:15 DEBUG o.h.p.entity.AbstractEntityPersister -  Delete 0: /* delete org.example.gym.entity.Training */ delete from Training where trainingId=?
2024-11-04 15:08:15 DEBUG o.h.p.entity.AbstractEntityPersister -  Identity insert: /* insert org.example.gym.entity.Training */ insert into Training (trainee_id, trainer_id, trainingDate, trainingDuration, trainingName, trainingType_id) values (?, ?, ?, ?, ?, ?)
2024-11-04 15:08:15 DEBUG o.h.l.p.b.i.spaces.QuerySpacesImpl - Adding QuerySpace : uid = <gen:0> -> org.hibernate.loader.plan.build.internal.spaces.EntityQuerySpaceImpl@10a907ec]
2024-11-04 15:08:15 DEBUG o.h.p.w.spi.MetamodelGraphWalker - Visiting attribute path : trainee
2024-11-04 15:08:15 DEBUG o.h.l.p.b.i.spaces.QuerySpacesImpl - Adding QuerySpace : uid = <gen:1> -> org.hibernate.loader.plan.build.internal.spaces.EntityQuerySpaceImpl@55c1ced9]
2024-11-04 15:08:15 DEBUG o.h.p.w.spi.MetamodelGraphWalker - Visiting attribute path : trainee.address
2024-11-04 15:08:15 DEBUG o.h.p.w.spi.MetamodelGraphWalker - Visiting attribute path : trainee.dateOfBirth
2024-11-04 15:08:15 DEBUG o.h.p.w.spi.MetamodelGraphWalker - Visiting attribute path : trainee.trainers
2024-11-04 15:08:15 DEBUG o.h.l.p.b.i.spaces.QuerySpacesImpl - Adding QuerySpace : uid = <gen:2> -> org.hibernate.loader.plan.build.internal.spaces.CollectionQuerySpaceImpl@11826398]
2024-11-04 15:08:15 DEBUG o.h.l.p.b.i.spaces.QuerySpacesImpl - Adding QuerySpace : uid = <gen:3> -> org.hibernate.loader.plan.build.internal.spaces.EntityQuerySpaceImpl@6c5ca0b6]
2024-11-04 15:08:15 DEBUG o.h.p.w.spi.MetamodelGraphWalker - Visiting attribute path : trainee.trainings
2024-11-04 15:08:15 DEBUG o.h.p.w.spi.MetamodelGraphWalker - Property path deemed to be circular : trainee.trainings
2024-11-04 15:08:15 DEBUG o.h.p.w.spi.MetamodelGraphWalker - Visiting attribute path : trainee.user
2024-11-04 15:08:15 DEBUG o.h.l.p.b.i.spaces.QuerySpacesImpl - Adding QuerySpace : uid = <gen:4> -> org.hibernate.loader.plan.build.internal.spaces.EntityQuerySpaceImpl@37b01ce2]
2024-11-04 15:08:15 DEBUG o.h.p.w.spi.MetamodelGraphWalker - Visiting attribute path : trainee.user.active
2024-11-04 15:08:15 DEBUG o.h.p.w.spi.MetamodelGraphWalker - Visiting attribute path : trainee.user.firstName
2024-11-04 15:08:15 DEBUG o.h.p.w.spi.MetamodelGraphWalker - Visiting attribute path : trainee.user.lastName
2024-11-04 15:08:15 DEBUG o.h.p.w.spi.MetamodelGraphWalker - Visiting attribute path : trainee.user.password
2024-11-04 15:08:15 DEBUG o.h.p.w.spi.MetamodelGraphWalker - Visiting attribute path : trainee.user.username
2024-11-04 15:08:15 DEBUG o.h.p.w.spi.MetamodelGraphWalker - Visiting attribute path : trainer
2024-11-04 15:08:15 DEBUG o.h.l.p.b.i.spaces.QuerySpacesImpl - Adding QuerySpace : uid = <gen:5> -> org.hibernate.loader.plan.build.internal.spaces.EntityQuerySpaceImpl@1894fa9f]
2024-11-04 15:08:15 DEBUG o.h.p.w.spi.MetamodelGraphWalker - Visiting attribute path : trainer.specialization
2024-11-04 15:08:15 DEBUG o.h.l.p.b.i.spaces.QuerySpacesImpl - Adding QuerySpace : uid = <gen:6> -> org.hibernate.loader.plan.build.internal.spaces.EntityQuerySpaceImpl@26a4f9ed]
2024-11-04 15:08:15 DEBUG o.h.p.w.spi.MetamodelGraphWalker - Visiting attribute path : trainer.specialization.trainingType
2024-11-04 15:08:15 DEBUG o.h.p.w.spi.MetamodelGraphWalker - Visiting attribute path : trainer.trainees
2024-11-04 15:08:15 DEBUG o.h.l.p.b.i.spaces.QuerySpacesImpl - Adding QuerySpace : uid = <gen:7> -> org.hibernate.loader.plan.build.internal.spaces.CollectionQuerySpaceImpl@45287377]
2024-11-04 15:08:15 DEBUG o.h.l.p.b.i.spaces.QuerySpacesImpl - Adding QuerySpace : uid = <gen:8> -> org.hibernate.loader.plan.build.internal.spaces.EntityQuerySpaceImpl@7159d601]
2024-11-04 15:08:15 DEBUG o.h.p.w.spi.MetamodelGraphWalker - Visiting attribute path : trainer.trainings
2024-11-04 15:08:15 DEBUG o.h.p.w.spi.MetamodelGraphWalker - Property path deemed to be circular : trainer.trainings
2024-11-04 15:08:15 DEBUG o.h.p.w.spi.MetamodelGraphWalker - Visiting attribute path : trainer.user
2024-11-04 15:08:15 DEBUG o.h.l.p.b.i.spaces.QuerySpacesImpl - Adding QuerySpace : uid = <gen:9> -> org.hibernate.loader.plan.build.internal.spaces.EntityQuerySpaceImpl@70b33256]
2024-11-04 15:08:15 DEBUG o.h.p.w.spi.MetamodelGraphWalker - Visiting attribute path : trainer.user.active
2024-11-04 15:08:15 DEBUG o.h.p.w.spi.MetamodelGraphWalker - Visiting attribute path : trainer.user.firstName
2024-11-04 15:08:15 DEBUG o.h.p.w.spi.MetamodelGraphWalker - Visiting attribute path : trainer.user.lastName
2024-11-04 15:08:15 DEBUG o.h.p.w.spi.MetamodelGraphWalker - Visiting attribute path : trainer.user.password
2024-11-04 15:08:15 DEBUG o.h.p.w.spi.MetamodelGraphWalker - Visiting attribute path : trainer.user.username
2024-11-04 15:08:15 DEBUG o.h.p.w.spi.MetamodelGraphWalker - Visiting attribute path : trainingDate
2024-11-04 15:08:15 DEBUG o.h.p.w.spi.MetamodelGraphWalker - Visiting attribute path : trainingDuration
2024-11-04 15:08:15 DEBUG o.h.p.w.spi.MetamodelGraphWalker - Visiting attribute path : trainingName
2024-11-04 15:08:15 DEBUG o.h.p.w.spi.MetamodelGraphWalker - Visiting attribute path : trainingType
2024-11-04 15:08:15 DEBUG o.h.l.p.b.i.spaces.QuerySpacesImpl - Adding QuerySpace : uid = <gen:10> -> org.hibernate.loader.plan.build.internal.spaces.EntityQuerySpaceImpl@35e74e08]
2024-11-04 15:08:15 DEBUG o.h.p.w.spi.MetamodelGraphWalker - Visiting attribute path : trainingType.trainingType
2024-11-04 15:08:15 DEBUG o.h.l.p.b.i.FetchStyleLoadPlanBuildingAssociationVisitationStrategy - Building LoadPlan...
2024-11-04 15:08:15 DEBUG o.h.l.p.e.i.LoadQueryJoinAndFetchProcessor - processing queryspace <gen:0>
2024-11-04 15:08:15 DEBUG o.h.l.p.b.spi.LoadPlanTreePrinter - LoadPlan(entity=org.example.gym.entity.Training)
    - Returns
       - EntityReturnImpl(entity=org.example.gym.entity.Training, querySpaceUid=<gen:0>, path=org.example.gym.entity.Training)
          - EntityAttributeFetchImpl(entity=org.example.gym.entity.Trainee, querySpaceUid=<gen:1>, path=org.example.gym.entity.Training.trainee)
             - CollectionAttributeFetchImpl(collection=org.example.gym.entity.Trainee.trainers, querySpaceUid=<gen:2>, path=org.example.gym.entity.Training.trainee.trainers)
                - (collection element) CollectionFetchableElementEntityGraph(entity=org.example.gym.entity.Trainer, querySpaceUid=<gen:3>, path=org.example.gym.entity.Training.trainee.trainers.<elements>)
             - EntityAttributeFetchImpl(entity=org.example.gym.entity.User, querySpaceUid=<gen:4>, path=org.example.gym.entity.Training.trainee.user)
          - EntityAttributeFetchImpl(entity=org.example.gym.entity.Trainer, querySpaceUid=<gen:5>, path=org.example.gym.entity.Training.trainer)
             - EntityAttributeFetchImpl(entity=org.example.gym.entity.TrainingType, querySpaceUid=<gen:6>, path=org.example.gym.entity.Training.trainer.specialization)
             - CollectionAttributeFetchImpl(collection=org.example.gym.entity.Trainer.trainees, querySpaceUid=<gen:7>, path=org.example.gym.entity.Training.trainer.trainees)
                - (collection element) CollectionFetchableElementEntityGraph(entity=org.example.gym.entity.Trainee, querySpaceUid=<gen:8>, path=org.example.gym.entity.Training.trainer.trainees.<elements>)
             - EntityAttributeFetchImpl(entity=org.example.gym.entity.User, querySpaceUid=<gen:9>, path=org.example.gym.entity.Training.trainer.user)
          - EntityAttributeFetchImpl(entity=org.example.gym.entity.TrainingType, querySpaceUid=<gen:10>, path=org.example.gym.entity.Training.trainingType)
    - QuerySpaces
       - EntityQuerySpaceImpl(uid=<gen:0>, entity=org.example.gym.entity.Training)
          - SQL table alias mapping - training0_
          - alias suffix - 0_
          - suffixed key columns - {training1_3_0_}
          - JOIN (JoinDefinedByMetadata(trainee)) : <gen:0> -> <gen:1>
             - EntityQuerySpaceImpl(uid=<gen:1>, entity=org.example.gym.entity.Trainee)
                - SQL table alias mapping - trainee1_
                - alias suffix - 1_
                - suffixed key columns - {traineei1_0_1_}
                - JOIN (JoinDefinedByMetadata(user)) : <gen:1> -> <gen:4>
                   - EntityQuerySpaceImpl(uid=<gen:4>, entity=org.example.gym.entity.User)
                      - SQL table alias mapping - user2_
                      - alias suffix - 2_
                      - suffixed key columns - {id1_5_2_}
          - JOIN (JoinDefinedByMetadata(trainer)) : <gen:0> -> <gen:5>
             - EntityQuerySpaceImpl(uid=<gen:5>, entity=org.example.gym.entity.Trainer)
                - SQL table alias mapping - trainer3_
                - alias suffix - 3_
                - suffixed key columns - {traineri1_2_3_}
                - JOIN (JoinDefinedByMetadata(specialization)) : <gen:5> -> <gen:6>
                   - EntityQuerySpaceImpl(uid=<gen:6>, entity=org.example.gym.entity.TrainingType)
                      - SQL table alias mapping - trainingty4_
                      - alias suffix - 4_
                      - suffixed key columns - {id1_4_4_}
                - JOIN (JoinDefinedByMetadata(user)) : <gen:5> -> <gen:9>
                   - EntityQuerySpaceImpl(uid=<gen:9>, entity=org.example.gym.entity.User)
                      - SQL table alias mapping - user5_
                      - alias suffix - 5_
                      - suffixed key columns - {id1_5_5_}
          - JOIN (JoinDefinedByMetadata(trainingType)) : <gen:0> -> <gen:10>
             - EntityQuerySpaceImpl(uid=<gen:10>, entity=org.example.gym.entity.TrainingType)
                - SQL table alias mapping - trainingty6_
                - alias suffix - 6_
                - suffixed key columns - {id1_4_6_}

2024-11-04 15:08:15 DEBUG o.h.loader.entity.plan.EntityLoader - Static select for entity org.example.gym.entity.Training [NONE]: select training0_.trainingId as training1_3_0_, training0_.trainee_id as trainee_5_3_0_, training0_.trainer_id as trainer_6_3_0_, training0_.trainingDate as training2_3_0_, training0_.trainingDuration as training3_3_0_, training0_.trainingName as training4_3_0_, training0_.trainingType_id as training7_3_0_, trainee1_.traineeId as traineei1_0_1_, trainee1_.address as address2_0_1_, trainee1_.dateOfBirth as dateofbi3_0_1_, trainee1_.user_id as user_id4_0_1_, user2_.id as id1_5_2_, user2_.isActive as isactive2_5_2_, user2_.firstName as firstnam3_5_2_, user2_.lastName as lastname4_5_2_, user2_.password as password5_5_2_, user2_.username as username6_5_2_, trainer3_.trainerId as traineri1_2_3_, trainer3_.specialization_id as speciali2_2_3_, trainer3_.user_id as user_id3_2_3_, trainingty4_.id as id1_4_4_, trainingty4_.trainingType as training2_4_4_, user5_.id as id1_5_5_, user5_.isActive as isactive2_5_5_, user5_.firstName as firstnam3_5_5_, user5_.lastName as lastname4_5_5_, user5_.password as password5_5_5_, user5_.username as username6_5_5_, trainingty6_.id as id1_4_6_, trainingty6_.trainingType as training2_4_6_ from Training training0_ left outer join Trainee trainee1_ on training0_.trainee_id=trainee1_.traineeId left outer join "user" user2_ on trainee1_.user_id=user2_.id left outer join Trainer trainer3_ on training0_.trainer_id=trainer3_.trainerId left outer join TrainingType trainingty4_ on trainer3_.specialization_id=trainingty4_.id left outer join "user" user5_ on trainer3_.user_id=user5_.id left outer join TrainingType trainingty6_ on training0_.trainingType_id=trainingty6_.id where training0_.trainingId=?
2024-11-04 15:08:15 DEBUG o.h.p.entity.AbstractEntityPersister - Static SQL for entity: org.example.gym.entity.Trainee
2024-11-04 15:08:15 DEBUG o.h.p.entity.AbstractEntityPersister -  Version select: /* get version org.example.gym.entity.Trainee */ select traineeId from Trainee where traineeId =?
2024-11-04 15:08:15 DEBUG o.h.p.entity.AbstractEntityPersister -  Snapshot select: /* get current state org.example.gym.entity.Trainee */ select trainee_.traineeId, trainee_.address as address2_0_, trainee_.dateOfBirth as dateofbi3_0_, trainee_.user_id as user_id4_0_ from Trainee trainee_ where trainee_.traineeId=?
2024-11-04 15:08:15 DEBUG o.h.p.entity.AbstractEntityPersister -  Insert 0: /* insert org.example.gym.entity.Trainee */ insert into Trainee (address, dateOfBirth, user_id, traineeId) values (?, ?, ?, ?)
2024-11-04 15:08:15 DEBUG o.h.p.entity.AbstractEntityPersister -  Update 0: /* update org.example.gym.entity.Trainee */ update Trainee set address=?, dateOfBirth=?, user_id=? where traineeId=?
2024-11-04 15:08:15 DEBUG o.h.p.entity.AbstractEntityPersister -  Delete 0: /* delete org.example.gym.entity.Trainee */ delete from Trainee where traineeId=?
2024-11-04 15:08:15 DEBUG o.h.p.entity.AbstractEntityPersister -  Identity insert: /* insert org.example.gym.entity.Trainee */ insert into Trainee (address, dateOfBirth, user_id) values (?, ?, ?)
2024-11-04 15:08:15 DEBUG o.h.l.p.b.i.spaces.QuerySpacesImpl - Adding QuerySpace : uid = <gen:0> -> org.hibernate.loader.plan.build.internal.spaces.EntityQuerySpaceImpl@63f9ddf9]
2024-11-04 15:08:15 DEBUG o.h.p.w.spi.MetamodelGraphWalker - Visiting attribute path : address
2024-11-04 15:08:15 DEBUG o.h.p.w.spi.MetamodelGraphWalker - Visiting attribute path : dateOfBirth
2024-11-04 15:08:15 DEBUG o.h.p.w.spi.MetamodelGraphWalker - Visiting attribute path : trainers
2024-11-04 15:08:15 DEBUG o.h.l.p.b.i.spaces.QuerySpacesImpl - Adding QuerySpace : uid = <gen:1> -> org.hibernate.loader.plan.build.internal.spaces.CollectionQuerySpaceImpl@4e17442f]
2024-11-04 15:08:15 DEBUG o.h.l.p.b.i.spaces.QuerySpacesImpl - Adding QuerySpace : uid = <gen:2> -> org.hibernate.loader.plan.build.internal.spaces.EntityQuerySpaceImpl@4f5c30b1]
2024-11-04 15:08:15 DEBUG o.h.p.w.spi.MetamodelGraphWalker - Visiting attribute path : trainings
2024-11-04 15:08:15 DEBUG o.h.l.p.b.i.spaces.QuerySpacesImpl - Adding QuerySpace : uid = <gen:3> -> org.hibernate.loader.plan.build.internal.spaces.CollectionQuerySpaceImpl@62e73ab6]
2024-11-04 15:08:15 DEBUG o.h.l.p.b.i.spaces.QuerySpacesImpl - Adding QuerySpace : uid = <gen:4> -> org.hibernate.loader.plan.build.internal.spaces.EntityQuerySpaceImpl@5d7f8467]
2024-11-04 15:08:15 DEBUG o.h.p.w.spi.MetamodelGraphWalker - Visiting attribute path : user
2024-11-04 15:08:15 DEBUG o.h.l.p.b.i.spaces.QuerySpacesImpl - Adding QuerySpace : uid = <gen:5> -> org.hibernate.loader.plan.build.internal.spaces.EntityQuerySpaceImpl@29bd85db]
2024-11-04 15:08:15 DEBUG o.h.p.w.spi.MetamodelGraphWalker - Visiting attribute path : user.active
2024-11-04 15:08:15 DEBUG o.h.p.w.spi.MetamodelGraphWalker - Visiting attribute path : user.firstName
2024-11-04 15:08:15 DEBUG o.h.p.w.spi.MetamodelGraphWalker - Visiting attribute path : user.lastName
2024-11-04 15:08:15 DEBUG o.h.p.w.spi.MetamodelGraphWalker - Visiting attribute path : user.password
2024-11-04 15:08:15 DEBUG o.h.p.w.spi.MetamodelGraphWalker - Visiting attribute path : user.username
2024-11-04 15:08:15 DEBUG o.h.l.p.b.i.FetchStyleLoadPlanBuildingAssociationVisitationStrategy - Building LoadPlan...
2024-11-04 15:08:15 DEBUG o.h.l.p.e.i.LoadQueryJoinAndFetchProcessor - processing queryspace <gen:0>
2024-11-04 15:08:15 DEBUG o.h.l.p.b.spi.LoadPlanTreePrinter - LoadPlan(entity=org.example.gym.entity.Trainee)
    - Returns
       - EntityReturnImpl(entity=org.example.gym.entity.Trainee, querySpaceUid=<gen:0>, path=org.example.gym.entity.Trainee)
          - CollectionAttributeFetchImpl(collection=org.example.gym.entity.Trainee.trainers, querySpaceUid=<gen:1>, path=org.example.gym.entity.Trainee.trainers)
             - (collection element) CollectionFetchableElementEntityGraph(entity=org.example.gym.entity.Trainer, querySpaceUid=<gen:2>, path=org.example.gym.entity.Trainee.trainers.<elements>)
          - CollectionAttributeFetchImpl(collection=org.example.gym.entity.Trainee.trainings, querySpaceUid=<gen:3>, path=org.example.gym.entity.Trainee.trainings)
             - (collection element) CollectionFetchableElementEntityGraph(entity=org.example.gym.entity.Training, querySpaceUid=<gen:4>, path=org.example.gym.entity.Trainee.trainings.<elements>)
          - EntityAttributeFetchImpl(entity=org.example.gym.entity.User, querySpaceUid=<gen:5>, path=org.example.gym.entity.Trainee.user)
    - QuerySpaces
       - EntityQuerySpaceImpl(uid=<gen:0>, entity=org.example.gym.entity.Trainee)
          - SQL table alias mapping - trainee0_
          - alias suffix - 0_
          - suffixed key columns - {traineei1_0_0_}
          - JOIN (JoinDefinedByMetadata(user)) : <gen:0> -> <gen:5>
             - EntityQuerySpaceImpl(uid=<gen:5>, entity=org.example.gym.entity.User)
                - SQL table alias mapping - user1_
                - alias suffix - 1_
                - suffixed key columns - {id1_5_1_}

2024-11-04 15:08:15 DEBUG o.h.loader.entity.plan.EntityLoader - Static select for entity org.example.gym.entity.Trainee [NONE]: select trainee0_.traineeId as traineei1_0_0_, trainee0_.address as address2_0_0_, trainee0_.dateOfBirth as dateofbi3_0_0_, trainee0_.user_id as user_id4_0_0_, user1_.id as id1_5_1_, user1_.isActive as isactive2_5_1_, user1_.firstName as firstnam3_5_1_, user1_.lastName as lastname4_5_1_, user1_.password as password5_5_1_, user1_.username as username6_5_1_ from Trainee trainee0_ left outer join "user" user1_ on trainee0_.user_id=user1_.id where trainee0_.traineeId=?
2024-11-04 15:08:15 DEBUG o.h.p.entity.AbstractEntityPersister - Static SQL for entity: org.example.gym.entity.User
2024-11-04 15:08:15 DEBUG o.h.p.entity.AbstractEntityPersister -  Version select: /* get version org.example.gym.entity.User */ select id from "user" where id =?
2024-11-04 15:08:15 DEBUG o.h.p.entity.AbstractEntityPersister -  Snapshot select: /* get current state org.example.gym.entity.User */ select user_.id, user_.isActive as isactive2_5_, user_.firstName as firstnam3_5_, user_.lastName as lastname4_5_, user_.password as password5_5_, user_.username as username6_5_ from "user" user_ where user_.id=?
2024-11-04 15:08:15 DEBUG o.h.p.entity.AbstractEntityPersister -  Insert 0: /* insert org.example.gym.entity.User */ insert into "user" (isActive, firstName, lastName, password, username, id) values (?, ?, ?, ?, ?, ?)
2024-11-04 15:08:15 DEBUG o.h.p.entity.AbstractEntityPersister -  Update 0: /* update org.example.gym.entity.User */ update "user" set isActive=?, firstName=?, lastName=?, password=?, username=? where id=?
2024-11-04 15:08:15 DEBUG o.h.p.entity.AbstractEntityPersister -  Delete 0: /* delete org.example.gym.entity.User */ delete from "user" where id=?
2024-11-04 15:08:15 DEBUG o.h.p.entity.AbstractEntityPersister -  Identity insert: /* insert org.example.gym.entity.User */ insert into "user" (isActive, firstName, lastName, password, username) values (?, ?, ?, ?, ?)
2024-11-04 15:08:15 DEBUG o.h.l.p.b.i.spaces.QuerySpacesImpl - Adding QuerySpace : uid = <gen:0> -> org.hibernate.loader.plan.build.internal.spaces.EntityQuerySpaceImpl@5c234920]
2024-11-04 15:08:15 DEBUG o.h.p.w.spi.MetamodelGraphWalker - Visiting attribute path : active
2024-11-04 15:08:15 DEBUG o.h.p.w.spi.MetamodelGraphWalker - Visiting attribute path : firstName
2024-11-04 15:08:15 DEBUG o.h.p.w.spi.MetamodelGraphWalker - Visiting attribute path : lastName
2024-11-04 15:08:15 DEBUG o.h.p.w.spi.MetamodelGraphWalker - Visiting attribute path : password
2024-11-04 15:08:15 DEBUG o.h.p.w.spi.MetamodelGraphWalker - Visiting attribute path : username
2024-11-04 15:08:15 DEBUG o.h.l.p.b.i.FetchStyleLoadPlanBuildingAssociationVisitationStrategy - Building LoadPlan...
2024-11-04 15:08:15 DEBUG o.h.l.p.e.i.LoadQueryJoinAndFetchProcessor - processing queryspace <gen:0>
2024-11-04 15:08:15 DEBUG o.h.l.p.b.spi.LoadPlanTreePrinter - LoadPlan(entity=org.example.gym.entity.User)
    - Returns
       - EntityReturnImpl(entity=org.example.gym.entity.User, querySpaceUid=<gen:0>, path=org.example.gym.entity.User)
    - QuerySpaces
       - EntityQuerySpaceImpl(uid=<gen:0>, entity=org.example.gym.entity.User)
          - SQL table alias mapping - user0_
          - alias suffix - 0_
          - suffixed key columns - {id1_5_0_}

2024-11-04 15:08:15 DEBUG o.h.loader.entity.plan.EntityLoader - Static select for entity org.example.gym.entity.User [NONE]: select user0_.id as id1_5_0_, user0_.isActive as isactive2_5_0_, user0_.firstName as firstnam3_5_0_, user0_.lastName as lastname4_5_0_, user0_.password as password5_5_0_, user0_.username as username6_5_0_ from "user" user0_ where user0_.id=?
2024-11-04 15:08:15 DEBUG o.h.p.entity.AbstractEntityPersister - Static SQL for entity: org.example.gym.entity.TrainingType
2024-11-04 15:08:15 DEBUG o.h.p.entity.AbstractEntityPersister -  Version select: /* get version org.example.gym.entity.TrainingType */ select id from TrainingType where id =?
2024-11-04 15:08:15 DEBUG o.h.p.entity.AbstractEntityPersister -  Snapshot select: /* get current state org.example.gym.entity.TrainingType */ select trainingty_.id, trainingty_.trainingType as training2_4_ from TrainingType trainingty_ where trainingty_.id=?
2024-11-04 15:08:15 DEBUG o.h.p.entity.AbstractEntityPersister -  Insert 0: /* insert org.example.gym.entity.TrainingType */ insert into TrainingType (trainingType, id) values (?, ?)
2024-11-04 15:08:15 DEBUG o.h.p.entity.AbstractEntityPersister -  Update 0: /* update org.example.gym.entity.TrainingType */ update TrainingType set trainingType=? where id=?
2024-11-04 15:08:15 DEBUG o.h.p.entity.AbstractEntityPersister -  Delete 0: /* delete org.example.gym.entity.TrainingType */ delete from TrainingType where id=?
2024-11-04 15:08:15 DEBUG o.h.p.entity.AbstractEntityPersister -  Identity insert: /* insert org.example.gym.entity.TrainingType */ insert into TrainingType (trainingType) values (?)
2024-11-04 15:08:15 DEBUG o.h.l.p.b.i.spaces.QuerySpacesImpl - Adding QuerySpace : uid = <gen:0> -> org.hibernate.loader.plan.build.internal.spaces.EntityQuerySpaceImpl@38087342]
2024-11-04 15:08:15 DEBUG o.h.p.w.spi.MetamodelGraphWalker - Visiting attribute path : trainingType
2024-11-04 15:08:15 DEBUG o.h.l.p.b.i.FetchStyleLoadPlanBuildingAssociationVisitationStrategy - Building LoadPlan...
2024-11-04 15:08:15 DEBUG o.h.l.p.e.i.LoadQueryJoinAndFetchProcessor - processing queryspace <gen:0>
2024-11-04 15:08:15 DEBUG o.h.l.p.b.spi.LoadPlanTreePrinter - LoadPlan(entity=org.example.gym.entity.TrainingType)
    - Returns
       - EntityReturnImpl(entity=org.example.gym.entity.TrainingType, querySpaceUid=<gen:0>, path=org.example.gym.entity.TrainingType)
    - QuerySpaces
       - EntityQuerySpaceImpl(uid=<gen:0>, entity=org.example.gym.entity.TrainingType)
          - SQL table alias mapping - trainingty0_
          - alias suffix - 0_
          - suffixed key columns - {id1_4_0_}

2024-11-04 15:08:15 DEBUG o.h.loader.entity.plan.EntityLoader - Static select for entity org.example.gym.entity.TrainingType [NONE]: select trainingty0_.id as id1_4_0_, trainingty0_.trainingType as training2_4_0_ from TrainingType trainingty0_ where trainingty0_.id=?
2024-11-04 15:08:15 DEBUG o.h.p.entity.AbstractEntityPersister - Static SQL for entity: org.example.gym.entity.Trainer
2024-11-04 15:08:15 DEBUG o.h.p.entity.AbstractEntityPersister -  Version select: /* get version org.example.gym.entity.Trainer */ select trainerId from Trainer where trainerId =?
2024-11-04 15:08:15 DEBUG o.h.p.entity.AbstractEntityPersister -  Snapshot select: /* get current state org.example.gym.entity.Trainer */ select trainer_.trainerId, trainer_.specialization_id as speciali2_2_, trainer_.user_id as user_id3_2_ from Trainer trainer_ where trainer_.trainerId=?
2024-11-04 15:08:15 DEBUG o.h.p.entity.AbstractEntityPersister -  Insert 0: /* insert org.example.gym.entity.Trainer */ insert into Trainer (specialization_id, user_id, trainerId) values (?, ?, ?)
2024-11-04 15:08:15 DEBUG o.h.p.entity.AbstractEntityPersister -  Update 0: /* update org.example.gym.entity.Trainer */ update Trainer set specialization_id=?, user_id=? where trainerId=?
2024-11-04 15:08:15 DEBUG o.h.p.entity.AbstractEntityPersister -  Delete 0: /* delete org.example.gym.entity.Trainer */ delete from Trainer where trainerId=?
2024-11-04 15:08:15 DEBUG o.h.p.entity.AbstractEntityPersister -  Identity insert: /* insert org.example.gym.entity.Trainer */ insert into Trainer (specialization_id, user_id) values (?, ?)
2024-11-04 15:08:15 DEBUG o.h.l.p.b.i.spaces.QuerySpacesImpl - Adding QuerySpace : uid = <gen:0> -> org.hibernate.loader.plan.build.internal.spaces.EntityQuerySpaceImpl@2eb1c615]
2024-11-04 15:08:15 DEBUG o.h.p.w.spi.MetamodelGraphWalker - Visiting attribute path : specialization
2024-11-04 15:08:15 DEBUG o.h.l.p.b.i.spaces.QuerySpacesImpl - Adding QuerySpace : uid = <gen:1> -> org.hibernate.loader.plan.build.internal.spaces.EntityQuerySpaceImpl@5d9d2119]
2024-11-04 15:08:15 DEBUG o.h.p.w.spi.MetamodelGraphWalker - Visiting attribute path : specialization.trainingType
2024-11-04 15:08:15 DEBUG o.h.p.w.spi.MetamodelGraphWalker - Visiting attribute path : trainees
2024-11-04 15:08:15 DEBUG o.h.l.p.b.i.spaces.QuerySpacesImpl - Adding QuerySpace : uid = <gen:2> -> org.hibernate.loader.plan.build.internal.spaces.CollectionQuerySpaceImpl@7ae590f6]
2024-11-04 15:08:15 DEBUG o.h.l.p.b.i.spaces.QuerySpacesImpl - Adding QuerySpace : uid = <gen:3> -> org.hibernate.loader.plan.build.internal.spaces.EntityQuerySpaceImpl@7ab63838]
2024-11-04 15:08:15 DEBUG o.h.p.w.spi.MetamodelGraphWalker - Visiting attribute path : trainings
2024-11-04 15:08:15 DEBUG o.h.l.p.b.i.spaces.QuerySpacesImpl - Adding QuerySpace : uid = <gen:4> -> org.hibernate.loader.plan.build.internal.spaces.CollectionQuerySpaceImpl@4e974b9e]
2024-11-04 15:08:15 DEBUG o.h.l.p.b.i.spaces.QuerySpacesImpl - Adding QuerySpace : uid = <gen:5> -> org.hibernate.loader.plan.build.internal.spaces.EntityQuerySpaceImpl@370c7cc5]
2024-11-04 15:08:15 DEBUG o.h.p.w.spi.MetamodelGraphWalker - Visiting attribute path : user
2024-11-04 15:08:15 DEBUG o.h.l.p.b.i.spaces.QuerySpacesImpl - Adding QuerySpace : uid = <gen:6> -> org.hibernate.loader.plan.build.internal.spaces.EntityQuerySpaceImpl@61b838f2]
2024-11-04 15:08:15 DEBUG o.h.p.w.spi.MetamodelGraphWalker - Visiting attribute path : user.active
2024-11-04 15:08:15 DEBUG o.h.p.w.spi.MetamodelGraphWalker - Visiting attribute path : user.firstName
2024-11-04 15:08:15 DEBUG o.h.p.w.spi.MetamodelGraphWalker - Visiting attribute path : user.lastName
2024-11-04 15:08:15 DEBUG o.h.p.w.spi.MetamodelGraphWalker - Visiting attribute path : user.password
2024-11-04 15:08:15 DEBUG o.h.p.w.spi.MetamodelGraphWalker - Visiting attribute path : user.username
2024-11-04 15:08:15 DEBUG o.h.l.p.b.i.FetchStyleLoadPlanBuildingAssociationVisitationStrategy - Building LoadPlan...
2024-11-04 15:08:15 DEBUG o.h.l.p.e.i.LoadQueryJoinAndFetchProcessor - processing queryspace <gen:0>
2024-11-04 15:08:15 DEBUG o.h.l.p.b.spi.LoadPlanTreePrinter - LoadPlan(entity=org.example.gym.entity.Trainer)
    - Returns
       - EntityReturnImpl(entity=org.example.gym.entity.Trainer, querySpaceUid=<gen:0>, path=org.example.gym.entity.Trainer)
          - EntityAttributeFetchImpl(entity=org.example.gym.entity.TrainingType, querySpaceUid=<gen:1>, path=org.example.gym.entity.Trainer.specialization)
          - CollectionAttributeFetchImpl(collection=org.example.gym.entity.Trainer.trainees, querySpaceUid=<gen:2>, path=org.example.gym.entity.Trainer.trainees)
             - (collection element) CollectionFetchableElementEntityGraph(entity=org.example.gym.entity.Trainee, querySpaceUid=<gen:3>, path=org.example.gym.entity.Trainer.trainees.<elements>)
          - CollectionAttributeFetchImpl(collection=org.example.gym.entity.Trainer.trainings, querySpaceUid=<gen:4>, path=org.example.gym.entity.Trainer.trainings)
             - (collection element) CollectionFetchableElementEntityGraph(entity=org.example.gym.entity.Training, querySpaceUid=<gen:5>, path=org.example.gym.entity.Trainer.trainings.<elements>)
          - EntityAttributeFetchImpl(entity=org.example.gym.entity.User, querySpaceUid=<gen:6>, path=org.example.gym.entity.Trainer.user)
    - QuerySpaces
       - EntityQuerySpaceImpl(uid=<gen:0>, entity=org.example.gym.entity.Trainer)
          - SQL table alias mapping - trainer0_
          - alias suffix - 0_
          - suffixed key columns - {traineri1_2_0_}
          - JOIN (JoinDefinedByMetadata(specialization)) : <gen:0> -> <gen:1>
             - EntityQuerySpaceImpl(uid=<gen:1>, entity=org.example.gym.entity.TrainingType)
                - SQL table alias mapping - trainingty1_
                - alias suffix - 1_
                - suffixed key columns - {id1_4_1_}
          - JOIN (JoinDefinedByMetadata(user)) : <gen:0> -> <gen:6>
             - EntityQuerySpaceImpl(uid=<gen:6>, entity=org.example.gym.entity.User)
                - SQL table alias mapping - user2_
                - alias suffix - 2_
                - suffixed key columns - {id1_5_2_}

2024-11-04 15:08:15 DEBUG o.h.loader.entity.plan.EntityLoader - Static select for entity org.example.gym.entity.Trainer [NONE]: select trainer0_.trainerId as traineri1_2_0_, trainer0_.specialization_id as speciali2_2_0_, trainer0_.user_id as user_id3_2_0_, trainingty1_.id as id1_4_1_, trainingty1_.trainingType as training2_4_1_, user2_.id as id1_5_2_, user2_.isActive as isactive2_5_2_, user2_.firstName as firstnam3_5_2_, user2_.lastName as lastname4_5_2_, user2_.password as password5_5_2_, user2_.username as username6_5_2_ from Trainer trainer0_ inner join TrainingType trainingty1_ on trainer0_.specialization_id=trainingty1_.id left outer join "user" user2_ on trainer0_.user_id=user2_.id where trainer0_.trainerId=?
2024-11-04 15:08:15 DEBUG o.h.l.p.b.i.spaces.QuerySpacesImpl - Adding QuerySpace : uid = <gen:0> -> org.hibernate.loader.plan.build.internal.spaces.CollectionQuerySpaceImpl@5ebbde60]
2024-11-04 15:08:15 DEBUG o.h.l.p.b.i.spaces.QuerySpacesImpl - Adding QuerySpace : uid = <gen:1> -> org.hibernate.loader.plan.build.internal.spaces.EntityQuerySpaceImpl@a056b26]
2024-11-04 15:08:15 DEBUG o.h.p.w.spi.MetamodelGraphWalker - Visiting attribute path : specialization
2024-11-04 15:08:15 DEBUG o.h.l.p.b.i.spaces.QuerySpacesImpl - Adding QuerySpace : uid = <gen:2> -> org.hibernate.loader.plan.build.internal.spaces.EntityQuerySpaceImpl@25c1f5ee]
2024-11-04 15:08:15 DEBUG o.h.p.w.spi.MetamodelGraphWalker - Visiting attribute path : specialization.trainingType
2024-11-04 15:08:15 DEBUG o.h.p.w.spi.MetamodelGraphWalker - Visiting attribute path : trainees
2024-11-04 15:08:15 DEBUG o.h.p.w.spi.MetamodelGraphWalker - Property path deemed to be circular : trainees
2024-11-04 15:08:15 DEBUG o.h.p.w.spi.MetamodelGraphWalker - Visiting attribute path : trainings
2024-11-04 15:08:15 DEBUG o.h.l.p.b.i.spaces.QuerySpacesImpl - Adding QuerySpace : uid = <gen:3> -> org.hibernate.loader.plan.build.internal.spaces.CollectionQuerySpaceImpl@7bf018dd]
2024-11-04 15:08:15 DEBUG o.h.l.p.b.i.spaces.QuerySpacesImpl - Adding QuerySpace : uid = <gen:4> -> org.hibernate.loader.plan.build.internal.spaces.EntityQuerySpaceImpl@15a8cebd]
2024-11-04 15:08:15 DEBUG o.h.p.w.spi.MetamodelGraphWalker - Visiting attribute path : user
2024-11-04 15:08:15 DEBUG o.h.l.p.b.i.spaces.QuerySpacesImpl - Adding QuerySpace : uid = <gen:5> -> org.hibernate.loader.plan.build.internal.spaces.EntityQuerySpaceImpl@3f6c2763]
2024-11-04 15:08:15 DEBUG o.h.p.w.spi.MetamodelGraphWalker - Visiting attribute path : user.active
2024-11-04 15:08:15 DEBUG o.h.p.w.spi.MetamodelGraphWalker - Visiting attribute path : user.firstName
2024-11-04 15:08:15 DEBUG o.h.p.w.spi.MetamodelGraphWalker - Visiting attribute path : user.lastName
2024-11-04 15:08:15 DEBUG o.h.p.w.spi.MetamodelGraphWalker - Visiting attribute path : user.password
2024-11-04 15:08:15 DEBUG o.h.p.w.spi.MetamodelGraphWalker - Visiting attribute path : user.username
2024-11-04 15:08:15 DEBUG o.h.l.p.b.i.FetchStyleLoadPlanBuildingAssociationVisitationStrategy - Building LoadPlan...
2024-11-04 15:08:15 DEBUG o.h.l.p.e.i.LoadQueryJoinAndFetchProcessor - processing queryspace <gen:0>
2024-11-04 15:08:15 DEBUG o.h.l.p.b.spi.LoadPlanTreePrinter - LoadPlan(collection=org.example.gym.entity.Trainee.trainers)
    - Returns
       - CollectionReturnImpl(collection=org.example.gym.entity.Trainee.trainers, querySpaceUid=<gen:0>, path=[org.example.gym.entity.Trainee.trainers])
          - (collection element) CollectionFetchableElementEntityGraph(entity=org.example.gym.entity.Trainer, querySpaceUid=<gen:1>, path=[org.example.gym.entity.Trainee.trainers].<elements>)
             - EntityAttributeFetchImpl(entity=org.example.gym.entity.TrainingType, querySpaceUid=<gen:2>, path=[org.example.gym.entity.Trainee.trainers].<elements>.specialization)
             - CollectionAttributeFetchImpl(collection=org.example.gym.entity.Trainer.trainings, querySpaceUid=<gen:3>, path=[org.example.gym.entity.Trainee.trainers].<elements>.trainings)
                - (collection element) CollectionFetchableElementEntityGraph(entity=org.example.gym.entity.Training, querySpaceUid=<gen:4>, path=[org.example.gym.entity.Trainee.trainers].<elements>.trainings.<elements>)
             - EntityAttributeFetchImpl(entity=org.example.gym.entity.User, querySpaceUid=<gen:5>, path=[org.example.gym.entity.Trainee.trainers].<elements>.user)
    - QuerySpaces
       - CollectionQuerySpaceImpl(uid=<gen:0>, collection=org.example.gym.entity.Trainee.trainers)
          - SQL table alias mapping - trainers0_
          - alias suffix - 0_
          - suffixed key columns - {trainee_1_1_0_}
          - entity-element alias suffix - 1_
          - 1_entity-element suffixed key columns - traineri1_2_1_
          - JOIN (JoinDefinedByMetadata(elements)) : <gen:0> -> <gen:1>
             - EntityQuerySpaceImpl(uid=<gen:1>, entity=org.example.gym.entity.Trainer)
                - SQL table alias mapping - trainer1_
                - alias suffix - 1_
                - suffixed key columns - {traineri1_2_1_}
                - JOIN (JoinDefinedByMetadata(specialization)) : <gen:1> -> <gen:2>
                   - EntityQuerySpaceImpl(uid=<gen:2>, entity=org.example.gym.entity.TrainingType)
                      - SQL table alias mapping - trainingty2_
                      - alias suffix - 2_
                      - suffixed key columns - {id1_4_2_}
                - JOIN (JoinDefinedByMetadata(user)) : <gen:1> -> <gen:5>
                   - EntityQuerySpaceImpl(uid=<gen:5>, entity=org.example.gym.entity.User)
                      - SQL table alias mapping - user3_
                      - alias suffix - 3_
                      - suffixed key columns - {id1_5_3_}

2024-11-04 15:08:15 DEBUG o.h.l.c.plan.CollectionLoader - Static select for collection org.example.gym.entity.Trainee.trainers: select trainers0_.trainee_id as trainee_1_1_0_, trainers0_.trainer_id as trainer_2_1_0_, trainer1_.trainerId as traineri1_2_1_, trainer1_.specialization_id as speciali2_2_1_, trainer1_.user_id as user_id3_2_1_, trainingty2_.id as id1_4_2_, trainingty2_.trainingType as training2_4_2_, user3_.id as id1_5_3_, user3_.isActive as isactive2_5_3_, user3_.firstName as firstnam3_5_3_, user3_.lastName as lastname4_5_3_, user3_.password as password5_5_3_, user3_.username as username6_5_3_ from trainee2trainer trainers0_ inner join Trainer trainer1_ on trainers0_.trainer_id=trainer1_.trainerId inner join TrainingType trainingty2_ on trainer1_.specialization_id=trainingty2_.id left outer join "user" user3_ on trainer1_.user_id=user3_.id where trainers0_.trainee_id=?
2024-11-04 15:08:15 DEBUG o.h.l.p.b.i.spaces.QuerySpacesImpl - Adding QuerySpace : uid = <gen:0> -> org.hibernate.loader.plan.build.internal.spaces.CollectionQuerySpaceImpl@274fdea6]
2024-11-04 15:08:15 DEBUG o.h.l.p.b.i.spaces.QuerySpacesImpl - Adding QuerySpace : uid = <gen:1> -> org.hibernate.loader.plan.build.internal.spaces.EntityQuerySpaceImpl@74c121d4]
2024-11-04 15:08:15 DEBUG o.h.p.w.spi.MetamodelGraphWalker - Visiting attribute path : address
2024-11-04 15:08:15 DEBUG o.h.p.w.spi.MetamodelGraphWalker - Visiting attribute path : dateOfBirth
2024-11-04 15:08:15 DEBUG o.h.p.w.spi.MetamodelGraphWalker - Visiting attribute path : trainers
2024-11-04 15:08:15 DEBUG o.h.p.w.spi.MetamodelGraphWalker - Property path deemed to be circular : trainers
2024-11-04 15:08:15 DEBUG o.h.p.w.spi.MetamodelGraphWalker - Visiting attribute path : trainings
2024-11-04 15:08:15 DEBUG o.h.l.p.b.i.spaces.QuerySpacesImpl - Adding QuerySpace : uid = <gen:2> -> org.hibernate.loader.plan.build.internal.spaces.CollectionQuerySpaceImpl@3ffd4b12]
2024-11-04 15:08:15 DEBUG o.h.l.p.b.i.spaces.QuerySpacesImpl - Adding QuerySpace : uid = <gen:3> -> org.hibernate.loader.plan.build.internal.spaces.EntityQuerySpaceImpl@424f02b8]
2024-11-04 15:08:15 DEBUG o.h.p.w.spi.MetamodelGraphWalker - Visiting attribute path : user
2024-11-04 15:08:15 DEBUG o.h.l.p.b.i.spaces.QuerySpacesImpl - Adding QuerySpace : uid = <gen:4> -> org.hibernate.loader.plan.build.internal.spaces.EntityQuerySpaceImpl@2ad7bd26]
2024-11-04 15:08:15 DEBUG o.h.p.w.spi.MetamodelGraphWalker - Visiting attribute path : user.active
2024-11-04 15:08:15 DEBUG o.h.p.w.spi.MetamodelGraphWalker - Visiting attribute path : user.firstName
2024-11-04 15:08:15 DEBUG o.h.p.w.spi.MetamodelGraphWalker - Visiting attribute path : user.lastName
2024-11-04 15:08:15 DEBUG o.h.p.w.spi.MetamodelGraphWalker - Visiting attribute path : user.password
2024-11-04 15:08:15 DEBUG o.h.p.w.spi.MetamodelGraphWalker - Visiting attribute path : user.username
2024-11-04 15:08:15 DEBUG o.h.l.p.b.i.FetchStyleLoadPlanBuildingAssociationVisitationStrategy - Building LoadPlan...
2024-11-04 15:08:15 DEBUG o.h.l.p.e.i.LoadQueryJoinAndFetchProcessor - processing queryspace <gen:0>
2024-11-04 15:08:15 DEBUG o.h.l.p.b.spi.LoadPlanTreePrinter - LoadPlan(collection=org.example.gym.entity.Trainer.trainees)
    - Returns
       - CollectionReturnImpl(collection=org.example.gym.entity.Trainer.trainees, querySpaceUid=<gen:0>, path=[org.example.gym.entity.Trainer.trainees])
          - (collection element) CollectionFetchableElementEntityGraph(entity=org.example.gym.entity.Trainee, querySpaceUid=<gen:1>, path=[org.example.gym.entity.Trainer.trainees].<elements>)
             - CollectionAttributeFetchImpl(collection=org.example.gym.entity.Trainee.trainings, querySpaceUid=<gen:2>, path=[org.example.gym.entity.Trainer.trainees].<elements>.trainings)
                - (collection element) CollectionFetchableElementEntityGraph(entity=org.example.gym.entity.Training, querySpaceUid=<gen:3>, path=[org.example.gym.entity.Trainer.trainees].<elements>.trainings.<elements>)
             - EntityAttributeFetchImpl(entity=org.example.gym.entity.User, querySpaceUid=<gen:4>, path=[org.example.gym.entity.Trainer.trainees].<elements>.user)
    - QuerySpaces
       - CollectionQuerySpaceImpl(uid=<gen:0>, collection=org.example.gym.entity.Trainer.trainees)
          - SQL table alias mapping - trainees0_
          - alias suffix - 0_
          - suffixed key columns - {trainer_2_1_0_}
          - entity-element alias suffix - 1_
          - 1_entity-element suffixed key columns - traineei1_0_1_
          - JOIN (JoinDefinedByMetadata(elements)) : <gen:0> -> <gen:1>
             - EntityQuerySpaceImpl(uid=<gen:1>, entity=org.example.gym.entity.Trainee)
                - SQL table alias mapping - trainee1_
                - alias suffix - 1_
                - suffixed key columns - {traineei1_0_1_}
                - JOIN (JoinDefinedByMetadata(user)) : <gen:1> -> <gen:4>
                   - EntityQuerySpaceImpl(uid=<gen:4>, entity=org.example.gym.entity.User)
                      - SQL table alias mapping - user2_
                      - alias suffix - 2_
                      - suffixed key columns - {id1_5_2_}

2024-11-04 15:08:15 DEBUG o.h.l.c.plan.CollectionLoader - Static select for collection org.example.gym.entity.Trainer.trainees: select trainees0_.trainer_id as trainer_2_1_0_, trainees0_.trainee_id as trainee_1_1_0_, trainee1_.traineeId as traineei1_0_1_, trainee1_.address as address2_0_1_, trainee1_.dateOfBirth as dateofbi3_0_1_, trainee1_.user_id as user_id4_0_1_, user2_.id as id1_5_2_, user2_.isActive as isactive2_5_2_, user2_.firstName as firstnam3_5_2_, user2_.lastName as lastname4_5_2_, user2_.password as password5_5_2_, user2_.username as username6_5_2_ from trainee2trainer trainees0_ inner join Trainee trainee1_ on trainees0_.trainee_id=trainee1_.traineeId left outer join "user" user2_ on trainee1_.user_id=user2_.id where trainees0_.trainer_id=?
2024-11-04 15:08:15 DEBUG o.h.l.p.b.i.spaces.QuerySpacesImpl - Adding QuerySpace : uid = <gen:0> -> org.hibernate.loader.plan.build.internal.spaces.CollectionQuerySpaceImpl@69b3886f]
2024-11-04 15:08:15 DEBUG o.h.l.p.b.i.spaces.QuerySpacesImpl - Adding QuerySpace : uid = <gen:1> -> org.hibernate.loader.plan.build.internal.spaces.EntityQuerySpaceImpl@53d30d23]
2024-11-04 15:08:15 DEBUG o.h.p.w.spi.MetamodelGraphWalker - Visiting attribute path : trainee
2024-11-04 15:08:15 DEBUG o.h.p.w.spi.MetamodelGraphWalker - Property path deemed to be circular : trainee
2024-11-04 15:08:15 DEBUG o.h.p.w.spi.MetamodelGraphWalker - Visiting attribute path : trainer
2024-11-04 15:08:15 DEBUG o.h.l.p.b.i.spaces.QuerySpacesImpl - Adding QuerySpace : uid = <gen:2> -> org.hibernate.loader.plan.build.internal.spaces.EntityQuerySpaceImpl@1216eb3f]
2024-11-04 15:08:15 DEBUG o.h.p.w.spi.MetamodelGraphWalker - Visiting attribute path : trainer.specialization
2024-11-04 15:08:15 DEBUG o.h.l.p.b.i.spaces.QuerySpacesImpl - Adding QuerySpace : uid = <gen:3> -> org.hibernate.loader.plan.build.internal.spaces.EntityQuerySpaceImpl@482ba4b1]
2024-11-04 15:08:15 DEBUG o.h.p.w.spi.MetamodelGraphWalker - Visiting attribute path : trainer.specialization.trainingType
2024-11-04 15:08:15 DEBUG o.h.p.w.spi.MetamodelGraphWalker - Visiting attribute path : trainer.trainees
2024-11-04 15:08:15 DEBUG o.h.l.p.b.i.spaces.QuerySpacesImpl - Adding QuerySpace : uid = <gen:4> -> org.hibernate.loader.plan.build.internal.spaces.CollectionQuerySpaceImpl@1510b9a2]
2024-11-04 15:08:15 DEBUG o.h.l.p.b.i.spaces.QuerySpacesImpl - Adding QuerySpace : uid = <gen:5> -> org.hibernate.loader.plan.build.internal.spaces.EntityQuerySpaceImpl@76a6f045]
2024-11-04 15:08:15 DEBUG o.h.p.w.spi.MetamodelGraphWalker - Visiting attribute path : trainer.trainings
2024-11-04 15:08:15 DEBUG o.h.p.w.spi.MetamodelGraphWalker - Property path deemed to be circular : trainer.trainings
2024-11-04 15:08:15 DEBUG o.h.p.w.spi.MetamodelGraphWalker - Visiting attribute path : trainer.user
2024-11-04 15:08:15 DEBUG o.h.l.p.b.i.spaces.QuerySpacesImpl - Adding QuerySpace : uid = <gen:6> -> org.hibernate.loader.plan.build.internal.spaces.EntityQuerySpaceImpl@633ddc0c]
2024-11-04 15:08:15 DEBUG o.h.p.w.spi.MetamodelGraphWalker - Visiting attribute path : trainer.user.active
2024-11-04 15:08:15 DEBUG o.h.p.w.spi.MetamodelGraphWalker - Visiting attribute path : trainer.user.firstName
2024-11-04 15:08:15 DEBUG o.h.p.w.spi.MetamodelGraphWalker - Visiting attribute path : trainer.user.lastName
2024-11-04 15:08:15 DEBUG o.h.p.w.spi.MetamodelGraphWalker - Visiting attribute path : trainer.user.password
2024-11-04 15:08:15 DEBUG o.h.p.w.spi.MetamodelGraphWalker - Visiting attribute path : trainer.user.username
2024-11-04 15:08:15 DEBUG o.h.p.w.spi.MetamodelGraphWalker - Visiting attribute path : trainingDate
2024-11-04 15:08:15 DEBUG o.h.p.w.spi.MetamodelGraphWalker - Visiting attribute path : trainingDuration
2024-11-04 15:08:15 DEBUG o.h.p.w.spi.MetamodelGraphWalker - Visiting attribute path : trainingName
2024-11-04 15:08:15 DEBUG o.h.p.w.spi.MetamodelGraphWalker - Visiting attribute path : trainingType
2024-11-04 15:08:15 DEBUG o.h.l.p.b.i.spaces.QuerySpacesImpl - Adding QuerySpace : uid = <gen:7> -> org.hibernate.loader.plan.build.internal.spaces.EntityQuerySpaceImpl@1471b98d]
2024-11-04 15:08:15 DEBUG o.h.p.w.spi.MetamodelGraphWalker - Visiting attribute path : trainingType.trainingType
2024-11-04 15:08:15 DEBUG o.h.l.p.b.i.FetchStyleLoadPlanBuildingAssociationVisitationStrategy - Building LoadPlan...
2024-11-04 15:08:15 DEBUG o.h.l.p.e.i.LoadQueryJoinAndFetchProcessor - processing queryspace <gen:0>
2024-11-04 15:08:15 DEBUG o.h.l.p.b.spi.LoadPlanTreePrinter - LoadPlan(collection=org.example.gym.entity.Trainee.trainings)
    - Returns
       - CollectionReturnImpl(collection=org.example.gym.entity.Trainee.trainings, querySpaceUid=<gen:0>, path=[org.example.gym.entity.Trainee.trainings])
          - (collection element) CollectionFetchableElementEntityGraph(entity=org.example.gym.entity.Training, querySpaceUid=<gen:1>, path=[org.example.gym.entity.Trainee.trainings].<elements>)
             - EntityAttributeFetchImpl(entity=org.example.gym.entity.Trainer, querySpaceUid=<gen:2>, path=[org.example.gym.entity.Trainee.trainings].<elements>.trainer)
                - EntityAttributeFetchImpl(entity=org.example.gym.entity.TrainingType, querySpaceUid=<gen:3>, path=[org.example.gym.entity.Trainee.trainings].<elements>.trainer.specialization)
                - CollectionAttributeFetchImpl(collection=org.example.gym.entity.Trainer.trainees, querySpaceUid=<gen:4>, path=[org.example.gym.entity.Trainee.trainings].<elements>.trainer.trainees)
                   - (collection element) CollectionFetchableElementEntityGraph(entity=org.example.gym.entity.Trainee, querySpaceUid=<gen:5>, path=[org.example.gym.entity.Trainee.trainings].<elements>.trainer.trainees.<elements>)
                - EntityAttributeFetchImpl(entity=org.example.gym.entity.User, querySpaceUid=<gen:6>, path=[org.example.gym.entity.Trainee.trainings].<elements>.trainer.user)
             - EntityAttributeFetchImpl(entity=org.example.gym.entity.TrainingType, querySpaceUid=<gen:7>, path=[org.example.gym.entity.Trainee.trainings].<elements>.trainingType)
    - QuerySpaces
       - CollectionQuerySpaceImpl(uid=<gen:0>, collection=org.example.gym.entity.Trainee.trainings)
          - SQL table alias mapping - trainings0_
          - alias suffix - 0_
          - suffixed key columns - {trainee_5_3_0_}
          - entity-element alias suffix - 1_
          - 1_entity-element suffixed key columns - training1_3_1_
          - JOIN (JoinDefinedByMetadata(elements)) : <gen:0> -> <gen:1>
             - EntityQuerySpaceImpl(uid=<gen:1>, entity=org.example.gym.entity.Training)
                - SQL table alias mapping - trainings0_
                - alias suffix - 1_
                - suffixed key columns - {training1_3_1_}
                - JOIN (JoinDefinedByMetadata(trainer)) : <gen:1> -> <gen:2>
                   - EntityQuerySpaceImpl(uid=<gen:2>, entity=org.example.gym.entity.Trainer)
                      - SQL table alias mapping - trainer1_
                      - alias suffix - 2_
                      - suffixed key columns - {traineri1_2_2_}
                      - JOIN (JoinDefinedByMetadata(specialization)) : <gen:2> -> <gen:3>
                         - EntityQuerySpaceImpl(uid=<gen:3>, entity=org.example.gym.entity.TrainingType)
                            - SQL table alias mapping - trainingty2_
                            - alias suffix - 3_
                            - suffixed key columns - {id1_4_3_}
                      - JOIN (JoinDefinedByMetadata(user)) : <gen:2> -> <gen:6>
                         - EntityQuerySpaceImpl(uid=<gen:6>, entity=org.example.gym.entity.User)
                            - SQL table alias mapping - user3_
                            - alias suffix - 4_
                            - suffixed key columns - {id1_5_4_}
                - JOIN (JoinDefinedByMetadata(trainingType)) : <gen:1> -> <gen:7>
                   - EntityQuerySpaceImpl(uid=<gen:7>, entity=org.example.gym.entity.TrainingType)
                      - SQL table alias mapping - trainingty4_
                      - alias suffix - 5_
                      - suffixed key columns - {id1_4_5_}

2024-11-04 15:08:15 DEBUG o.h.l.c.plan.CollectionLoader - Static select for collection org.example.gym.entity.Trainee.trainings: select trainings0_.trainee_id as trainee_5_3_0_, trainings0_.trainingId as training1_3_0_, trainings0_.trainingId as training1_3_1_, trainings0_.trainee_id as trainee_5_3_1_, trainings0_.trainer_id as trainer_6_3_1_, trainings0_.trainingDate as training2_3_1_, trainings0_.trainingDuration as training3_3_1_, trainings0_.trainingName as training4_3_1_, trainings0_.trainingType_id as training7_3_1_, trainer1_.trainerId as traineri1_2_2_, trainer1_.specialization_id as speciali2_2_2_, trainer1_.user_id as user_id3_2_2_, trainingty2_.id as id1_4_3_, trainingty2_.trainingType as training2_4_3_, user3_.id as id1_5_4_, user3_.isActive as isactive2_5_4_, user3_.firstName as firstnam3_5_4_, user3_.lastName as lastname4_5_4_, user3_.password as password5_5_4_, user3_.username as username6_5_4_, trainingty4_.id as id1_4_5_, trainingty4_.trainingType as training2_4_5_ from Training trainings0_ left outer join Trainer trainer1_ on trainings0_.trainer_id=trainer1_.trainerId left outer join TrainingType trainingty2_ on trainer1_.specialization_id=trainingty2_.id left outer join "user" user3_ on trainer1_.user_id=user3_.id left outer join TrainingType trainingty4_ on trainings0_.trainingType_id=trainingty4_.id where trainings0_.trainee_id=?
2024-11-04 15:08:15 DEBUG o.h.l.p.b.i.spaces.QuerySpacesImpl - Adding QuerySpace : uid = <gen:0> -> org.hibernate.loader.plan.build.internal.spaces.CollectionQuerySpaceImpl@58c42c8c]
2024-11-04 15:08:15 DEBUG o.h.l.p.b.i.spaces.QuerySpacesImpl - Adding QuerySpace : uid = <gen:1> -> org.hibernate.loader.plan.build.internal.spaces.EntityQuerySpaceImpl@3af236d0]
2024-11-04 15:08:15 DEBUG o.h.p.w.spi.MetamodelGraphWalker - Visiting attribute path : trainee
2024-11-04 15:08:15 DEBUG o.h.l.p.b.i.spaces.QuerySpacesImpl - Adding QuerySpace : uid = <gen:2> -> org.hibernate.loader.plan.build.internal.spaces.EntityQuerySpaceImpl@2dd0a0d0]
2024-11-04 15:08:15 DEBUG o.h.p.w.spi.MetamodelGraphWalker - Visiting attribute path : trainee.address
2024-11-04 15:08:15 DEBUG o.h.p.w.spi.MetamodelGraphWalker - Visiting attribute path : trainee.dateOfBirth
2024-11-04 15:08:15 DEBUG o.h.p.w.spi.MetamodelGraphWalker - Visiting attribute path : trainee.trainers
2024-11-04 15:08:15 DEBUG o.h.l.p.b.i.spaces.QuerySpacesImpl - Adding QuerySpace : uid = <gen:3> -> org.hibernate.loader.plan.build.internal.spaces.CollectionQuerySpaceImpl@1796b2d4]
2024-11-04 15:08:15 DEBUG o.h.l.p.b.i.spaces.QuerySpacesImpl - Adding QuerySpace : uid = <gen:4> -> org.hibernate.loader.plan.build.internal.spaces.EntityQuerySpaceImpl@935d3f9]
2024-11-04 15:08:15 DEBUG o.h.p.w.spi.MetamodelGraphWalker - Visiting attribute path : trainee.trainings
2024-11-04 15:08:15 DEBUG o.h.p.w.spi.MetamodelGraphWalker - Property path deemed to be circular : trainee.trainings
2024-11-04 15:08:15 DEBUG o.h.p.w.spi.MetamodelGraphWalker - Visiting attribute path : trainee.user
2024-11-04 15:08:15 DEBUG o.h.l.p.b.i.spaces.QuerySpacesImpl - Adding QuerySpace : uid = <gen:5> -> org.hibernate.loader.plan.build.internal.spaces.EntityQuerySpaceImpl@214b342f]
2024-11-04 15:08:15 DEBUG o.h.p.w.spi.MetamodelGraphWalker - Visiting attribute path : trainee.user.active
2024-11-04 15:08:15 DEBUG o.h.p.w.spi.MetamodelGraphWalker - Visiting attribute path : trainee.user.firstName
2024-11-04 15:08:15 DEBUG o.h.p.w.spi.MetamodelGraphWalker - Visiting attribute path : trainee.user.lastName
2024-11-04 15:08:15 DEBUG o.h.p.w.spi.MetamodelGraphWalker - Visiting attribute path : trainee.user.password
2024-11-04 15:08:15 DEBUG o.h.p.w.spi.MetamodelGraphWalker - Visiting attribute path : trainee.user.username
2024-11-04 15:08:15 DEBUG o.h.p.w.spi.MetamodelGraphWalker - Visiting attribute path : trainer
2024-11-04 15:08:15 DEBUG o.h.p.w.spi.MetamodelGraphWalker - Property path deemed to be circular : trainer
2024-11-04 15:08:15 DEBUG o.h.p.w.spi.MetamodelGraphWalker - Visiting attribute path : trainingDate
2024-11-04 15:08:15 DEBUG o.h.p.w.spi.MetamodelGraphWalker - Visiting attribute path : trainingDuration
2024-11-04 15:08:15 DEBUG o.h.p.w.spi.MetamodelGraphWalker - Visiting attribute path : trainingName
2024-11-04 15:08:15 DEBUG o.h.p.w.spi.MetamodelGraphWalker - Visiting attribute path : trainingType
2024-11-04 15:08:15 DEBUG o.h.l.p.b.i.spaces.QuerySpacesImpl - Adding QuerySpace : uid = <gen:6> -> org.hibernate.loader.plan.build.internal.spaces.EntityQuerySpaceImpl@7f12094d]
2024-11-04 15:08:15 DEBUG o.h.p.w.spi.MetamodelGraphWalker - Visiting attribute path : trainingType.trainingType
2024-11-04 15:08:15 DEBUG o.h.l.p.b.i.FetchStyleLoadPlanBuildingAssociationVisitationStrategy - Building LoadPlan...
2024-11-04 15:08:15 DEBUG o.h.l.p.e.i.LoadQueryJoinAndFetchProcessor - processing queryspace <gen:0>
2024-11-04 15:08:15 DEBUG o.h.l.p.b.spi.LoadPlanTreePrinter - LoadPlan(collection=org.example.gym.entity.Trainer.trainings)
    - Returns
       - CollectionReturnImpl(collection=org.example.gym.entity.Trainer.trainings, querySpaceUid=<gen:0>, path=[org.example.gym.entity.Trainer.trainings])
          - (collection element) CollectionFetchableElementEntityGraph(entity=org.example.gym.entity.Training, querySpaceUid=<gen:1>, path=[org.example.gym.entity.Trainer.trainings].<elements>)
             - EntityAttributeFetchImpl(entity=org.example.gym.entity.Trainee, querySpaceUid=<gen:2>, path=[org.example.gym.entity.Trainer.trainings].<elements>.trainee)
                - CollectionAttributeFetchImpl(collection=org.example.gym.entity.Trainee.trainers, querySpaceUid=<gen:3>, path=[org.example.gym.entity.Trainer.trainings].<elements>.trainee.trainers)
                   - (collection element) CollectionFetchableElementEntityGraph(entity=org.example.gym.entity.Trainer, querySpaceUid=<gen:4>, path=[org.example.gym.entity.Trainer.trainings].<elements>.trainee.trainers.<elements>)
                - EntityAttributeFetchImpl(entity=org.example.gym.entity.User, querySpaceUid=<gen:5>, path=[org.example.gym.entity.Trainer.trainings].<elements>.trainee.user)
             - EntityAttributeFetchImpl(entity=org.example.gym.entity.TrainingType, querySpaceUid=<gen:6>, path=[org.example.gym.entity.Trainer.trainings].<elements>.trainingType)
    - QuerySpaces
       - CollectionQuerySpaceImpl(uid=<gen:0>, collection=org.example.gym.entity.Trainer.trainings)
          - SQL table alias mapping - trainings0_
          - alias suffix - 0_
          - suffixed key columns - {trainer_6_3_0_}
          - entity-element alias suffix - 1_
          - 1_entity-element suffixed key columns - training1_3_1_
          - JOIN (JoinDefinedByMetadata(elements)) : <gen:0> -> <gen:1>
             - EntityQuerySpaceImpl(uid=<gen:1>, entity=org.example.gym.entity.Training)
                - SQL table alias mapping - trainings0_
                - alias suffix - 1_
                - suffixed key columns - {training1_3_1_}
                - JOIN (JoinDefinedByMetadata(trainee)) : <gen:1> -> <gen:2>
                   - EntityQuerySpaceImpl(uid=<gen:2>, entity=org.example.gym.entity.Trainee)
                      - SQL table alias mapping - trainee1_
                      - alias suffix - 2_
                      - suffixed key columns - {traineei1_0_2_}
                      - JOIN (JoinDefinedByMetadata(user)) : <gen:2> -> <gen:5>
                         - EntityQuerySpaceImpl(uid=<gen:5>, entity=org.example.gym.entity.User)
                            - SQL table alias mapping - user2_
                            - alias suffix - 3_
                            - suffixed key columns - {id1_5_3_}
                - JOIN (JoinDefinedByMetadata(trainingType)) : <gen:1> -> <gen:6>
                   - EntityQuerySpaceImpl(uid=<gen:6>, entity=org.example.gym.entity.TrainingType)
                      - SQL table alias mapping - trainingty3_
                      - alias suffix - 4_
                      - suffixed key columns - {id1_4_4_}

2024-11-04 15:08:15 DEBUG o.h.l.c.plan.CollectionLoader - Static select for collection org.example.gym.entity.Trainer.trainings: select trainings0_.trainer_id as trainer_6_3_0_, trainings0_.trainingId as training1_3_0_, trainings0_.trainingId as training1_3_1_, trainings0_.trainee_id as trainee_5_3_1_, trainings0_.trainer_id as trainer_6_3_1_, trainings0_.trainingDate as training2_3_1_, trainings0_.trainingDuration as training3_3_1_, trainings0_.trainingName as training4_3_1_, trainings0_.trainingType_id as training7_3_1_, trainee1_.traineeId as traineei1_0_2_, trainee1_.address as address2_0_2_, trainee1_.dateOfBirth as dateofbi3_0_2_, trainee1_.user_id as user_id4_0_2_, user2_.id as id1_5_3_, user2_.isActive as isactive2_5_3_, user2_.firstName as firstnam3_5_3_, user2_.lastName as lastname4_5_3_, user2_.password as password5_5_3_, user2_.username as username6_5_3_, trainingty3_.id as id1_4_4_, trainingty3_.trainingType as training2_4_4_ from Training trainings0_ left outer join Trainee trainee1_ on trainings0_.trainee_id=trainee1_.traineeId left outer join "user" user2_ on trainee1_.user_id=user2_.id left outer join TrainingType trainingty3_ on trainings0_.trainingType_id=trainingty3_.id where trainings0_.trainer_id=?
2024-11-04 15:08:15 DEBUG org.hibernate.SQL - 
    
    alter table if exists Trainee 
       drop constraint if exists FKg5yr91x74w1s9d6g9ymdh9hgc
2024-11-04 15:08:15 INFO  org.hibernate.orm.connections.access - HHH10001501: Connection obtained from JdbcConnectionAccess [org.hibernate.engine.jdbc.env.internal.JdbcEnvironmentInitiator$ConnectionProviderJdbcConnectionAccess@8eb6f9a] for (non-JTA) DDL execution was not in auto-commit mode; the Connection 'local transaction' will be committed and the Connection will be set into auto-commit mode.
2024-11-04 15:08:15 DEBUG org.hibernate.SQL - 
    
    alter table if exists trainee2trainer 
       drop constraint if exists FKp4e37tenuxuiy3k3pnhvnxjvw
2024-11-04 15:08:15 DEBUG org.hibernate.SQL - 
    
    alter table if exists trainee2trainer 
       drop constraint if exists FKnvxhdvc9w2nb5nk7pcynt8syv
2024-11-04 15:08:15 DEBUG org.hibernate.SQL - 
    
    alter table if exists Trainer 
       drop constraint if exists FK23q90a3op24mt5ib1xetax9bk
2024-11-04 15:08:15 DEBUG org.hibernate.SQL - 
    
    alter table if exists Trainer 
       drop constraint if exists FKry688vabvsopo1fau9jmugrm5
2024-11-04 15:08:15 DEBUG org.hibernate.SQL - 
    
    alter table if exists Training 
       drop constraint if exists FKdo1ud9tn6ndbk4vlv0w59ace7
2024-11-04 15:08:15 DEBUG org.hibernate.SQL - 
    
    alter table if exists Training 
       drop constraint if exists FK7nior8x5718iqu50ixrhbphkn
2024-11-04 15:08:15 DEBUG org.hibernate.SQL - 
    
    alter table if exists Training 
       drop constraint if exists FK5slu6el1x5qvtwmg91g6w36bk
2024-11-04 15:08:15 DEBUG org.hibernate.SQL - 
    
    drop table if exists Trainee cascade
2024-11-04 15:08:15 DEBUG org.hibernate.SQL - 
    
    drop table if exists trainee2trainer cascade
2024-11-04 15:08:15 DEBUG org.hibernate.SQL - 
    
    drop table if exists Trainer cascade
2024-11-04 15:08:15 DEBUG org.hibernate.SQL - 
    
    drop table if exists Training cascade
2024-11-04 15:08:15 DEBUG org.hibernate.SQL - 
    
    drop table if exists TrainingType cascade
2024-11-04 15:08:15 DEBUG org.hibernate.SQL - 
    
    drop table if exists "user" cascade
2024-11-04 15:08:15 DEBUG org.hibernate.SQL - 
    
    create table Trainee (
       traineeId int8 generated by default as identity,
        address varchar(255),
        dateOfBirth date,
        user_id int8,
        primary key (traineeId)
    )
2024-11-04 15:08:15 INFO  org.hibernate.orm.connections.access - HHH10001501: Connection obtained from JdbcConnectionAccess [org.hibernate.engine.jdbc.env.internal.JdbcEnvironmentInitiator$ConnectionProviderJdbcConnectionAccess@29170a47] for (non-JTA) DDL execution was not in auto-commit mode; the Connection 'local transaction' will be committed and the Connection will be set into auto-commit mode.
2024-11-04 15:08:15 DEBUG org.hibernate.SQL - 
    
    create table trainee2trainer (
       trainee_id int8 not null,
        trainer_id int8 not null,
        primary key (trainee_id, trainer_id)
    )
2024-11-04 15:08:15 DEBUG org.hibernate.SQL - 
    
    create table Trainer (
       trainerId int8 generated by default as identity,
        specialization_id int8 not null,
        user_id int8,
        primary key (trainerId)
    )
2024-11-04 15:08:16 DEBUG org.hibernate.SQL - 
    
    create table Training (
       trainingId int8 generated by default as identity,
        trainingDate timestamp,
        trainingDuration int8,
        trainingName varchar(255),
        trainee_id int8,
        trainer_id int8,
        trainingType_id int8,
        primary key (trainingId)
    )
2024-11-04 15:08:16 DEBUG org.hibernate.SQL - 
    
    create table TrainingType (
       id int8 generated by default as identity,
        trainingType varchar(255) not null,
        primary key (id)
    )
2024-11-04 15:08:16 DEBUG org.hibernate.SQL - 
    
    create table "user" (
       id int8 generated by default as identity,
        isActive BOOLEAN,
        firstName varchar(255),
        lastName varchar(255),
        password varchar(255),
        username varchar(255),
        primary key (id)
    )
2024-11-04 15:08:16 DEBUG org.hibernate.SQL - 
    
    alter table if exists Trainee 
       add constraint UK_bhp80ntqgsxndeffg72ysmh8j unique (user_id)
2024-11-04 15:08:16 DEBUG org.hibernate.SQL - 
    
    alter table if exists Trainer 
       add constraint UK_8isf2yltojybo5yubau7ck9bm unique (user_id)
2024-11-04 15:08:16 DEBUG org.hibernate.SQL - 
    
    alter table if exists TrainingType 
       add constraint UK_4h8eb8hwrl1l8wbad3fvgh1xh unique (trainingType)
2024-11-04 15:08:16 DEBUG org.hibernate.SQL - 
    
    alter table if exists Trainee 
       add constraint FKg5yr91x74w1s9d6g9ymdh9hgc 
       foreign key (user_id) 
       references "user"
2024-11-04 15:08:16 DEBUG org.hibernate.SQL - 
    
    alter table if exists trainee2trainer 
       add constraint FKp4e37tenuxuiy3k3pnhvnxjvw 
       foreign key (trainer_id) 
       references Trainer
2024-11-04 15:08:16 DEBUG org.hibernate.SQL - 
    
    alter table if exists trainee2trainer 
       add constraint FKnvxhdvc9w2nb5nk7pcynt8syv 
       foreign key (trainee_id) 
       references Trainee
2024-11-04 15:08:16 DEBUG org.hibernate.SQL - 
    
    alter table if exists Trainer 
       add constraint FK23q90a3op24mt5ib1xetax9bk 
       foreign key (specialization_id) 
       references TrainingType
2024-11-04 15:08:16 DEBUG org.hibernate.SQL - 
    
    alter table if exists Trainer 
       add constraint FKry688vabvsopo1fau9jmugrm5 
       foreign key (user_id) 
       references "user"
2024-11-04 15:08:16 DEBUG org.hibernate.SQL - 
    
    alter table if exists Training 
       add constraint FKdo1ud9tn6ndbk4vlv0w59ace7 
       foreign key (trainee_id) 
       references Trainee
2024-11-04 15:08:16 DEBUG org.hibernate.SQL - 
    
    alter table if exists Training 
       add constraint FK7nior8x5718iqu50ixrhbphkn 
       foreign key (trainer_id) 
       references Trainer
2024-11-04 15:08:16 DEBUG org.hibernate.SQL - 
    
    alter table if exists Training 
       add constraint FK5slu6el1x5qvtwmg91g6w36bk 
       foreign key (trainingType_id) 
       references TrainingType
2024-11-04 15:08:16 INFO  o.h.t.s.internal.SchemaCreatorImpl - HHH000476: Executing import script 'file:/E:/EPAM%20Laba/gym/target/classes/data.sql'
2024-11-04 15:08:16 DEBUG org.hibernate.SQL - 
    INSERT INTO "user" (isactive, firstname, lastname,  password, username) VALUES (true, 'Olga', 'Kurilenko', 'WRqqRQMsoy', 'Olga.Kurilenko'), (true, 'Kim','Johnson', '555555', 'Kim.Johnson'), (true, 'Tomas','Kuk', '12345', 'Tomas.Kuk'), (true, 'George','TheThird', '54321', 'George.TheThird'), (true, 'Monica', 'Dobs', '55555', 'Monica.Dobs'), (true, 'Wallace', 'Tim', '66666', 'Wallace.Tim'), (true, 'Tom','Robins', '77777', 'Tom.Robins'), (true, 'Bob','Getty', '88888', 'Bob.Getty')
2024-11-04 15:08:16 DEBUG org.hibernate.SQL - 
    INSERT INTO trainee (address, dateofbirth, user_id) VALUES ('California', '1986-12-30', 1), ('Chicago', '1972-02-01',2), ('Sweden Oslo', '1962-05-05',3), ('UK', '1900-12-30',4)
2024-11-04 15:08:16 DEBUG org.hibernate.SQL - 
    INSERT INTO trainingtype (id, trainingtype) VALUES (1, 'YOGA'), (2, 'FITNESS'),(3, 'ZUMBA'), (4, 'STRETCHING'), (5, 'RESISTANCE')
2024-11-04 15:08:16 DEBUG org.hibernate.SQL - 
    INSERT INTO trainer (specialization_id, user_id)  VALUES (1,5), (2,6), (3,7), (2,8)
2024-11-04 15:08:16 DEBUG org.hibernate.SQL - 
    INSERT INTO training (trainingdate, trainingduration, trainingname, trainee_id, trainer_id, trainingtype_id)  VALUES ('2022-12-09T18:19:00',300,'Sunday morning training',2,3,3), ('2024-10-07T20:04:00',1500,'Jogging',2,4,2), ('2024-10-09T10:15:00',2000,'Friday evening training',3,3,3), ('2024-10-21T18:15:00',3000,'Outside workout',3,2,2), ('2024-10-13T20:15:00',5000,'Yoga class',3,1,1), ('2024-10-12T07:15:00',10000,'Jogging',1,1,1), ('2024-10-11T19:15:00',20000,'Evening fitness',4,2,2)
2024-11-04 15:08:16 DEBUG org.hibernate.SQL - 
    INSERT INTO trainee2trainer (trainee_id, trainer_id) VALUES (2,3), (2,4), (3,3), (3,2), (3,1), (1,1), (4,2)
2024-11-04 15:08:16 DEBUG o.h.e.t.j.p.i.JtaPlatformInitiator - No JtaPlatform was specified, checking resolver
2024-11-04 15:08:16 DEBUG o.h.e.t.j.p.i.JtaPlatformResolverInitiator - No JtaPlatformResolver was specified, using default [org.hibernate.engine.transaction.jta.platform.internal.StandardJtaPlatformResolver]
2024-11-04 15:08:16 DEBUG o.h.e.t.j.p.i.StandardJtaPlatformResolver - Could not resolve JtaPlatform, using default [org.hibernate.engine.transaction.jta.platform.internal.NoJtaPlatform]
2024-11-04 15:08:16 INFO  o.h.e.t.j.p.i.JtaPlatformInitiator - HHH000490: Using JtaPlatform implementation: [org.hibernate.engine.transaction.jta.platform.internal.NoJtaPlatform]
2024-11-04 15:08:16 DEBUG o.h.query.spi.NamedQueryRepository - Checking 0 named HQL queries
2024-11-04 15:08:16 DEBUG o.h.query.spi.NamedQueryRepository - Checking 0 named SQL queries
2024-11-04 15:08:16 DEBUG o.h.s.i.SessionFactoryServiceRegistryImpl - EventListenerRegistry access via ServiceRegistry is deprecated.  Use `sessionFactory.getEventEngine().getListenerRegistry()` instead
2024-11-04 15:08:16 DEBUG o.h.internal.SessionFactoryRegistry - Registering SessionFactory: ed71fa66-149a-410c-ac43-be072fa124df (<unnamed>)
2024-11-04 15:08:16 DEBUG o.h.internal.SessionFactoryRegistry - Not binding SessionFactory to JNDI, no JNDI name configured
2024-11-04 15:08:16 INFO  o.s.o.j.LocalContainerEntityManagerFactoryBean - Initialized JPA EntityManagerFactory for persistence unit 'default'
2024-11-04 15:08:16 DEBUG o.s.b.f.s.DefaultListableBeanFactory - Creating shared instance of singleton bean 'traineeController'
2024-11-04 15:08:16 DEBUG o.s.b.f.s.DefaultListableBeanFactory - Creating shared instance of singleton bean 'traineeService'
2024-11-04 15:08:16 DEBUG o.s.b.f.s.DefaultListableBeanFactory - Creating shared instance of singleton bean 'traineeRepository'
2024-11-04 15:08:16 DEBUG o.s.b.f.s.DefaultListableBeanFactory - Creating shared instance of singleton bean 'jpa.named-queries#0'
2024-11-04 15:08:16 DEBUG o.s.b.f.s.DefaultListableBeanFactory - Creating shared instance of singleton bean 'jpa.TraineeRepository.fragments#0'
2024-11-04 15:08:16 DEBUG o.s.b.f.s.DefaultListableBeanFactory - Creating shared instance of singleton bean 'jpaSharedEM_entityManagerFactory'
2024-11-04 15:08:16 DEBUG o.s.b.f.s.DefaultListableBeanFactory - Creating shared instance of singleton bean 'jpaMappingContext'
2024-11-04 15:08:16 DEBUG o.s.d.j.r.c.JpaMetamodelMappingContextFactoryBean - Initializing JpaMetamodelMappingContext…
2024-11-04 15:08:16 DEBUG o.s.d.j.r.c.JpaMetamodelMappingContextFactoryBean - Finished initializing JpaMetamodelMappingContext
2024-11-04 15:08:16 DEBUG o.s.o.j.SharedEntityManagerCreator$SharedEntityManagerInvocationHandler - Creating new EntityManager for shared EntityManager invocation
2024-11-04 15:08:16 DEBUG o.h.s.internal.StatisticsInitiator - Statistics initialized [enabled=false]
2024-11-04 15:08:16 DEBUG o.s.o.j.SharedEntityManagerCreator$SharedEntityManagerInvocationHandler - Creating new EntityManager for shared EntityManager invocation
2024-11-04 15:08:16 DEBUG o.s.d.r.c.s.RepositoryFactorySupport - Initializing repository instance for org.example.gym.repository.TraineeRepository…
2024-11-04 15:08:16 DEBUG o.s.o.j.SharedEntityManagerCreator$SharedEntityManagerInvocationHandler - Creating new EntityManager for shared EntityManager invocation
2024-11-04 15:08:16 DEBUG o.s.d.j.repository.query.NamedQuery - Looking up named query Trainee.findByUserUsername
2024-11-04 15:08:16 DEBUG o.h.e.t.internal.TransactionImpl - On TransactionImpl creation, JpaCompliance#isJpaTransactionComplianceEnabled == false
2024-11-04 15:08:16 DEBUG o.s.d.j.repository.query.NamedQuery - Did not find named query Trainee.findByUserUsername
2024-11-04 15:08:16 DEBUG o.s.o.j.SharedEntityManagerCreator$SharedEntityManagerInvocationHandler - Creating new EntityManager for shared EntityManager invocation
2024-11-04 15:08:16 DEBUG o.s.d.r.c.s.RepositoryFactorySupport - Finished creation of repository instance for org.example.gym.repository.TraineeRepository.
2024-11-04 15:08:16 DEBUG o.s.b.f.s.DefaultListableBeanFactory - Creating shared instance of singleton bean 'userService'
2024-11-04 15:08:16 DEBUG o.s.b.f.s.DefaultListableBeanFactory - Creating shared instance of singleton bean 'userRepository'
2024-11-04 15:08:16 DEBUG o.s.b.f.s.DefaultListableBeanFactory - Creating shared instance of singleton bean 'jpa.named-queries#4'
2024-11-04 15:08:16 DEBUG o.s.b.f.s.DefaultListableBeanFactory - Creating shared instance of singleton bean 'jpa.UserRepository.fragments#0'
2024-11-04 15:08:16 DEBUG o.s.o.j.SharedEntityManagerCreator$SharedEntityManagerInvocationHandler - Creating new EntityManager for shared EntityManager invocation
2024-11-04 15:08:16 DEBUG o.s.d.r.c.s.RepositoryFactorySupport - Initializing repository instance for org.example.gym.repository.UserRepository…
2024-11-04 15:08:16 DEBUG o.s.o.j.SharedEntityManagerCreator$SharedEntityManagerInvocationHandler - Creating new EntityManager for shared EntityManager invocation
2024-11-04 15:08:16 DEBUG o.s.d.j.repository.query.NamedQuery - Looking up named query User.findByUsernameAndPassword
2024-11-04 15:08:16 DEBUG o.h.e.t.internal.TransactionImpl - On TransactionImpl creation, JpaCompliance#isJpaTransactionComplianceEnabled == false
2024-11-04 15:08:16 DEBUG o.s.d.j.repository.query.NamedQuery - Did not find named query User.findByUsernameAndPassword
2024-11-04 15:08:16 DEBUG o.s.o.j.SharedEntityManagerCreator$SharedEntityManagerInvocationHandler - Creating new EntityManager for shared EntityManager invocation
2024-11-04 15:08:16 DEBUG o.s.d.r.c.s.RepositoryFactorySupport - Finished creation of repository instance for org.example.gym.repository.UserRepository.
2024-11-04 15:08:16 DEBUG o.s.b.f.s.DefaultListableBeanFactory - Autowiring by type from bean name 'userService' via constructor to bean named 'userRepository'
2024-11-04 15:08:16 DEBUG o.s.b.f.s.DefaultListableBeanFactory - Autowiring by type from bean name 'traineeService' via constructor to bean named 'traineeRepository'
2024-11-04 15:08:16 DEBUG o.s.b.f.s.DefaultListableBeanFactory - Autowiring by type from bean name 'traineeService' via constructor to bean named 'userService'
2024-11-04 15:08:16 DEBUG o.s.b.f.s.DefaultListableBeanFactory - Autowiring by type from bean name 'traineeController' via constructor to bean named 'traineeService'
2024-11-04 15:08:16 DEBUG o.s.b.f.s.DefaultListableBeanFactory - Creating shared instance of singleton bean 'trainerService'
2024-11-04 15:08:16 DEBUG o.s.b.f.s.DefaultListableBeanFactory - Creating shared instance of singleton bean 'trainerRepository'
2024-11-04 15:08:16 DEBUG o.s.b.f.s.DefaultListableBeanFactory - Creating shared instance of singleton bean 'jpa.named-queries#1'
2024-11-04 15:08:16 DEBUG o.s.b.f.s.DefaultListableBeanFactory - Creating shared instance of singleton bean 'jpa.TrainerRepository.fragments#0'
2024-11-04 15:08:16 DEBUG o.s.o.j.SharedEntityManagerCreator$SharedEntityManagerInvocationHandler - Creating new EntityManager for shared EntityManager invocation
2024-11-04 15:08:16 DEBUG o.s.d.r.c.s.RepositoryFactorySupport - Initializing repository instance for org.example.gym.repository.TrainerRepository…
2024-11-04 15:08:16 DEBUG o.s.o.j.SharedEntityManagerCreator$SharedEntityManagerInvocationHandler - Creating new EntityManager for shared EntityManager invocation
2024-11-04 15:08:16 DEBUG o.s.d.j.repository.query.NamedQuery - Looking up named query Trainer.findByUserUsername
2024-11-04 15:08:16 DEBUG o.h.e.t.internal.TransactionImpl - On TransactionImpl creation, JpaCompliance#isJpaTransactionComplianceEnabled == false
2024-11-04 15:08:16 DEBUG o.s.d.j.repository.query.NamedQuery - Did not find named query Trainer.findByUserUsername
2024-11-04 15:08:16 DEBUG o.s.o.j.SharedEntityManagerCreator$SharedEntityManagerInvocationHandler - Creating new EntityManager for shared EntityManager invocation
2024-11-04 15:08:16 INFO  o.s.d.j.r.query.QueryEnhancerFactory - Hibernate is in classpath; If applicable, HQL parser will be used.
2024-11-04 15:08:16 DEBUG o.h.e.t.internal.TransactionImpl - On TransactionImpl creation, JpaCompliance#isJpaTransactionComplianceEnabled == false
2024-11-04 15:08:16 DEBUG o.s.d.j.repository.query.NamedQuery - Did not find named query Trainer.findTrainersNotAssignedToTraineeByUsername.count
2024-11-04 15:08:16 DEBUG o.s.o.j.SharedEntityManagerCreator$SharedEntityManagerInvocationHandler - Creating new EntityManager for shared EntityManager invocation
2024-11-04 15:08:16 DEBUG o.h.h.i.QueryTranslatorFactoryInitiator - QueryTranslatorFactory: org.hibernate.hql.internal.ast.ASTQueryTranslatorFactory@2ac05a33
2024-11-04 15:08:16 DEBUG o.h.h.i.ast.QueryTranslatorImpl - parse() - HQL: SELECT t FROM org.example.gym.entity.Trainer t WHERE t NOT IN (SELECT tr FROM org.example.gym.entity.Trainee trainee JOIN trainee.trainers tr WHERE trainee.user.username = :username)
2024-11-04 15:08:16 DEBUG o.h.hql.internal.ast.ErrorTracker - throwQueryException() : no errors
2024-11-04 15:08:16 DEBUG o.h.h.i.ast.QueryTranslatorImpl - --- HQL AST ---
 \-[QUERY] Node: 'query'
    +-[SELECT_FROM] Node: 'SELECT_FROM'
    |  +-[FROM] Node: 'FROM'
    |  |  \-[RANGE] Node: 'RANGE'
    |  |     +-[DOT] Node: '.'
    |  |     |  +-[DOT] Node: '.'
    |  |     |  |  +-[DOT] Node: '.'
    |  |     |  |  |  +-[DOT] Node: '.'
    |  |     |  |  |  |  +-[IDENT] Node: 'org'
    |  |     |  |  |  |  \-[IDENT] Node: 'example'
    |  |     |  |  |  \-[IDENT] Node: 'gym'
    |  |     |  |  \-[IDENT] Node: 'entity'
    |  |     |  \-[IDENT] Node: 'Trainer'
    |  |     \-[ALIAS] Node: 't'
    |  \-[SELECT] Node: 'SELECT'
    |     \-[IDENT] Node: 't'
    \-[WHERE] Node: 'WHERE'
       \-[NOT_IN] Node: 'not in'
          +-[IDENT] Node: 't'
          \-[IN_LIST] Node: 'inList'
             \-[QUERY] Node: 'query'
                +-[SELECT_FROM] Node: 'SELECT_FROM'
                |  +-[FROM] Node: 'FROM'
                |  |  +-[RANGE] Node: 'RANGE'
                |  |  |  +-[DOT] Node: '.'
                |  |  |  |  +-[DOT] Node: '.'
                |  |  |  |  |  +-[DOT] Node: '.'
                |  |  |  |  |  |  +-[DOT] Node: '.'
                |  |  |  |  |  |  |  +-[IDENT] Node: 'org'
                |  |  |  |  |  |  |  \-[IDENT] Node: 'example'
                |  |  |  |  |  |  \-[IDENT] Node: 'gym'
                |  |  |  |  |  \-[IDENT] Node: 'entity'
                |  |  |  |  \-[IDENT] Node: 'Trainee'
                |  |  |  \-[ALIAS] Node: 'trainee'
                |  |  \-[JOIN] Node: 'JOIN'
                |  |     +-[DOT] Node: '.'
                |  |     |  +-[IDENT] Node: 'trainee'
                |  |     |  \-[IDENT] Node: 'trainers'
                |  |     \-[ALIAS] Node: 'tr'
                |  \-[SELECT] Node: 'SELECT'
                |     \-[IDENT] Node: 'tr'
                \-[WHERE] Node: 'WHERE'
                   \-[EQ] Node: '='
                      +-[DOT] Node: '.'
                      |  +-[DOT] Node: '.'
                      |  |  +-[IDENT] Node: 'trainee'
                      |  |  \-[IDENT] Node: 'user'
                      |  \-[IDENT] Node: 'username'
                      \-[COLON] Node: ':'
                         \-[IDENT] Node: 'username'

2024-11-04 15:08:17 DEBUG o.h.h.i.antlr.HqlSqlBaseWalker - select << begin [level=1, statement=select]
2024-11-04 15:08:17 DEBUG o.h.h.internal.ast.tree.FromElement - FromClause{level=1} : org.example.gym.entity.Trainer (t) -> trainer0_
2024-11-04 15:08:17 DEBUG o.h.h.i.ast.tree.FromReferenceNode - Resolved : t -> trainer0_.trainerId
2024-11-04 15:08:17 DEBUG o.h.h.i.ast.tree.FromReferenceNode - Resolved : t -> trainer0_.trainerId
2024-11-04 15:08:17 DEBUG o.h.h.i.antlr.HqlSqlBaseWalker - select << begin [level=2, statement=select]
2024-11-04 15:08:17 DEBUG o.h.h.internal.ast.tree.FromElement - FromClause{level=2} : org.example.gym.entity.Trainee (trainee) -> trainee1_
2024-11-04 15:08:17 DEBUG o.h.h.i.ast.tree.FromReferenceNode - Resolved : trainee -> trainee1_.traineeId
2024-11-04 15:08:17 DEBUG o.h.hql.internal.ast.tree.DotNode - getDataType() : trainers -> org.hibernate.type.SetType(org.example.gym.entity.Trainee.trainers)
2024-11-04 15:08:17 DEBUG o.h.h.i.ast.tree.FromElementFactory - createManyToMany() : path = trainee.trainers role = org.example.gym.entity.Trainee.trainers associatedEntityName = org.example.gym.entity.Trainer
2024-11-04 15:08:17 DEBUG o.h.h.internal.ast.tree.FromElement - FromClause{level=2} : org.example.gym.entity.Trainer (tr) -> trainer3_
2024-11-04 15:08:17 DEBUG o.h.hql.internal.ast.tree.FromClause - addJoinByPathMap() : trainee.trainers -> FromElement{explicit,not a collection join,not a fetch join,fetch non-lazy properties,classAlias=tr,role=null,tableName=Trainer,tableAlias=trainer3_,origin=Trainee trainee1_,columns={trainee1_.traineeId,className=org.example.gym.entity.Trainer}}
2024-11-04 15:08:17 DEBUG o.h.hql.internal.ast.tree.DotNode - dereferenceCollection() : Created new FROM element for trainee.trainers : trainee2trainer trainer3_
2024-11-04 15:08:17 DEBUG o.h.h.i.ast.tree.FromReferenceNode - Resolved : trainee.trainers -> .
2024-11-04 15:08:17 DEBUG o.h.hql.internal.ast.HqlSqlWalker - createFromJoinElement() : -- join tree --
 \-[JOIN_FRAGMENT] FromElement: 'trainee2trainer trainer3_' FromElement{explicit,not a collection join,not a fetch join,fetch non-lazy properties,classAlias=tr,role=org.example.gym.entity.Trainee.trainers,tableName=Trainer,tableAlias=trainer3_,origin=Trainee trainee1_,columns={trainee1_.traineeId,className=org.example.gym.entity.Trainer}}

2024-11-04 15:08:17 DEBUG o.h.h.i.ast.tree.FromReferenceNode - Resolved : tr -> trainer3_.trainerId
2024-11-04 15:08:17 DEBUG o.h.h.i.ast.tree.FromReferenceNode - Resolved : trainee -> trainee1_.traineeId
2024-11-04 15:08:17 DEBUG o.h.hql.internal.ast.tree.DotNode - getDataType() : user -> org.hibernate.type.ManyToOneType(org.example.gym.entity.User)
2024-11-04 15:08:17 DEBUG o.h.hql.internal.ast.tree.DotNode - dereferenceEntityJoin() : generating join for user in org.example.gym.entity.Trainee (<no alias>) parent = [  ( . ( . trainee1_.traineeId user ) username ) ]
2024-11-04 15:08:17 DEBUG o.h.h.internal.ast.tree.FromElement - FromClause{level=2} : org.example.gym.entity.User (<no alias>) -> user4_
2024-11-04 15:08:17 DEBUG o.h.hql.internal.ast.tree.FromClause - addJoinByPathMap() : trainee.user -> ImpliedFromElement{implied,not a collection join,not a fetch join,fetch non-lazy properties,classAlias=null,role=null,tableName="user",tableAlias=user4_,origin=Trainee trainee1_,columns={trainee1_.user_id,className=org.example.gym.entity.User}}
2024-11-04 15:08:17 DEBUG o.h.h.i.ast.tree.FromReferenceNode - Resolved : trainee.user -> trainee1_.user_id
2024-11-04 15:08:17 DEBUG o.h.hql.internal.ast.tree.DotNode - getDataType() : username -> org.hibernate.type.StringType@73cd37c0
2024-11-04 15:08:17 DEBUG o.h.h.i.ast.tree.FromReferenceNode - Resolved : trainee.user.username -> user4_.username
2024-11-04 15:08:17 DEBUG o.h.h.i.antlr.HqlSqlBaseWalker - select : finishing up [level=2, statement=select]
2024-11-04 15:08:17 DEBUG o.h.hql.internal.ast.HqlSqlWalker - processQuery() :  ( SELECT ( {select clause} trainer3_.trainerId ) ( FromClause{level=2} ( Trainee trainee1_ trainee2trainer trainer3_ ) "user" user4_ ) ( WHERE ( = ( user4_.username ( trainee1_.user_id trainee1_.traineeId user ) username ) ? ) ) )
2024-11-04 15:08:17 DEBUG o.h.h.i.ast.util.JoinProcessor - Tables referenced from query nodes:
 \-QueryNode
    +-SelectClause
    | referencedTables(entity Trainer): [Trainer]
    |  \-IdentNode
    |    persister: SingleTableEntityPersister(org.example.gym.entity.Trainer)
    |    originalText: tr
    +-FromClause
    |  +-FromElement
    |  |  \-FromElement
    |  \-ImpliedFromElement
    \-SqlNode
       \-BinaryLogicOperatorNode
          +-DotNode
          | persister: SingleTableEntityPersister(org.example.gym.entity.User)
          | path: trainee.user.username
          |  +-DotNode
          |  | persister: SingleTableEntityPersister(org.example.gym.entity.User)
          |  | path: trainee.user
          |  |  +-IdentNode
          |  |  | persister: SingleTableEntityPersister(org.example.gym.entity.Trainee)
          |  |  | originalText: trainee
          |  |  \-IdentNode
          |  |    persister: null
          |  |    originalText: user
          |  \-IdentNode
          |    persister: null
          |    originalText: username
          \-ParameterNode

2024-11-04 15:08:17 DEBUG o.h.h.i.ast.util.JoinProcessor - Using FROM fragment [Trainee trainee1_]
2024-11-04 15:08:17 DEBUG o.h.h.i.ast.util.JoinProcessor - Using FROM fragment [inner join trainee2trainer trainers2_ on trainee1_.traineeId=trainers2_.trainee_id inner join Trainer trainer3_ on trainers2_.trainer_id=trainer3_.trainerId]
2024-11-04 15:08:17 DEBUG o.h.h.i.ast.util.SyntheticAndFactory - Using unprocessed WHERE-fragment [trainee1_.user_id=user4_.id]
2024-11-04 15:08:17 DEBUG o.h.h.i.ast.util.SyntheticAndFactory - Using processed WHERE-fragment [trainee1_.user_id=user4_.id]
2024-11-04 15:08:17 DEBUG o.h.h.i.antlr.HqlSqlBaseWalker - select >> end [level=2, statement=select]
2024-11-04 15:08:17 DEBUG o.h.h.i.antlr.HqlSqlBaseWalker - select : finishing up [level=1, statement=select]
2024-11-04 15:08:17 DEBUG o.h.hql.internal.ast.HqlSqlWalker - processQuery() :  ( SELECT ( {select clause} trainer0_.trainerId ) ( FromClause{level=1} Trainer trainer0_ ) ( WHERE ( not in trainer0_.trainerId ( inList ( SELECT ( {select clause} trainer3_.trainerId ) ( FromClause{level=2} ( Trainee trainee1_ inner join trainee2trainer trainers2_ on trainee1_.traineeId=trainers2_.trainee_id inner join Trainer trainer3_ on trainers2_.trainer_id=trainer3_.trainerId ) "user" user4_ ) ( WHERE ( {theta joins} trainee1_.user_id=user4_.id ) ( = ( user4_.username ( trainee1_.user_id trainee1_.traineeId user ) username ) ? ) ) ) ) ) ) )
2024-11-04 15:08:17 DEBUG o.h.h.i.ast.util.JoinProcessor - Tables referenced from query nodes:
 \-QueryNode
    +-SelectClause
    | referencedTables(entity Trainer): [Trainer]
    |  +-IdentNode
    |  | persister: SingleTableEntityPersister(org.example.gym.entity.Trainer)
    |  | originalText: t
    |  \-SqlFragment
    +-FromClause
    |  \-FromElement
    \-SqlNode
       \-InLogicOperatorNode
          +-IdentNode
          | persister: SingleTableEntityPersister(org.example.gym.entity.Trainer)
          | originalText: t
          \-SqlNode
             \-QueryNode
                +-SelectClause
                | referencedTables(entity Trainer): [Trainer]
                |  \-IdentNode
                |    persister: SingleTableEntityPersister(org.example.gym.entity.Trainer)
                |    originalText: tr
                +-FromClause
                |  +-FromElement
                |  |  \-FromElement
                |  \-ImpliedFromElement
                \-SqlNode
                   +-SqlNode
                   |  \-SqlFragment
                   \-BinaryLogicOperatorNode
                      +-DotNode
                      | persister: SingleTableEntityPersister(org.example.gym.entity.User)
                      | path: trainee.user.username
                      |  +-DotNode
                      |  | persister: SingleTableEntityPersister(org.example.gym.entity.User)
                      |  | path: trainee.user
                      |  |  +-IdentNode
                      |  |  | persister: SingleTableEntityPersister(org.example.gym.entity.Trainee)
                      |  |  | originalText: trainee
                      |  |  \-IdentNode
                      |  |    persister: null
                      |  |    originalText: user
                      |  \-IdentNode
                      |    persister: null
                      |    originalText: username
                      \-ParameterNode

2024-11-04 15:08:17 DEBUG o.h.h.i.ast.util.JoinProcessor - Using FROM fragment [Trainer trainer0_]
2024-11-04 15:08:17 DEBUG o.h.h.i.antlr.HqlSqlBaseWalker - select >> end [level=1, statement=select]
2024-11-04 15:08:17 DEBUG o.h.h.i.ast.QueryTranslatorImpl - --- SQL AST ---
 \-[SELECT] QueryNode: 'SELECT'  querySpaces (Trainee,trainee2trainer,Trainer,"user")
    +-[SELECT_CLAUSE] SelectClause: '{select clause}'
    |  +-[ALIAS_REF] IdentNode: 'trainer0_.trainerId as traineri1_2_' {alias=t, className=org.example.gym.entity.Trainer, tableAlias=trainer0_}
    |  \-[SQL_TOKEN] SqlFragment: 'trainer0_.specialization_id as speciali2_2_, trainer0_.user_id as user_id3_2_'
    +-[FROM] FromClause: 'FROM' FromClause{level=1, fromElementCounter=1, fromElements=1, fromElementByClassAlias=[t], fromElementByTableAlias=[trainer0_], fromElementsByPath=[], collectionJoinFromElementsByPath=[], impliedElements=[]}
    |  \-[FROM_FRAGMENT] FromElement: 'Trainer trainer0_' FromElement{explicit,not a collection join,not a fetch join,fetch non-lazy properties,classAlias=t,role=null,tableName=Trainer,tableAlias=trainer0_,origin=null,columns={,className=org.example.gym.entity.Trainer}}
    \-[WHERE] SqlNode: 'WHERE'
       \-[NOT_IN] InLogicOperatorNode: 'not in'
          +-[ALIAS_REF] IdentNode: 'trainer0_.trainerId' {alias=t, className=org.example.gym.entity.Trainer, tableAlias=trainer0_}
          \-[IN_LIST] SqlNode: 'inList'
             \-[SELECT] QueryNode: 'SELECT'  querySpaces (Trainee,trainee2trainer,Trainer,"user")
                +-[SELECT_CLAUSE] SelectClause: '{select clause}'
                |  \-[ALIAS_REF] IdentNode: 'trainer3_.trainerId' {alias=tr, className=org.example.gym.entity.Trainer, tableAlias=trainer3_}
                +-[FROM] FromClause: 'FROM' FromClause{level=2, fromElementCounter=3, fromElements=3, fromElementByClassAlias=[trainee, tr], fromElementByTableAlias=[trainee1_, user4_, trainer3_], fromElementsByPath=[trainee.user, trainee.trainers], collectionJoinFromElementsByPath=[], impliedElements=[]}
                |  +-[FROM_FRAGMENT] FromElement: 'Trainee trainee1_' FromElement{explicit,not a collection join,not a fetch join,fetch non-lazy properties,classAlias=trainee,role=null,tableName=Trainee,tableAlias=trainee1_,origin=null,columns={,className=org.example.gym.entity.Trainee}}
                |  |  \-[JOIN_FRAGMENT] FromElement: 'inner join trainee2trainer trainers2_ on trainee1_.traineeId=trainers2_.trainee_id inner join Trainer trainer3_ on trainers2_.trainer_id=trainer3_.trainerId' FromElement{explicit,not a collection join,not a fetch join,fetch non-lazy properties,classAlias=tr,role=org.example.gym.entity.Trainee.trainers,tableName=Trainer,tableAlias=trainer3_,origin=Trainee trainee1_,columns={trainee1_.traineeId,className=org.example.gym.entity.Trainer}}
                |  \-[FROM_FRAGMENT] ImpliedFromElement: '"user" user4_' ImpliedFromElement{implied,not a collection join,not a fetch join,fetch non-lazy properties,classAlias=null,role=org.example.gym.entity.Trainee.user,tableName="user",tableAlias=user4_,origin=Trainee trainee1_,columns={trainee1_.user_id,className=org.example.gym.entity.User}}
                \-[WHERE] SqlNode: 'WHERE'
                   +-[THETA_JOINS] SqlNode: '{theta joins}'
                   |  \-[SQL_TOKEN] SqlFragment: 'trainee1_.user_id=user4_.id'
                   \-[EQ] BinaryLogicOperatorNode: '='
                      +-[DOT] DotNode: 'user4_.username' {propertyName=username,dereferenceType=PRIMITIVE,getPropertyPath=username,path=trainee.user.username,tableAlias=user4_,className=org.example.gym.entity.User,classAlias=null}
                      |  +-[DOT] DotNode: 'trainee1_.user_id' {propertyName=user,dereferenceType=ENTITY,getPropertyPath=user,path=trainee.user,tableAlias=user4_,className=org.example.gym.entity.User,classAlias=null}
                      |  |  +-[ALIAS_REF] IdentNode: 'trainee1_.traineeId' {alias=trainee, className=org.example.gym.entity.Trainee, tableAlias=trainee1_}
                      |  |  \-[IDENT] IdentNode: 'user' {originalText=user}
                      |  \-[IDENT] IdentNode: 'username' {originalText=username}
                      \-[NAMED_PARAM] ParameterNode: '?' {name=username, expectedType=org.hibernate.type.StringType@73cd37c0}

2024-11-04 15:08:17 DEBUG o.h.hql.internal.ast.ErrorTracker - throwQueryException() : no errors
2024-11-04 15:08:17 DEBUG o.h.h.i.ast.QueryTranslatorImpl - HQL: SELECT t FROM org.example.gym.entity.Trainer t WHERE t NOT IN (SELECT tr FROM org.example.gym.entity.Trainee trainee JOIN trainee.trainers tr WHERE trainee.user.username = :username)
2024-11-04 15:08:17 DEBUG o.h.h.i.ast.QueryTranslatorImpl - SQL: select trainer0_.trainerId as traineri1_2_, trainer0_.specialization_id as speciali2_2_, trainer0_.user_id as user_id3_2_ from Trainer trainer0_ where trainer0_.trainerId not in  (select trainer3_.trainerId from Trainee trainee1_ inner join trainee2trainer trainers2_ on trainee1_.traineeId=trainers2_.trainee_id inner join Trainer trainer3_ on trainers2_.trainer_id=trainer3_.trainerId cross join "user" user4_ where trainee1_.user_id=user4_.id and user4_.username=?)
2024-11-04 15:08:17 DEBUG o.h.hql.internal.ast.ErrorTracker - throwQueryException() : no errors
2024-11-04 15:08:17 DEBUG o.s.d.r.c.s.RepositoryFactorySupport - Finished creation of repository instance for org.example.gym.repository.TrainerRepository.
2024-11-04 15:08:17 DEBUG o.s.b.f.s.DefaultListableBeanFactory - Creating shared instance of singleton bean 'trainingTypeRepository'
2024-11-04 15:08:17 DEBUG o.s.b.f.s.DefaultListableBeanFactory - Creating shared instance of singleton bean 'jpa.named-queries#3'
2024-11-04 15:08:17 DEBUG o.s.b.f.s.DefaultListableBeanFactory - Creating shared instance of singleton bean 'jpa.TrainingTypeRepository.fragments#0'
2024-11-04 15:08:17 DEBUG o.s.o.j.SharedEntityManagerCreator$SharedEntityManagerInvocationHandler - Creating new EntityManager for shared EntityManager invocation
2024-11-04 15:08:17 DEBUG o.s.d.r.c.s.RepositoryFactorySupport - Initializing repository instance for org.example.gym.repository.TrainingTypeRepository…
2024-11-04 15:08:17 DEBUG o.s.o.j.SharedEntityManagerCreator$SharedEntityManagerInvocationHandler - Creating new EntityManager for shared EntityManager invocation
2024-11-04 15:08:17 DEBUG o.s.d.j.repository.query.NamedQuery - Looking up named query TrainingType.findByTrainingType
2024-11-04 15:08:17 DEBUG o.h.e.t.internal.TransactionImpl - On TransactionImpl creation, JpaCompliance#isJpaTransactionComplianceEnabled == false
2024-11-04 15:08:17 DEBUG o.s.d.j.repository.query.NamedQuery - Did not find named query TrainingType.findByTrainingType
2024-11-04 15:08:17 DEBUG o.s.o.j.SharedEntityManagerCreator$SharedEntityManagerInvocationHandler - Creating new EntityManager for shared EntityManager invocation
2024-11-04 15:08:17 DEBUG o.s.d.r.c.s.RepositoryFactorySupport - Finished creation of repository instance for org.example.gym.repository.TrainingTypeRepository.
2024-11-04 15:08:17 DEBUG o.s.b.f.s.DefaultListableBeanFactory - Autowiring by type from bean name 'trainerService' via constructor to bean named 'trainerRepository'
2024-11-04 15:08:17 DEBUG o.s.b.f.s.DefaultListableBeanFactory - Autowiring by type from bean name 'trainerService' via constructor to bean named 'trainingTypeRepository'
2024-11-04 15:08:17 DEBUG o.s.b.f.s.DefaultListableBeanFactory - Autowiring by type from bean name 'trainerService' via constructor to bean named 'userService'
2024-11-04 15:08:17 DEBUG o.s.b.f.s.DefaultListableBeanFactory - Creating shared instance of singleton bean 'trainingService'
2024-11-04 15:08:17 DEBUG o.s.b.f.s.DefaultListableBeanFactory - Creating shared instance of singleton bean 'trainingRepository'
2024-11-04 15:08:17 DEBUG o.s.b.f.s.DefaultListableBeanFactory - Creating shared instance of singleton bean 'jpa.named-queries#2'
2024-11-04 15:08:17 DEBUG o.s.b.f.s.DefaultListableBeanFactory - Creating shared instance of singleton bean 'jpa.TrainingRepository.fragments#0'
2024-11-04 15:08:17 DEBUG o.s.o.j.SharedEntityManagerCreator$SharedEntityManagerInvocationHandler - Creating new EntityManager for shared EntityManager invocation
2024-11-04 15:08:17 DEBUG o.s.d.r.c.s.RepositoryFactorySupport - Initializing repository instance for org.example.gym.repository.TrainingRepository…
2024-11-04 15:08:17 DEBUG o.s.o.j.SharedEntityManagerCreator$SharedEntityManagerInvocationHandler - Creating new EntityManager for shared EntityManager invocation
2024-11-04 15:08:17 DEBUG o.h.e.t.internal.TransactionImpl - On TransactionImpl creation, JpaCompliance#isJpaTransactionComplianceEnabled == false
2024-11-04 15:08:17 DEBUG o.s.d.j.repository.query.NamedQuery - Did not find named query Training.findTrainingsByTrainerAndCriteria.count
2024-11-04 15:08:17 DEBUG o.s.o.j.SharedEntityManagerCreator$SharedEntityManagerInvocationHandler - Creating new EntityManager for shared EntityManager invocation
2024-11-04 15:08:17 DEBUG o.h.h.i.ast.QueryTranslatorImpl - parse() - HQL: SELECT t FROM org.example.gym.entity.Training t JOIN t.trainer trainer JOIN t.trainee trainee WHERE trainer.user.username = :username AND t.trainingDate BETWEEN :fromDate AND :toDate AND (trainee.user.username = :traineeName OR :traineeName IS NULL) ORDER BY t.trainingDate DESC
2024-11-04 15:08:17 DEBUG o.h.hql.internal.ast.ErrorTracker - throwQueryException() : no errors
2024-11-04 15:08:17 DEBUG o.h.h.i.ast.QueryTranslatorImpl - --- HQL AST ---
 \-[QUERY] Node: 'query'
    +-[SELECT_FROM] Node: 'SELECT_FROM'
    |  +-[FROM] Node: 'FROM'
    |  |  +-[RANGE] Node: 'RANGE'
    |  |  |  +-[DOT] Node: '.'
    |  |  |  |  +-[DOT] Node: '.'
    |  |  |  |  |  +-[DOT] Node: '.'
    |  |  |  |  |  |  +-[DOT] Node: '.'
    |  |  |  |  |  |  |  +-[IDENT] Node: 'org'
    |  |  |  |  |  |  |  \-[IDENT] Node: 'example'
    |  |  |  |  |  |  \-[IDENT] Node: 'gym'
    |  |  |  |  |  \-[IDENT] Node: 'entity'
    |  |  |  |  \-[IDENT] Node: 'Training'
    |  |  |  \-[ALIAS] Node: 't'
    |  |  +-[JOIN] Node: 'JOIN'
    |  |  |  +-[DOT] Node: '.'
    |  |  |  |  +-[IDENT] Node: 't'
    |  |  |  |  \-[IDENT] Node: 'trainer'
    |  |  |  \-[ALIAS] Node: 'trainer'
    |  |  \-[JOIN] Node: 'JOIN'
    |  |     +-[DOT] Node: '.'
    |  |     |  +-[IDENT] Node: 't'
    |  |     |  \-[IDENT] Node: 'trainee'
    |  |     \-[ALIAS] Node: 'trainee'
    |  \-[SELECT] Node: 'SELECT'
    |     \-[IDENT] Node: 't'
    +-[WHERE] Node: 'WHERE'
    |  \-[AND] Node: 'AND'
    |     +-[AND] Node: 'AND'
    |     |  +-[EQ] Node: '='
    |     |  |  +-[DOT] Node: '.'
    |     |  |  |  +-[DOT] Node: '.'
    |     |  |  |  |  +-[IDENT] Node: 'trainer'
    |     |  |  |  |  \-[IDENT] Node: 'user'
    |     |  |  |  \-[IDENT] Node: 'username'
    |     |  |  \-[COLON] Node: ':'
    |     |  |     \-[IDENT] Node: 'username'
    |     |  \-[BETWEEN] Node: 'between'
    |     |     +-[DOT] Node: '.'
    |     |     |  +-[IDENT] Node: 't'
    |     |     |  \-[IDENT] Node: 'trainingDate'
    |     |     +-[COLON] Node: ':'
    |     |     |  \-[IDENT] Node: 'fromDate'
    |     |     \-[COLON] Node: ':'
    |     |        \-[IDENT] Node: 'toDate'
    |     \-[OR] Node: 'OR'
    |        +-[EQ] Node: '='
    |        |  +-[DOT] Node: '.'
    |        |  |  +-[DOT] Node: '.'
    |        |  |  |  +-[IDENT] Node: 'trainee'
    |        |  |  |  \-[IDENT] Node: 'user'
    |        |  |  \-[IDENT] Node: 'username'
    |        |  \-[COLON] Node: ':'
    |        |     \-[IDENT] Node: 'traineeName'
    |        \-[IS_NULL] Node: 'is null'
    |           \-[COLON] Node: ':'
    |              \-[IDENT] Node: 'traineeName'
    \-[ORDER] Node: 'ORDER'
       +-[DOT] Node: '.'
       |  +-[IDENT] Node: 't'
       |  \-[IDENT] Node: 'trainingDate'
       \-[DESCENDING] Node: 'DESC'

2024-11-04 15:08:17 DEBUG o.h.h.i.antlr.HqlSqlBaseWalker - select << begin [level=1, statement=select]
2024-11-04 15:08:17 DEBUG o.h.h.internal.ast.tree.FromElement - FromClause{level=1} : org.example.gym.entity.Training (t) -> training0_
2024-11-04 15:08:17 DEBUG o.h.h.i.ast.tree.FromReferenceNode - Resolved : t -> training0_.trainingId
2024-11-04 15:08:17 DEBUG o.h.hql.internal.ast.tree.DotNode - getDataType() : trainer -> org.hibernate.type.ManyToOneType(org.example.gym.entity.Trainer)
2024-11-04 15:08:17 DEBUG o.h.hql.internal.ast.tree.DotNode - dereferenceEntityJoin() : generating join for trainer in org.example.gym.entity.Training (trainer) parent = [ {null} ]
2024-11-04 15:08:17 DEBUG o.h.h.internal.ast.tree.FromElement - FromClause{level=1} : org.example.gym.entity.Trainer (trainer) -> trainer1_
2024-11-04 15:08:17 DEBUG o.h.hql.internal.ast.tree.FromClause - addJoinByPathMap() : t.trainer -> FromElement{explicit,not a collection join,not a fetch join,fetch non-lazy properties,classAlias=trainer,role=null,tableName=Trainer,tableAlias=trainer1_,origin=Training training0_,columns={training0_.trainer_id,className=org.example.gym.entity.Trainer}}
2024-11-04 15:08:17 DEBUG o.h.h.i.ast.tree.FromReferenceNode - Resolved : t.trainer -> training0_.trainer_id
2024-11-04 15:08:17 DEBUG o.h.hql.internal.ast.HqlSqlWalker - createFromJoinElement() : -- join tree --
 \-[JOIN_FRAGMENT] FromElement: 'Trainer trainer1_' FromElement{explicit,not a collection join,not a fetch join,fetch non-lazy properties,classAlias=trainer,role=org.example.gym.entity.Training.trainer,tableName=Trainer,tableAlias=trainer1_,origin=Training training0_,columns={training0_.trainer_id,className=org.example.gym.entity.Trainer}}

2024-11-04 15:08:17 DEBUG o.h.h.i.ast.tree.FromReferenceNode - Resolved : t -> training0_.trainingId
2024-11-04 15:08:17 DEBUG o.h.hql.internal.ast.tree.DotNode - getDataType() : trainee -> org.hibernate.type.ManyToOneType(org.example.gym.entity.Trainee)
2024-11-04 15:08:17 DEBUG o.h.hql.internal.ast.tree.DotNode - dereferenceEntityJoin() : generating join for trainee in org.example.gym.entity.Training (trainee) parent = [ {null} ]
2024-11-04 15:08:17 DEBUG o.h.h.internal.ast.tree.FromElement - FromClause{level=1} : org.example.gym.entity.Trainee (trainee) -> trainee2_
2024-11-04 15:08:17 DEBUG o.h.hql.internal.ast.tree.FromClause - addJoinByPathMap() : t.trainee -> FromElement{explicit,not a collection join,not a fetch join,fetch non-lazy properties,classAlias=trainee,role=null,tableName=Trainee,tableAlias=trainee2_,origin=Training training0_,columns={training0_.trainee_id,className=org.example.gym.entity.Trainee}}
2024-11-04 15:08:17 DEBUG o.h.h.i.ast.tree.FromReferenceNode - Resolved : t.trainee -> training0_.trainee_id
2024-11-04 15:08:17 DEBUG o.h.hql.internal.ast.HqlSqlWalker - createFromJoinElement() : -- join tree --
 \-[JOIN_FRAGMENT] FromElement: 'Trainee trainee2_' FromElement{explicit,not a collection join,not a fetch join,fetch non-lazy properties,classAlias=trainee,role=org.example.gym.entity.Training.trainee,tableName=Trainee,tableAlias=trainee2_,origin=Training training0_,columns={training0_.trainee_id,className=org.example.gym.entity.Trainee}}

2024-11-04 15:08:17 DEBUG o.h.h.i.ast.tree.FromReferenceNode - Resolved : t -> training0_.trainingId
2024-11-04 15:08:17 DEBUG o.h.h.i.ast.tree.FromReferenceNode - Resolved : trainer -> trainer1_.trainerId
2024-11-04 15:08:17 DEBUG o.h.hql.internal.ast.tree.DotNode - getDataType() : user -> org.hibernate.type.ManyToOneType(org.example.gym.entity.User)
2024-11-04 15:08:17 DEBUG o.h.hql.internal.ast.tree.DotNode - dereferenceEntityJoin() : generating join for user in org.example.gym.entity.Trainer (<no alias>) parent = [  ( . ( . trainer1_.trainerId user ) username ) ]
2024-11-04 15:08:17 DEBUG o.h.h.internal.ast.tree.FromElement - FromClause{level=1} : org.example.gym.entity.User (<no alias>) -> user3_
2024-11-04 15:08:17 DEBUG o.h.hql.internal.ast.tree.FromClause - addJoinByPathMap() : trainer.user -> ImpliedFromElement{implied,not a collection join,not a fetch join,fetch non-lazy properties,classAlias=null,role=null,tableName="user",tableAlias=user3_,origin=Trainer trainer1_,columns={trainer1_.user_id,className=org.example.gym.entity.User}}
2024-11-04 15:08:17 DEBUG o.h.h.i.ast.tree.FromReferenceNode - Resolved : trainer.user -> trainer1_.user_id
2024-11-04 15:08:17 DEBUG o.h.hql.internal.ast.tree.DotNode - getDataType() : username -> org.hibernate.type.StringType@73cd37c0
2024-11-04 15:08:17 DEBUG o.h.h.i.ast.tree.FromReferenceNode - Resolved : trainer.user.username -> user3_.username
2024-11-04 15:08:17 DEBUG o.h.h.i.ast.tree.FromReferenceNode - Resolved : t -> training0_.trainingId
2024-11-04 15:08:17 DEBUG o.h.hql.internal.ast.tree.DotNode - getDataType() : trainingDate -> org.hibernate.type.LocalDateTimeType@30e868be
2024-11-04 15:08:17 DEBUG o.h.h.i.ast.tree.FromReferenceNode - Resolved : t.trainingDate -> training0_.trainingDate
2024-11-04 15:08:17 DEBUG o.h.h.i.ast.tree.FromReferenceNode - Resolved : trainee -> trainee2_.traineeId
2024-11-04 15:08:17 DEBUG o.h.hql.internal.ast.tree.DotNode - getDataType() : user -> org.hibernate.type.ManyToOneType(org.example.gym.entity.User)
2024-11-04 15:08:17 DEBUG o.h.hql.internal.ast.tree.DotNode - dereferenceEntityJoin() : generating join for user in org.example.gym.entity.Trainee (<no alias>) parent = [  ( . ( . trainee2_.traineeId user ) username ) ]
2024-11-04 15:08:17 DEBUG o.h.h.internal.ast.tree.FromElement - FromClause{level=1} : org.example.gym.entity.User (<no alias>) -> user4_
2024-11-04 15:08:17 DEBUG o.h.hql.internal.ast.tree.FromClause - addJoinByPathMap() : trainee.user -> ImpliedFromElement{implied,not a collection join,not a fetch join,fetch non-lazy properties,classAlias=null,role=null,tableName="user",tableAlias=user4_,origin=Trainee trainee2_,columns={trainee2_.user_id,className=org.example.gym.entity.User}}
2024-11-04 15:08:17 DEBUG o.h.h.i.ast.tree.FromReferenceNode - Resolved : trainee.user -> trainee2_.user_id
2024-11-04 15:08:17 DEBUG o.h.hql.internal.ast.tree.DotNode - getDataType() : username -> org.hibernate.type.StringType@73cd37c0
2024-11-04 15:08:17 DEBUG o.h.h.i.ast.tree.FromReferenceNode - Resolved : trainee.user.username -> user4_.username
2024-11-04 15:08:17 DEBUG o.h.h.i.ast.tree.FromReferenceNode - Resolved : t -> training0_.trainingId
2024-11-04 15:08:17 DEBUG o.h.hql.internal.ast.tree.DotNode - getDataType() : trainingDate -> org.hibernate.type.LocalDateTimeType@30e868be
2024-11-04 15:08:17 DEBUG o.h.h.i.ast.tree.FromReferenceNode - Resolved : t.trainingDate -> training0_.trainingDate
2024-11-04 15:08:17 DEBUG o.h.h.i.antlr.HqlSqlBaseWalker - select : finishing up [level=1, statement=select]
2024-11-04 15:08:17 DEBUG o.h.hql.internal.ast.HqlSqlWalker - processQuery() :  ( SELECT ( {select clause} training0_.trainingId ) ( FromClause{level=1} ( Training training0_ ( Trainer trainer1_ Trainee trainee2_ ) ) "user" user3_ "user" user4_ ) ( WHERE ( AND ( AND ( = ( user3_.username ( trainer1_.user_id trainer1_.trainerId user ) username ) ? ) ( between ( training0_.trainingDate training0_.trainingId trainingDate ) ? ? ) ) ( OR ( = ( user4_.username ( trainee2_.user_id trainee2_.traineeId user ) username ) ? ) ( is null ? ) ) ) ) ( ORDER ( training0_.trainingDate training0_.trainingId trainingDate ) DESC ) )
2024-11-04 15:08:17 DEBUG o.h.h.i.ast.util.JoinProcessor - Tables referenced from query nodes:
 \-QueryNode
    +-SelectClause
    | referencedTables(entity Training): [Training]
    |  +-IdentNode
    |  | persister: SingleTableEntityPersister(org.example.gym.entity.Training)
    |  | originalText: t
    |  \-SqlFragment
    +-FromClause
    |  +-FromElement
    |  |  \-FromElement
    |  |     \-FromElement
    |  +-ImpliedFromElement
    |  \-ImpliedFromElement
    +-SqlNode
    |  \-SqlNode
    |     +-SqlNode
    |     |  +-BinaryLogicOperatorNode
    |     |  |  +-DotNode
    |     |  |  | persister: SingleTableEntityPersister(org.example.gym.entity.User)
    |     |  |  | path: trainer.user.username
    |     |  |  |  +-DotNode
    |     |  |  |  | persister: SingleTableEntityPersister(org.example.gym.entity.User)
    |     |  |  |  | path: trainer.user
    |     |  |  |  |  +-IdentNode
    |     |  |  |  |  | persister: SingleTableEntityPersister(org.example.gym.entity.Trainer)
    |     |  |  |  |  | originalText: trainer
    |     |  |  |  |  \-IdentNode
    |     |  |  |  |    persister: null
    |     |  |  |  |    originalText: user
    |     |  |  |  \-IdentNode
    |     |  |  |    persister: null
    |     |  |  |    originalText: username
    |     |  |  \-ParameterNode
    |     |  \-BetweenOperatorNode
    |     |     +-DotNode
    |     |     | persister: SingleTableEntityPersister(org.example.gym.entity.Training)
    |     |     | path: t.trainingDate
    |     |     |  +-IdentNode
    |     |     |  | persister: SingleTableEntityPersister(org.example.gym.entity.Training)
    |     |     |  | originalText: t
    |     |     |  \-IdentNode
    |     |     |    persister: null
    |     |     |    originalText: trainingDate
    |     |     +-ParameterNode
    |     |     \-ParameterNode
    |     \-SqlNode
    |        +-BinaryLogicOperatorNode
    |        |  +-DotNode
    |        |  | persister: SingleTableEntityPersister(org.example.gym.entity.User)
    |        |  | path: trainee.user.username
    |        |  |  +-DotNode
    |        |  |  | persister: SingleTableEntityPersister(org.example.gym.entity.User)
    |        |  |  | path: trainee.user
    |        |  |  |  +-IdentNode
    |        |  |  |  | persister: SingleTableEntityPersister(org.example.gym.entity.Trainee)
    |        |  |  |  | originalText: trainee
    |        |  |  |  \-IdentNode
    |        |  |  |    persister: null
    |        |  |  |    originalText: user
    |        |  |  \-IdentNode
    |        |  |    persister: null
    |        |  |    originalText: username
    |        |  \-ParameterNode
    |        \-IsNullLogicOperatorNode
    |           \-ParameterNode
    \-OrderByClause
       +-DotNode
       | persister: SingleTableEntityPersister(org.example.gym.entity.Training)
       | path: t.trainingDate
       |  +-IdentNode
       |  | persister: SingleTableEntityPersister(org.example.gym.entity.Training)
       |  | originalText: t
       |  \-IdentNode
       |    persister: null
       |    originalText: trainingDate
       \-SqlNode

2024-11-04 15:08:17 DEBUG o.h.h.i.ast.util.JoinProcessor - Using FROM fragment [Training training0_]
2024-11-04 15:08:17 DEBUG o.h.h.i.ast.util.JoinProcessor - Using FROM fragment [inner join Trainer trainer1_ on training0_.trainer_id=trainer1_.trainerId]
2024-11-04 15:08:17 DEBUG o.h.h.i.ast.util.JoinProcessor - Using FROM fragment [inner join Trainee trainee2_ on training0_.trainee_id=trainee2_.traineeId]
2024-11-04 15:08:17 DEBUG o.h.h.i.ast.util.SyntheticAndFactory - Using unprocessed WHERE-fragment [trainer1_.user_id=user3_.id]
2024-11-04 15:08:17 DEBUG o.h.h.i.ast.util.SyntheticAndFactory - Using processed WHERE-fragment [trainer1_.user_id=user3_.id]
2024-11-04 15:08:17 DEBUG o.h.h.i.ast.util.SyntheticAndFactory - Using unprocessed WHERE-fragment [trainee2_.user_id=user4_.id]
2024-11-04 15:08:17 DEBUG o.h.h.i.ast.util.SyntheticAndFactory - Using processed WHERE-fragment [trainee2_.user_id=user4_.id]
2024-11-04 15:08:17 DEBUG o.h.h.i.antlr.HqlSqlBaseWalker - select >> end [level=1, statement=select]
2024-11-04 15:08:17 DEBUG o.h.h.i.ast.QueryTranslatorImpl - --- SQL AST ---
 \-[SELECT] QueryNode: 'SELECT'  querySpaces (Training,Trainee,Trainer,"user")
    +-[SELECT_CLAUSE] SelectClause: '{select clause}'
    |  +-[ALIAS_REF] IdentNode: 'training0_.trainingId as training1_3_' {alias=t, className=org.example.gym.entity.Training, tableAlias=training0_}
    |  \-[SQL_TOKEN] SqlFragment: 'training0_.trainee_id as trainee_5_3_, training0_.trainer_id as trainer_6_3_, training0_.trainingDate as training2_3_, training0_.trainingDuration as training3_3_, training0_.trainingName as training4_3_, training0_.trainingType_id as training7_3_'
    +-[FROM] FromClause: 'FROM' FromClause{level=1, fromElementCounter=5, fromElements=5, fromElementByClassAlias=[t, trainer, trainee], fromElementByTableAlias=[training0_, trainee2_, trainer1_, user3_, user4_], fromElementsByPath=[t.trainer, t.trainee, trainee.user, trainer.user], collectionJoinFromElementsByPath=[], impliedElements=[]}
    |  +-[FROM_FRAGMENT] FromElement: 'Training training0_' FromElement{explicit,not a collection join,not a fetch join,fetch non-lazy properties,classAlias=t,role=null,tableName=Training,tableAlias=training0_,origin=null,columns={,className=org.example.gym.entity.Training}}
    |  |  \-[JOIN_FRAGMENT] FromElement: 'inner join Trainer trainer1_ on training0_.trainer_id=trainer1_.trainerId' FromElement{explicit,not a collection join,not a fetch join,fetch non-lazy properties,classAlias=trainer,role=org.example.gym.entity.Training.trainer,tableName=Trainer,tableAlias=trainer1_,origin=Training training0_,columns={training0_.trainer_id,className=org.example.gym.entity.Trainer}}
    |  |     \-[JOIN_FRAGMENT] FromElement: 'inner join Trainee trainee2_ on training0_.trainee_id=trainee2_.traineeId' FromElement{explicit,not a collection join,not a fetch join,fetch non-lazy properties,classAlias=trainee,role=org.example.gym.entity.Training.trainee,tableName=Trainee,tableAlias=trainee2_,origin=Training training0_,columns={training0_.trainee_id,className=org.example.gym.entity.Trainee}}
    |  +-[FROM_FRAGMENT] ImpliedFromElement: '"user" user3_' ImpliedFromElement{implied,not a collection join,not a fetch join,fetch non-lazy properties,classAlias=null,role=org.example.gym.entity.Trainer.user,tableName="user",tableAlias=user3_,origin=inner join Trainer trainer1_ on training0_.trainer_id=trainer1_.trainerId,columns={trainer1_.user_id,className=org.example.gym.entity.User}}
    |  \-[FROM_FRAGMENT] ImpliedFromElement: '"user" user4_' ImpliedFromElement{implied,not a collection join,not a fetch join,fetch non-lazy properties,classAlias=null,role=org.example.gym.entity.Trainee.user,tableName="user",tableAlias=user4_,origin=inner join Trainee trainee2_ on training0_.trainee_id=trainee2_.traineeId,columns={trainee2_.user_id,className=org.example.gym.entity.User}}
    +-[WHERE] SqlNode: 'WHERE'
    |  +-[THETA_JOINS] SqlNode: '{theta joins}'
    |  |  +-[SQL_TOKEN] SqlFragment: 'trainer1_.user_id=user3_.id'
    |  |  \-[SQL_TOKEN] SqlFragment: 'trainee2_.user_id=user4_.id'
    |  \-[AND] SqlNode: 'AND'
    |     +-[AND] SqlNode: 'AND'
    |     |  +-[EQ] BinaryLogicOperatorNode: '='
    |     |  |  +-[DOT] DotNode: 'user3_.username' {propertyName=username,dereferenceType=PRIMITIVE,getPropertyPath=username,path=trainer.user.username,tableAlias=user3_,className=org.example.gym.entity.User,classAlias=null}
    |     |  |  |  +-[DOT] DotNode: 'trainer1_.user_id' {propertyName=user,dereferenceType=ENTITY,getPropertyPath=user,path=trainer.user,tableAlias=user3_,className=org.example.gym.entity.User,classAlias=null}
    |     |  |  |  |  +-[ALIAS_REF] IdentNode: 'trainer1_.trainerId' {alias=trainer, className=org.example.gym.entity.Trainer, tableAlias=trainer1_}
    |     |  |  |  |  \-[IDENT] IdentNode: 'user' {originalText=user}
    |     |  |  |  \-[IDENT] IdentNode: 'username' {originalText=username}
    |     |  |  \-[NAMED_PARAM] ParameterNode: '?' {name=username, expectedType=org.hibernate.type.StringType@73cd37c0}
    |     |  \-[BETWEEN] BetweenOperatorNode: 'between'
    |     |     +-[DOT] DotNode: 'training0_.trainingDate' {propertyName=trainingDate,dereferenceType=PRIMITIVE,getPropertyPath=trainingDate,path=t.trainingDate,tableAlias=training0_,className=org.example.gym.entity.Training,classAlias=t}
    |     |     |  +-[ALIAS_REF] IdentNode: 'training0_.trainingId' {alias=t, className=org.example.gym.entity.Training, tableAlias=training0_}
    |     |     |  \-[IDENT] IdentNode: 'trainingDate' {originalText=trainingDate}
    |     |     +-[NAMED_PARAM] ParameterNode: '?' {name=fromDate, expectedType=org.hibernate.type.LocalDateTimeType@30e868be}
    |     |     \-[NAMED_PARAM] ParameterNode: '?' {name=toDate, expectedType=org.hibernate.type.LocalDateTimeType@30e868be}
    |     \-[OR] SqlNode: 'OR'
    |        +-[EQ] BinaryLogicOperatorNode: '='
    |        |  +-[DOT] DotNode: 'user4_.username' {propertyName=username,dereferenceType=PRIMITIVE,getPropertyPath=username,path=trainee.user.username,tableAlias=user4_,className=org.example.gym.entity.User,classAlias=null}
    |        |  |  +-[DOT] DotNode: 'trainee2_.user_id' {propertyName=user,dereferenceType=ENTITY,getPropertyPath=user,path=trainee.user,tableAlias=user4_,className=org.example.gym.entity.User,classAlias=null}
    |        |  |  |  +-[ALIAS_REF] IdentNode: 'trainee2_.traineeId' {alias=trainee, className=org.example.gym.entity.Trainee, tableAlias=trainee2_}
    |        |  |  |  \-[IDENT] IdentNode: 'user' {originalText=user}
    |        |  |  \-[IDENT] IdentNode: 'username' {originalText=username}
    |        |  \-[NAMED_PARAM] ParameterNode: '?' {name=traineeName, expectedType=org.hibernate.type.StringType@73cd37c0}
    |        \-[IS_NULL] IsNullLogicOperatorNode: 'is null'
    |           \-[NAMED_PARAM] ParameterNode: '?' {name=traineeName, expectedType=null}
    \-[ORDER] OrderByClause: 'ORDER'
       +-[DOT] DotNode: 'training0_.trainingDate' {propertyName=trainingDate,dereferenceType=PRIMITIVE,getPropertyPath=trainingDate,path=t.trainingDate,tableAlias=training0_,className=org.example.gym.entity.Training,classAlias=t}
       |  +-[ALIAS_REF] IdentNode: 'training0_.trainingId' {alias=t, className=org.example.gym.entity.Training, tableAlias=training0_}
       |  \-[IDENT] IdentNode: 'trainingDate' {originalText=trainingDate}
       \-[DESCENDING] SqlNode: 'DESC'

2024-11-04 15:08:17 DEBUG o.h.hql.internal.ast.ErrorTracker - throwQueryException() : no errors
2024-11-04 15:08:17 DEBUG o.h.h.i.ast.QueryTranslatorImpl - HQL: SELECT t FROM org.example.gym.entity.Training t JOIN t.trainer trainer JOIN t.trainee trainee WHERE trainer.user.username = :username AND t.trainingDate BETWEEN :fromDate AND :toDate AND (trainee.user.username = :traineeName OR :traineeName IS NULL) ORDER BY t.trainingDate DESC
2024-11-04 15:08:17 DEBUG o.h.h.i.ast.QueryTranslatorImpl - SQL: select training0_.trainingId as training1_3_, training0_.trainee_id as trainee_5_3_, training0_.trainer_id as trainer_6_3_, training0_.trainingDate as training2_3_, training0_.trainingDuration as training3_3_, training0_.trainingName as training4_3_, training0_.trainingType_id as training7_3_ from Training training0_ inner join Trainer trainer1_ on training0_.trainer_id=trainer1_.trainerId inner join Trainee trainee2_ on training0_.trainee_id=trainee2_.traineeId cross join "user" user3_ cross join "user" user4_ where trainer1_.user_id=user3_.id and trainee2_.user_id=user4_.id and user3_.username=? and (training0_.trainingDate between ? and ?) and (user4_.username=? or ? is null) order by training0_.trainingDate DESC
2024-11-04 15:08:17 DEBUG o.h.hql.internal.ast.ErrorTracker - throwQueryException() : no errors
2024-11-04 15:08:17 DEBUG o.h.e.t.internal.TransactionImpl - On TransactionImpl creation, JpaCompliance#isJpaTransactionComplianceEnabled == false
2024-11-04 15:08:17 DEBUG o.s.d.j.repository.query.NamedQuery - Did not find named query Training.findTrainingsByTraineeAndCriteria.count
2024-11-04 15:08:17 DEBUG o.s.o.j.SharedEntityManagerCreator$SharedEntityManagerInvocationHandler - Creating new EntityManager for shared EntityManager invocation
2024-11-04 15:08:17 DEBUG o.h.h.i.ast.QueryTranslatorImpl - parse() - HQL: SELECT t FROM org.example.gym.entity.Training t JOIN t.trainee trainee JOIN t.trainer trainer WHERE trainee.user.username = :username AND t.trainingDate BETWEEN :fromDate AND :toDate AND (trainer.user.username = :trainerName OR :trainerName IS NULL) AND (t.trainingType.trainingType = :trainingType OR :trainingType IS NULL) ORDER BY t.trainingDate DESC
2024-11-04 15:08:17 DEBUG o.h.hql.internal.ast.ErrorTracker - throwQueryException() : no errors
2024-11-04 15:08:17 DEBUG o.h.h.i.ast.QueryTranslatorImpl - --- HQL AST ---
 \-[QUERY] Node: 'query'
    +-[SELECT_FROM] Node: 'SELECT_FROM'
    |  +-[FROM] Node: 'FROM'
    |  |  +-[RANGE] Node: 'RANGE'
    |  |  |  +-[DOT] Node: '.'
    |  |  |  |  +-[DOT] Node: '.'
    |  |  |  |  |  +-[DOT] Node: '.'
    |  |  |  |  |  |  +-[DOT] Node: '.'
    |  |  |  |  |  |  |  +-[IDENT] Node: 'org'
    |  |  |  |  |  |  |  \-[IDENT] Node: 'example'
    |  |  |  |  |  |  \-[IDENT] Node: 'gym'
    |  |  |  |  |  \-[IDENT] Node: 'entity'
    |  |  |  |  \-[IDENT] Node: 'Training'
    |  |  |  \-[ALIAS] Node: 't'
    |  |  +-[JOIN] Node: 'JOIN'
    |  |  |  +-[DOT] Node: '.'
    |  |  |  |  +-[IDENT] Node: 't'
    |  |  |  |  \-[IDENT] Node: 'trainee'
    |  |  |  \-[ALIAS] Node: 'trainee'
    |  |  \-[JOIN] Node: 'JOIN'
    |  |     +-[DOT] Node: '.'
    |  |     |  +-[IDENT] Node: 't'
    |  |     |  \-[IDENT] Node: 'trainer'
    |  |     \-[ALIAS] Node: 'trainer'
    |  \-[SELECT] Node: 'SELECT'
    |     \-[IDENT] Node: 't'
    +-[WHERE] Node: 'WHERE'
    |  \-[AND] Node: 'AND'
    |     +-[AND] Node: 'AND'
    |     |  +-[AND] Node: 'AND'
    |     |  |  +-[EQ] Node: '='
    |     |  |  |  +-[DOT] Node: '.'
    |     |  |  |  |  +-[DOT] Node: '.'
    |     |  |  |  |  |  +-[IDENT] Node: 'trainee'
    |     |  |  |  |  |  \-[IDENT] Node: 'user'
    |     |  |  |  |  \-[IDENT] Node: 'username'
    |     |  |  |  \-[COLON] Node: ':'
    |     |  |  |     \-[IDENT] Node: 'username'
    |     |  |  \-[BETWEEN] Node: 'between'
    |     |  |     +-[DOT] Node: '.'
    |     |  |     |  +-[IDENT] Node: 't'
    |     |  |     |  \-[IDENT] Node: 'trainingDate'
    |     |  |     +-[COLON] Node: ':'
    |     |  |     |  \-[IDENT] Node: 'fromDate'
    |     |  |     \-[COLON] Node: ':'
    |     |  |        \-[IDENT] Node: 'toDate'
    |     |  \-[OR] Node: 'OR'
    |     |     +-[EQ] Node: '='
    |     |     |  +-[DOT] Node: '.'
    |     |     |  |  +-[DOT] Node: '.'
    |     |     |  |  |  +-[IDENT] Node: 'trainer'
    |     |     |  |  |  \-[IDENT] Node: 'user'
    |     |     |  |  \-[IDENT] Node: 'username'
    |     |     |  \-[COLON] Node: ':'
    |     |     |     \-[IDENT] Node: 'trainerName'
    |     |     \-[IS_NULL] Node: 'is null'
    |     |        \-[COLON] Node: ':'
    |     |           \-[IDENT] Node: 'trainerName'
    |     \-[OR] Node: 'OR'
    |        +-[EQ] Node: '='
    |        |  +-[DOT] Node: '.'
    |        |  |  +-[DOT] Node: '.'
    |        |  |  |  +-[IDENT] Node: 't'
    |        |  |  |  \-[IDENT] Node: 'trainingType'
    |        |  |  \-[IDENT] Node: 'trainingType'
    |        |  \-[COLON] Node: ':'
    |        |     \-[IDENT] Node: 'trainingType'
    |        \-[IS_NULL] Node: 'is null'
    |           \-[COLON] Node: ':'
    |              \-[IDENT] Node: 'trainingType'
    \-[ORDER] Node: 'ORDER'
       +-[DOT] Node: '.'
       |  +-[IDENT] Node: 't'
       |  \-[IDENT] Node: 'trainingDate'
       \-[DESCENDING] Node: 'DESC'

2024-11-04 15:08:17 DEBUG o.h.h.i.antlr.HqlSqlBaseWalker - select << begin [level=1, statement=select]
2024-11-04 15:08:17 DEBUG o.h.h.internal.ast.tree.FromElement - FromClause{level=1} : org.example.gym.entity.Training (t) -> training0_
2024-11-04 15:08:17 DEBUG o.h.h.i.ast.tree.FromReferenceNode - Resolved : t -> training0_.trainingId
2024-11-04 15:08:17 DEBUG o.h.hql.internal.ast.tree.DotNode - getDataType() : trainee -> org.hibernate.type.ManyToOneType(org.example.gym.entity.Trainee)
2024-11-04 15:08:17 DEBUG o.h.hql.internal.ast.tree.DotNode - dereferenceEntityJoin() : generating join for trainee in org.example.gym.entity.Training (trainee) parent = [ {null} ]
2024-11-04 15:08:17 DEBUG o.h.h.internal.ast.tree.FromElement - FromClause{level=1} : org.example.gym.entity.Trainee (trainee) -> trainee1_
2024-11-04 15:08:17 DEBUG o.h.hql.internal.ast.tree.FromClause - addJoinByPathMap() : t.trainee -> FromElement{explicit,not a collection join,not a fetch join,fetch non-lazy properties,classAlias=trainee,role=null,tableName=Trainee,tableAlias=trainee1_,origin=Training training0_,columns={training0_.trainee_id,className=org.example.gym.entity.Trainee}}
2024-11-04 15:08:17 DEBUG o.h.h.i.ast.tree.FromReferenceNode - Resolved : t.trainee -> training0_.trainee_id
2024-11-04 15:08:17 DEBUG o.h.hql.internal.ast.HqlSqlWalker - createFromJoinElement() : -- join tree --
 \-[JOIN_FRAGMENT] FromElement: 'Trainee trainee1_' FromElement{explicit,not a collection join,not a fetch join,fetch non-lazy properties,classAlias=trainee,role=org.example.gym.entity.Training.trainee,tableName=Trainee,tableAlias=trainee1_,origin=Training training0_,columns={training0_.trainee_id,className=org.example.gym.entity.Trainee}}

2024-11-04 15:08:17 DEBUG o.h.h.i.ast.tree.FromReferenceNode - Resolved : t -> training0_.trainingId
2024-11-04 15:08:17 DEBUG o.h.hql.internal.ast.tree.DotNode - getDataType() : trainer -> org.hibernate.type.ManyToOneType(org.example.gym.entity.Trainer)
2024-11-04 15:08:17 DEBUG o.h.hql.internal.ast.tree.DotNode - dereferenceEntityJoin() : generating join for trainer in org.example.gym.entity.Training (trainer) parent = [ {null} ]
2024-11-04 15:08:17 DEBUG o.h.h.internal.ast.tree.FromElement - FromClause{level=1} : org.example.gym.entity.Trainer (trainer) -> trainer2_
2024-11-04 15:08:17 DEBUG o.h.hql.internal.ast.tree.FromClause - addJoinByPathMap() : t.trainer -> FromElement{explicit,not a collection join,not a fetch join,fetch non-lazy properties,classAlias=trainer,role=null,tableName=Trainer,tableAlias=trainer2_,origin=Training training0_,columns={training0_.trainer_id,className=org.example.gym.entity.Trainer}}
2024-11-04 15:08:17 DEBUG o.h.h.i.ast.tree.FromReferenceNode - Resolved : t.trainer -> training0_.trainer_id
2024-11-04 15:08:17 DEBUG o.h.hql.internal.ast.HqlSqlWalker - createFromJoinElement() : -- join tree --
 \-[JOIN_FRAGMENT] FromElement: 'Trainer trainer2_' FromElement{explicit,not a collection join,not a fetch join,fetch non-lazy properties,classAlias=trainer,role=org.example.gym.entity.Training.trainer,tableName=Trainer,tableAlias=trainer2_,origin=Training training0_,columns={training0_.trainer_id,className=org.example.gym.entity.Trainer}}

2024-11-04 15:08:17 DEBUG o.h.h.i.ast.tree.FromReferenceNode - Resolved : t -> training0_.trainingId
2024-11-04 15:08:17 DEBUG o.h.h.i.ast.tree.FromReferenceNode - Resolved : trainee -> trainee1_.traineeId
2024-11-04 15:08:17 DEBUG o.h.hql.internal.ast.tree.DotNode - getDataType() : user -> org.hibernate.type.ManyToOneType(org.example.gym.entity.User)
2024-11-04 15:08:17 DEBUG o.h.hql.internal.ast.tree.DotNode - dereferenceEntityJoin() : generating join for user in org.example.gym.entity.Trainee (<no alias>) parent = [  ( . ( . trainee1_.traineeId user ) username ) ]
2024-11-04 15:08:17 DEBUG o.h.h.internal.ast.tree.FromElement - FromClause{level=1} : org.example.gym.entity.User (<no alias>) -> user3_
2024-11-04 15:08:17 DEBUG o.h.hql.internal.ast.tree.FromClause - addJoinByPathMap() : trainee.user -> ImpliedFromElement{implied,not a collection join,not a fetch join,fetch non-lazy properties,classAlias=null,role=null,tableName="user",tableAlias=user3_,origin=Trainee trainee1_,columns={trainee1_.user_id,className=org.example.gym.entity.User}}
2024-11-04 15:08:17 DEBUG o.h.h.i.ast.tree.FromReferenceNode - Resolved : trainee.user -> trainee1_.user_id
2024-11-04 15:08:17 DEBUG o.h.hql.internal.ast.tree.DotNode - getDataType() : username -> org.hibernate.type.StringType@73cd37c0
2024-11-04 15:08:17 DEBUG o.h.h.i.ast.tree.FromReferenceNode - Resolved : trainee.user.username -> user3_.username
2024-11-04 15:08:17 DEBUG o.h.h.i.ast.tree.FromReferenceNode - Resolved : t -> training0_.trainingId
2024-11-04 15:08:17 DEBUG o.h.hql.internal.ast.tree.DotNode - getDataType() : trainingDate -> org.hibernate.type.LocalDateTimeType@30e868be
2024-11-04 15:08:17 DEBUG o.h.h.i.ast.tree.FromReferenceNode - Resolved : t.trainingDate -> training0_.trainingDate
2024-11-04 15:08:17 DEBUG o.h.h.i.ast.tree.FromReferenceNode - Resolved : trainer -> trainer2_.trainerId
2024-11-04 15:08:17 DEBUG o.h.hql.internal.ast.tree.DotNode - getDataType() : user -> org.hibernate.type.ManyToOneType(org.example.gym.entity.User)
2024-11-04 15:08:17 DEBUG o.h.hql.internal.ast.tree.DotNode - dereferenceEntityJoin() : generating join for user in org.example.gym.entity.Trainer (<no alias>) parent = [  ( . ( . trainer2_.trainerId user ) username ) ]
2024-11-04 15:08:17 DEBUG o.h.h.internal.ast.tree.FromElement - FromClause{level=1} : org.example.gym.entity.User (<no alias>) -> user4_
2024-11-04 15:08:17 DEBUG o.h.hql.internal.ast.tree.FromClause - addJoinByPathMap() : trainer.user -> ImpliedFromElement{implied,not a collection join,not a fetch join,fetch non-lazy properties,classAlias=null,role=null,tableName="user",tableAlias=user4_,origin=Trainer trainer2_,columns={trainer2_.user_id,className=org.example.gym.entity.User}}
2024-11-04 15:08:17 DEBUG o.h.h.i.ast.tree.FromReferenceNode - Resolved : trainer.user -> trainer2_.user_id
2024-11-04 15:08:17 DEBUG o.h.hql.internal.ast.tree.DotNode - getDataType() : username -> org.hibernate.type.StringType@73cd37c0
2024-11-04 15:08:17 DEBUG o.h.h.i.ast.tree.FromReferenceNode - Resolved : trainer.user.username -> user4_.username
2024-11-04 15:08:17 DEBUG o.h.h.i.ast.tree.FromReferenceNode - Resolved : t -> training0_.trainingId
2024-11-04 15:08:17 DEBUG o.h.hql.internal.ast.tree.DotNode - getDataType() : trainingType -> org.hibernate.type.ManyToOneType(org.example.gym.entity.TrainingType)
2024-11-04 15:08:17 DEBUG o.h.hql.internal.ast.tree.DotNode - dereferenceEntityJoin() : generating join for trainingType in org.example.gym.entity.Training (<no alias>) parent = [  ( . ( . training0_.trainingId trainingType ) trainingType ) ]
2024-11-04 15:08:17 DEBUG o.h.h.internal.ast.tree.FromElement - FromClause{level=1} : org.example.gym.entity.TrainingType (<no alias>) -> trainingty5_
2024-11-04 15:08:17 DEBUG o.h.hql.internal.ast.tree.FromClause - addJoinByPathMap() : t.trainingType -> ImpliedFromElement{implied,not a collection join,not a fetch join,fetch non-lazy properties,classAlias=null,role=null,tableName=TrainingType,tableAlias=trainingty5_,origin=Training training0_,columns={training0_.trainingType_id,className=org.example.gym.entity.TrainingType}}
2024-11-04 15:08:17 DEBUG o.h.h.i.ast.tree.FromReferenceNode - Resolved : t.trainingType -> training0_.trainingType_id
2024-11-04 15:08:17 DEBUG o.h.hql.internal.ast.tree.DotNode - getDataType() : trainingType -> org.hibernate.type.StringType@73cd37c0
2024-11-04 15:08:17 DEBUG o.h.h.i.ast.tree.FromReferenceNode - Resolved : t.trainingType.trainingType -> trainingty5_.trainingType
2024-11-04 15:08:17 DEBUG o.h.h.i.ast.tree.FromReferenceNode - Resolved : t -> training0_.trainingId
2024-11-04 15:08:17 DEBUG o.h.hql.internal.ast.tree.DotNode - getDataType() : trainingDate -> org.hibernate.type.LocalDateTimeType@30e868be
2024-11-04 15:08:17 DEBUG o.h.h.i.ast.tree.FromReferenceNode - Resolved : t.trainingDate -> training0_.trainingDate
2024-11-04 15:08:17 DEBUG o.h.h.i.antlr.HqlSqlBaseWalker - select : finishing up [level=1, statement=select]
2024-11-04 15:08:17 DEBUG o.h.hql.internal.ast.HqlSqlWalker - processQuery() :  ( SELECT ( {select clause} training0_.trainingId ) ( FromClause{level=1} ( Training training0_ ( Trainee trainee1_ Trainer trainer2_ ) ) "user" user3_ "user" user4_ TrainingType trainingty5_ ) ( WHERE ( AND ( AND ( AND ( = ( user3_.username ( trainee1_.user_id trainee1_.traineeId user ) username ) ? ) ( between ( training0_.trainingDate training0_.trainingId trainingDate ) ? ? ) ) ( OR ( = ( user4_.username ( trainer2_.user_id trainer2_.trainerId user ) username ) ? ) ( is null ? ) ) ) ( OR ( = ( trainingty5_.trainingType ( training0_.trainingType_id training0_.trainingId trainingType ) trainingType ) ? ) ( is null ? ) ) ) ) ( ORDER ( training0_.trainingDate training0_.trainingId trainingDate ) DESC ) )
2024-11-04 15:08:17 DEBUG o.h.h.i.ast.util.JoinProcessor - Tables referenced from query nodes:
 \-QueryNode
    +-SelectClause
    | referencedTables(entity Training): [Training]
    |  +-IdentNode
    |  | persister: SingleTableEntityPersister(org.example.gym.entity.Training)
    |  | originalText: t
    |  \-SqlFragment
    +-FromClause
    |  +-FromElement
    |  |  \-FromElement
    |  |     \-FromElement
    |  +-ImpliedFromElement
    |  +-ImpliedFromElement
    |  \-ImpliedFromElement
    +-SqlNode
    |  \-SqlNode
    |     +-SqlNode
    |     |  +-SqlNode
    |     |  |  +-BinaryLogicOperatorNode
    |     |  |  |  +-DotNode
    |     |  |  |  | persister: SingleTableEntityPersister(org.example.gym.entity.User)
    |     |  |  |  | path: trainee.user.username
    |     |  |  |  |  +-DotNode
    |     |  |  |  |  | persister: SingleTableEntityPersister(org.example.gym.entity.User)
    |     |  |  |  |  | path: trainee.user
    |     |  |  |  |  |  +-IdentNode
    |     |  |  |  |  |  | persister: SingleTableEntityPersister(org.example.gym.entity.Trainee)
    |     |  |  |  |  |  | originalText: trainee
    |     |  |  |  |  |  \-IdentNode
    |     |  |  |  |  |    persister: null
    |     |  |  |  |  |    originalText: user
    |     |  |  |  |  \-IdentNode
    |     |  |  |  |    persister: null
    |     |  |  |  |    originalText: username
    |     |  |  |  \-ParameterNode
    |     |  |  \-BetweenOperatorNode
    |     |  |     +-DotNode
    |     |  |     | persister: SingleTableEntityPersister(org.example.gym.entity.Training)
    |     |  |     | path: t.trainingDate
    |     |  |     |  +-IdentNode
    |     |  |     |  | persister: SingleTableEntityPersister(org.example.gym.entity.Training)
    |     |  |     |  | originalText: t
    |     |  |     |  \-IdentNode
    |     |  |     |    persister: null
    |     |  |     |    originalText: trainingDate
    |     |  |     +-ParameterNode
    |     |  |     \-ParameterNode
    |     |  \-SqlNode
    |     |     +-BinaryLogicOperatorNode
    |     |     |  +-DotNode
    |     |     |  | persister: SingleTableEntityPersister(org.example.gym.entity.User)
    |     |     |  | path: trainer.user.username
    |     |     |  |  +-DotNode
    |     |     |  |  | persister: SingleTableEntityPersister(org.example.gym.entity.User)
    |     |     |  |  | path: trainer.user
    |     |     |  |  |  +-IdentNode
    |     |     |  |  |  | persister: SingleTableEntityPersister(org.example.gym.entity.Trainer)
    |     |     |  |  |  | originalText: trainer
    |     |     |  |  |  \-IdentNode
    |     |     |  |  |    persister: null
    |     |     |  |  |    originalText: user
    |     |     |  |  \-IdentNode
    |     |     |  |    persister: null
    |     |     |  |    originalText: username
    |     |     |  \-ParameterNode
    |     |     \-IsNullLogicOperatorNode
    |     |        \-ParameterNode
    |     \-SqlNode
    |        +-BinaryLogicOperatorNode
    |        |  +-DotNode
    |        |  | persister: SingleTableEntityPersister(org.example.gym.entity.TrainingType)
    |        |  | path: t.trainingType.trainingType
    |        |  |  +-DotNode
    |        |  |  | persister: SingleTableEntityPersister(org.example.gym.entity.TrainingType)
    |        |  |  | path: t.trainingType
    |        |  |  |  +-IdentNode
    |        |  |  |  | persister: SingleTableEntityPersister(org.example.gym.entity.Training)
    |        |  |  |  | originalText: t
    |        |  |  |  \-IdentNode
    |        |  |  |    persister: null
    |        |  |  |    originalText: trainingType
    |        |  |  \-IdentNode
    |        |  |    persister: null
    |        |  |    originalText: trainingType
    |        |  \-ParameterNode
    |        \-IsNullLogicOperatorNode
    |           \-ParameterNode
    \-OrderByClause
       +-DotNode
       | persister: SingleTableEntityPersister(org.example.gym.entity.Training)
       | path: t.trainingDate
       |  +-IdentNode
       |  | persister: SingleTableEntityPersister(org.example.gym.entity.Training)
       |  | originalText: t
       |  \-IdentNode
       |    persister: null
       |    originalText: trainingDate
       \-SqlNode

2024-11-04 15:08:17 DEBUG o.h.h.i.ast.util.JoinProcessor - Using FROM fragment [Training training0_]
2024-11-04 15:08:17 DEBUG o.h.h.i.ast.util.JoinProcessor - Using FROM fragment [inner join Trainee trainee1_ on training0_.trainee_id=trainee1_.traineeId]
2024-11-04 15:08:17 DEBUG o.h.h.i.ast.util.JoinProcessor - Using FROM fragment [inner join Trainer trainer2_ on training0_.trainer_id=trainer2_.trainerId]
2024-11-04 15:08:17 DEBUG o.h.h.i.ast.util.SyntheticAndFactory - Using unprocessed WHERE-fragment [trainee1_.user_id=user3_.id]
2024-11-04 15:08:17 DEBUG o.h.h.i.ast.util.SyntheticAndFactory - Using processed WHERE-fragment [trainee1_.user_id=user3_.id]
2024-11-04 15:08:17 DEBUG o.h.h.i.ast.util.SyntheticAndFactory - Using unprocessed WHERE-fragment [trainer2_.user_id=user4_.id]
2024-11-04 15:08:17 DEBUG o.h.h.i.ast.util.SyntheticAndFactory - Using processed WHERE-fragment [trainer2_.user_id=user4_.id]
2024-11-04 15:08:17 DEBUG o.h.h.i.ast.util.SyntheticAndFactory - Using unprocessed WHERE-fragment [training0_.trainingType_id=trainingty5_.id]
2024-11-04 15:08:17 DEBUG o.h.h.i.ast.util.SyntheticAndFactory - Using processed WHERE-fragment [training0_.trainingType_id=trainingty5_.id]
2024-11-04 15:08:17 DEBUG o.h.h.i.antlr.HqlSqlBaseWalker - select >> end [level=1, statement=select]
2024-11-04 15:08:17 DEBUG o.h.h.i.ast.QueryTranslatorImpl - --- SQL AST ---
 \-[SELECT] QueryNode: 'SELECT'  querySpaces (Training,Trainee,Trainer,TrainingType,"user")
    +-[SELECT_CLAUSE] SelectClause: '{select clause}'
    |  +-[ALIAS_REF] IdentNode: 'training0_.trainingId as training1_3_' {alias=t, className=org.example.gym.entity.Training, tableAlias=training0_}
    |  \-[SQL_TOKEN] SqlFragment: 'training0_.trainee_id as trainee_5_3_, training0_.trainer_id as trainer_6_3_, training0_.trainingDate as training2_3_, training0_.trainingDuration as training3_3_, training0_.trainingName as training4_3_, training0_.trainingType_id as training7_3_'
    +-[FROM] FromClause: 'FROM' FromClause{level=1, fromElementCounter=6, fromElements=6, fromElementByClassAlias=[t, trainer, trainee], fromElementByTableAlias=[training0_, trainee1_, trainingty5_, user3_, trainer2_, user4_], fromElementsByPath=[t.trainer, t.trainingType, t.trainee, trainee.user, trainer.user], collectionJoinFromElementsByPath=[], impliedElements=[]}
    |  +-[FROM_FRAGMENT] FromElement: 'Training training0_' FromElement{explicit,not a collection join,not a fetch join,fetch non-lazy properties,classAlias=t,role=null,tableName=Training,tableAlias=training0_,origin=null,columns={,className=org.example.gym.entity.Training}}
    |  |  \-[JOIN_FRAGMENT] FromElement: 'inner join Trainee trainee1_ on training0_.trainee_id=trainee1_.traineeId' FromElement{explicit,not a collection join,not a fetch join,fetch non-lazy properties,classAlias=trainee,role=org.example.gym.entity.Training.trainee,tableName=Trainee,tableAlias=trainee1_,origin=Training training0_,columns={training0_.trainee_id,className=org.example.gym.entity.Trainee}}
    |  |     \-[JOIN_FRAGMENT] FromElement: 'inner join Trainer trainer2_ on training0_.trainer_id=trainer2_.trainerId' FromElement{explicit,not a collection join,not a fetch join,fetch non-lazy properties,classAlias=trainer,role=org.example.gym.entity.Training.trainer,tableName=Trainer,tableAlias=trainer2_,origin=Training training0_,columns={training0_.trainer_id,className=org.example.gym.entity.Trainer}}
    |  +-[FROM_FRAGMENT] ImpliedFromElement: '"user" user3_' ImpliedFromElement{implied,not a collection join,not a fetch join,fetch non-lazy properties,classAlias=null,role=org.example.gym.entity.Trainee.user,tableName="user",tableAlias=user3_,origin=inner join Trainee trainee1_ on training0_.trainee_id=trainee1_.traineeId,columns={trainee1_.user_id,className=org.example.gym.entity.User}}
    |  +-[FROM_FRAGMENT] ImpliedFromElement: '"user" user4_' ImpliedFromElement{implied,not a collection join,not a fetch join,fetch non-lazy properties,classAlias=null,role=org.example.gym.entity.Trainer.user,tableName="user",tableAlias=user4_,origin=inner join Trainer trainer2_ on training0_.trainer_id=trainer2_.trainerId,columns={trainer2_.user_id,className=org.example.gym.entity.User}}
    |  \-[FROM_FRAGMENT] ImpliedFromElement: 'TrainingType trainingty5_' ImpliedFromElement{implied,not a collection join,not a fetch join,fetch non-lazy properties,classAlias=null,role=org.example.gym.entity.Training.trainingType,tableName=TrainingType,tableAlias=trainingty5_,origin=Training training0_,columns={training0_.trainingType_id,className=org.example.gym.entity.TrainingType}}
    +-[WHERE] SqlNode: 'WHERE'
    |  +-[THETA_JOINS] SqlNode: '{theta joins}'
    |  |  +-[SQL_TOKEN] SqlFragment: 'trainee1_.user_id=user3_.id'
    |  |  +-[SQL_TOKEN] SqlFragment: 'trainer2_.user_id=user4_.id'
    |  |  \-[SQL_TOKEN] SqlFragment: 'training0_.trainingType_id=trainingty5_.id'
    |  \-[AND] SqlNode: 'AND'
    |     +-[AND] SqlNode: 'AND'
    |     |  +-[AND] SqlNode: 'AND'
    |     |  |  +-[EQ] BinaryLogicOperatorNode: '='
    |     |  |  |  +-[DOT] DotNode: 'user3_.username' {propertyName=username,dereferenceType=PRIMITIVE,getPropertyPath=username,path=trainee.user.username,tableAlias=user3_,className=org.example.gym.entity.User,classAlias=null}
    |     |  |  |  |  +-[DOT] DotNode: 'trainee1_.user_id' {propertyName=user,dereferenceType=ENTITY,getPropertyPath=user,path=trainee.user,tableAlias=user3_,className=org.example.gym.entity.User,classAlias=null}
    |     |  |  |  |  |  +-[ALIAS_REF] IdentNode: 'trainee1_.traineeId' {alias=trainee, className=org.example.gym.entity.Trainee, tableAlias=trainee1_}
    |     |  |  |  |  |  \-[IDENT] IdentNode: 'user' {originalText=user}
    |     |  |  |  |  \-[IDENT] IdentNode: 'username' {originalText=username}
    |     |  |  |  \-[NAMED_PARAM] ParameterNode: '?' {name=username, expectedType=org.hibernate.type.StringType@73cd37c0}
    |     |  |  \-[BETWEEN] BetweenOperatorNode: 'between'
    |     |  |     +-[DOT] DotNode: 'training0_.trainingDate' {propertyName=trainingDate,dereferenceType=PRIMITIVE,getPropertyPath=trainingDate,path=t.trainingDate,tableAlias=training0_,className=org.example.gym.entity.Training,classAlias=t}
    |     |  |     |  +-[ALIAS_REF] IdentNode: 'training0_.trainingId' {alias=t, className=org.example.gym.entity.Training, tableAlias=training0_}
    |     |  |     |  \-[IDENT] IdentNode: 'trainingDate' {originalText=trainingDate}
    |     |  |     +-[NAMED_PARAM] ParameterNode: '?' {name=fromDate, expectedType=org.hibernate.type.LocalDateTimeType@30e868be}
    |     |  |     \-[NAMED_PARAM] ParameterNode: '?' {name=toDate, expectedType=org.hibernate.type.LocalDateTimeType@30e868be}
    |     |  \-[OR] SqlNode: 'OR'
    |     |     +-[EQ] BinaryLogicOperatorNode: '='
    |     |     |  +-[DOT] DotNode: 'user4_.username' {propertyName=username,dereferenceType=PRIMITIVE,getPropertyPath=username,path=trainer.user.username,tableAlias=user4_,className=org.example.gym.entity.User,classAlias=null}
    |     |     |  |  +-[DOT] DotNode: 'trainer2_.user_id' {propertyName=user,dereferenceType=ENTITY,getPropertyPath=user,path=trainer.user,tableAlias=user4_,className=org.example.gym.entity.User,classAlias=null}
    |     |     |  |  |  +-[ALIAS_REF] IdentNode: 'trainer2_.trainerId' {alias=trainer, className=org.example.gym.entity.Trainer, tableAlias=trainer2_}
    |     |     |  |  |  \-[IDENT] IdentNode: 'user' {originalText=user}
    |     |     |  |  \-[IDENT] IdentNode: 'username' {originalText=username}
    |     |     |  \-[NAMED_PARAM] ParameterNode: '?' {name=trainerName, expectedType=org.hibernate.type.StringType@73cd37c0}
    |     |     \-[IS_NULL] IsNullLogicOperatorNode: 'is null'
    |     |        \-[NAMED_PARAM] ParameterNode: '?' {name=trainerName, expectedType=null}
    |     \-[OR] SqlNode: 'OR'
    |        +-[EQ] BinaryLogicOperatorNode: '='
    |        |  +-[DOT] DotNode: 'trainingty5_.trainingType' {propertyName=trainingType,dereferenceType=PRIMITIVE,getPropertyPath=trainingType,path=t.trainingType.trainingType,tableAlias=trainingty5_,className=org.example.gym.entity.TrainingType,classAlias=null}
    |        |  |  +-[DOT] DotNode: 'training0_.trainingType_id' {propertyName=trainingType,dereferenceType=ENTITY,getPropertyPath=trainingType,path=t.trainingType,tableAlias=trainingty5_,className=org.example.gym.entity.TrainingType,classAlias=null}
    |        |  |  |  +-[ALIAS_REF] IdentNode: 'training0_.trainingId' {alias=t, className=org.example.gym.entity.Training, tableAlias=training0_}
    |        |  |  |  \-[IDENT] IdentNode: 'trainingType' {originalText=trainingType}
    |        |  |  \-[IDENT] IdentNode: 'trainingType' {originalText=trainingType}
    |        |  \-[NAMED_PARAM] ParameterNode: '?' {name=trainingType, expectedType=org.hibernate.type.StringType@73cd37c0}
    |        \-[IS_NULL] IsNullLogicOperatorNode: 'is null'
    |           \-[NAMED_PARAM] ParameterNode: '?' {name=trainingType, expectedType=null}
    \-[ORDER] OrderByClause: 'ORDER'
       +-[DOT] DotNode: 'training0_.trainingDate' {propertyName=trainingDate,dereferenceType=PRIMITIVE,getPropertyPath=trainingDate,path=t.trainingDate,tableAlias=training0_,className=org.example.gym.entity.Training,classAlias=t}
       |  +-[ALIAS_REF] IdentNode: 'training0_.trainingId' {alias=t, className=org.example.gym.entity.Training, tableAlias=training0_}
       |  \-[IDENT] IdentNode: 'trainingDate' {originalText=trainingDate}
       \-[DESCENDING] SqlNode: 'DESC'

2024-11-04 15:08:17 DEBUG o.h.hql.internal.ast.ErrorTracker - throwQueryException() : no errors
2024-11-04 15:08:17 DEBUG o.h.h.i.ast.QueryTranslatorImpl - HQL: SELECT t FROM org.example.gym.entity.Training t JOIN t.trainee trainee JOIN t.trainer trainer WHERE trainee.user.username = :username AND t.trainingDate BETWEEN :fromDate AND :toDate AND (trainer.user.username = :trainerName OR :trainerName IS NULL) AND (t.trainingType.trainingType = :trainingType OR :trainingType IS NULL) ORDER BY t.trainingDate DESC
2024-11-04 15:08:17 DEBUG o.h.h.i.ast.QueryTranslatorImpl - SQL: select training0_.trainingId as training1_3_, training0_.trainee_id as trainee_5_3_, training0_.trainer_id as trainer_6_3_, training0_.trainingDate as training2_3_, training0_.trainingDuration as training3_3_, training0_.trainingName as training4_3_, training0_.trainingType_id as training7_3_ from Training training0_ inner join Trainee trainee1_ on training0_.trainee_id=trainee1_.traineeId inner join Trainer trainer2_ on training0_.trainer_id=trainer2_.trainerId cross join "user" user3_ cross join "user" user4_ cross join TrainingType trainingty5_ where trainee1_.user_id=user3_.id and trainer2_.user_id=user4_.id and training0_.trainingType_id=trainingty5_.id and user3_.username=? and (training0_.trainingDate between ? and ?) and (user4_.username=? or ? is null) and (trainingty5_.trainingType=? or ? is null) order by training0_.trainingDate DESC
2024-11-04 15:08:17 DEBUG o.h.hql.internal.ast.ErrorTracker - throwQueryException() : no errors
2024-11-04 15:08:17 DEBUG o.s.d.r.c.s.RepositoryFactorySupport - Finished creation of repository instance for org.example.gym.repository.TrainingRepository.
2024-11-04 15:08:17 DEBUG o.s.b.f.s.DefaultListableBeanFactory - Autowiring by type from bean name 'trainingService' via constructor to bean named 'trainingRepository'
2024-11-04 15:08:17 DEBUG o.s.b.f.s.DefaultListableBeanFactory - Autowiring by type from bean name 'trainingService' via constructor to bean named 'traineeRepository'
2024-11-04 15:08:17 DEBUG o.s.b.f.s.DefaultListableBeanFactory - Autowiring by type from bean name 'trainingService' via constructor to bean named 'trainerRepository'
2024-11-04 15:08:17 DEBUG o.s.b.f.s.DefaultListableBeanFactory - Creating shared instance of singleton bean 'initialUtils'
2024-11-04 15:08:17 DEBUG o.s.b.f.s.DefaultListableBeanFactory - Creating shared instance of singleton bean 'transactionManager'
2024-11-04 15:08:17 DEBUG o.s.b.f.s.DefaultListableBeanFactory - Autowiring by type from bean name 'transactionManager' via factory method to bean named 'entityManagerFactory'
2024-11-04 15:08:17 DEBUG o.s.b.f.s.DefaultListableBeanFactory - Creating shared instance of singleton bean 'org.springframework.data.jpa.util.JpaMetamodelCacheCleanup'
2024-11-04 15:08:17 DEBUG o.s.b.f.s.DefaultListableBeanFactory - Creating shared instance of singleton bean 'org.springframework.data.jpa.repository.support.JpaEvaluationContextExtension'
2024-11-04 15:08:17 DEBUG o.s.b.f.s.DefaultListableBeanFactory - Creating shared instance of singleton bean 'data-jpa.repository-aot-processor#0'
2024-11-04 15:08:17 DEBUG o.s.orm.jpa.JpaTransactionManager - Creating new transaction with name [org.example.gym.service.TraineeService.findByUsername]: PROPAGATION_REQUIRED,ISOLATION_DEFAULT
2024-11-04 15:08:17 DEBUG o.s.orm.jpa.JpaTransactionManager - Opened new EntityManager [SessionImpl(1479645341<open>)] for JPA transaction
2024-11-04 15:08:17 DEBUG o.h.e.t.internal.TransactionImpl - On TransactionImpl creation, JpaCompliance#isJpaTransactionComplianceEnabled == false
2024-11-04 15:08:17 DEBUG o.h.e.t.internal.TransactionImpl - begin
2024-11-04 15:08:17 DEBUG o.s.orm.jpa.JpaTransactionManager - Found thread-bound EntityManager [SessionImpl(1479645341<open>)] for JPA transaction
2024-11-04 15:08:17 DEBUG o.s.orm.jpa.JpaTransactionManager - Participating in existing transaction
2024-11-04 15:08:17 INFO  org.example.gym.service.UserService - Attempting to authenticate Trainee with username: Tomas.Kuk
2024-11-04 15:08:17 DEBUG o.h.q.c.internal.CriteriaQueryImpl - Rendered criteria query -> select generatedAlias0 from User as generatedAlias0 where ( generatedAlias0.username=:username ) and ( generatedAlias0.password=:password )
2024-11-04 15:08:17 DEBUG o.h.h.i.ast.QueryTranslatorImpl - parse() - HQL: select generatedAlias0 from org.example.gym.entity.User as generatedAlias0 where ( generatedAlias0.username=:username ) and ( generatedAlias0.password=:password )
2024-11-04 15:08:17 DEBUG o.h.hql.internal.ast.ErrorTracker - throwQueryException() : no errors
2024-11-04 15:08:17 DEBUG o.h.h.i.ast.QueryTranslatorImpl - --- HQL AST ---
 \-[QUERY] Node: 'query'
    +-[SELECT_FROM] Node: 'SELECT_FROM'
    |  +-[FROM] Node: 'from'
    |  |  \-[RANGE] Node: 'RANGE'
    |  |     +-[DOT] Node: '.'
    |  |     |  +-[DOT] Node: '.'
    |  |     |  |  +-[DOT] Node: '.'
    |  |     |  |  |  +-[DOT] Node: '.'
    |  |     |  |  |  |  +-[IDENT] Node: 'org'
    |  |     |  |  |  |  \-[IDENT] Node: 'example'
    |  |     |  |  |  \-[IDENT] Node: 'gym'
    |  |     |  |  \-[IDENT] Node: 'entity'
    |  |     |  \-[IDENT] Node: 'User'
    |  |     \-[ALIAS] Node: 'generatedAlias0'
    |  \-[SELECT] Node: 'select'
    |     \-[IDENT] Node: 'generatedAlias0'
    \-[WHERE] Node: 'where'
       \-[AND] Node: 'and'
          +-[EQ] Node: '='
          |  +-[DOT] Node: '.'
          |  |  +-[IDENT] Node: 'generatedAlias0'
          |  |  \-[IDENT] Node: 'username'
          |  \-[COLON] Node: ':'
          |     \-[IDENT] Node: 'username'
          \-[EQ] Node: '='
             +-[DOT] Node: '.'
             |  +-[IDENT] Node: 'generatedAlias0'
             |  \-[IDENT] Node: 'password'
             \-[COLON] Node: ':'
                \-[IDENT] Node: 'password'

2024-11-04 15:08:17 DEBUG o.h.h.i.antlr.HqlSqlBaseWalker - select << begin [level=1, statement=select]
2024-11-04 15:08:17 DEBUG o.h.h.internal.ast.tree.FromElement - FromClause{level=1} : org.example.gym.entity.User (generatedAlias0) -> user0_
2024-11-04 15:08:17 DEBUG o.h.h.i.ast.tree.FromReferenceNode - Resolved : generatedAlias0 -> user0_.id
2024-11-04 15:08:17 DEBUG o.h.h.i.ast.tree.FromReferenceNode - Resolved : generatedAlias0 -> user0_.id
2024-11-04 15:08:17 DEBUG o.h.hql.internal.ast.tree.DotNode - getDataType() : username -> org.hibernate.type.StringType@73cd37c0
2024-11-04 15:08:17 DEBUG o.h.h.i.ast.tree.FromReferenceNode - Resolved : generatedAlias0.username -> user0_.username
2024-11-04 15:08:17 DEBUG o.h.h.i.ast.tree.FromReferenceNode - Resolved : generatedAlias0 -> user0_.id
2024-11-04 15:08:17 DEBUG o.h.hql.internal.ast.tree.DotNode - getDataType() : password -> org.hibernate.type.StringType@73cd37c0
2024-11-04 15:08:17 DEBUG o.h.h.i.ast.tree.FromReferenceNode - Resolved : generatedAlias0.password -> user0_.password
2024-11-04 15:08:17 DEBUG o.h.h.i.antlr.HqlSqlBaseWalker - select : finishing up [level=1, statement=select]
2024-11-04 15:08:17 DEBUG o.h.hql.internal.ast.HqlSqlWalker - processQuery() :  ( SELECT ( {select clause} user0_.id ) ( FromClause{level=1} "user" user0_ ) ( where ( and ( = ( user0_.username user0_.id username ) ? ) ( = ( user0_.password user0_.id password ) ? ) ) ) )
2024-11-04 15:08:17 DEBUG o.h.h.i.ast.util.JoinProcessor - Tables referenced from query nodes:
 \-QueryNode
    +-SelectClause
    | referencedTables(entity User): ["user"]
    |  +-IdentNode
    |  | persister: SingleTableEntityPersister(org.example.gym.entity.User)
    |  | originalText: generatedAlias0
    |  \-SqlFragment
    +-FromClause
    |  \-FromElement
    \-SqlNode
       \-SqlNode
          +-BinaryLogicOperatorNode
          |  +-DotNode
          |  | persister: SingleTableEntityPersister(org.example.gym.entity.User)
          |  | path: generatedAlias0.username
          |  |  +-IdentNode
          |  |  | persister: SingleTableEntityPersister(org.example.gym.entity.User)
          |  |  | originalText: generatedAlias0
          |  |  \-IdentNode
          |  |    persister: null
          |  |    originalText: username
          |  \-ParameterNode
          \-BinaryLogicOperatorNode
             +-DotNode
             | persister: SingleTableEntityPersister(org.example.gym.entity.User)
             | path: generatedAlias0.password
             |  +-IdentNode
             |  | persister: SingleTableEntityPersister(org.example.gym.entity.User)
             |  | originalText: generatedAlias0
             |  \-IdentNode
             |    persister: null
             |    originalText: password
             \-ParameterNode

2024-11-04 15:08:17 DEBUG o.h.h.i.ast.util.JoinProcessor - Using FROM fragment ["user" user0_]
2024-11-04 15:08:17 DEBUG o.h.h.i.antlr.HqlSqlBaseWalker - select >> end [level=1, statement=select]
2024-11-04 15:08:17 DEBUG o.h.h.i.ast.QueryTranslatorImpl - --- SQL AST ---
 \-[SELECT] QueryNode: 'SELECT'  querySpaces ("user")
    +-[SELECT_CLAUSE] SelectClause: '{select clause}'
    |  +-[ALIAS_REF] IdentNode: 'user0_.id as id1_5_' {alias=generatedAlias0, className=org.example.gym.entity.User, tableAlias=user0_}
    |  \-[SQL_TOKEN] SqlFragment: 'user0_.isActive as isactive2_5_, user0_.firstName as firstnam3_5_, user0_.lastName as lastname4_5_, user0_.password as password5_5_, user0_.username as username6_5_'
    +-[FROM] FromClause: 'from' FromClause{level=1, fromElementCounter=1, fromElements=1, fromElementByClassAlias=[generatedAlias0], fromElementByTableAlias=[user0_], fromElementsByPath=[], collectionJoinFromElementsByPath=[], impliedElements=[]}
    |  \-[FROM_FRAGMENT] FromElement: '"user" user0_' FromElement{explicit,not a collection join,not a fetch join,fetch non-lazy properties,classAlias=generatedAlias0,role=null,tableName="user",tableAlias=user0_,origin=null,columns={,className=org.example.gym.entity.User}}
    \-[WHERE] SqlNode: 'where'
       \-[AND] SqlNode: 'and'
          +-[EQ] BinaryLogicOperatorNode: '='
          |  +-[DOT] DotNode: 'user0_.username' {propertyName=username,dereferenceType=PRIMITIVE,getPropertyPath=username,path=generatedAlias0.username,tableAlias=user0_,className=org.example.gym.entity.User,classAlias=generatedAlias0}
          |  |  +-[ALIAS_REF] IdentNode: 'user0_.id' {alias=generatedAlias0, className=org.example.gym.entity.User, tableAlias=user0_}
          |  |  \-[IDENT] IdentNode: 'username' {originalText=username}
          |  \-[NAMED_PARAM] ParameterNode: '?' {name=username, expectedType=org.hibernate.type.StringType@73cd37c0}
          \-[EQ] BinaryLogicOperatorNode: '='
             +-[DOT] DotNode: 'user0_.password' {propertyName=password,dereferenceType=PRIMITIVE,getPropertyPath=password,path=generatedAlias0.password,tableAlias=user0_,className=org.example.gym.entity.User,classAlias=generatedAlias0}
             |  +-[ALIAS_REF] IdentNode: 'user0_.id' {alias=generatedAlias0, className=org.example.gym.entity.User, tableAlias=user0_}
             |  \-[IDENT] IdentNode: 'password' {originalText=password}
             \-[NAMED_PARAM] ParameterNode: '?' {name=password, expectedType=org.hibernate.type.StringType@73cd37c0}

2024-11-04 15:08:17 DEBUG o.h.hql.internal.ast.ErrorTracker - throwQueryException() : no errors
2024-11-04 15:08:17 DEBUG o.h.h.i.ast.QueryTranslatorImpl - HQL: select generatedAlias0 from org.example.gym.entity.User as generatedAlias0 where ( generatedAlias0.username=:username ) and ( generatedAlias0.password=:password )
2024-11-04 15:08:17 DEBUG o.h.h.i.ast.QueryTranslatorImpl - SQL: select user0_.id as id1_5_, user0_.isActive as isactive2_5_, user0_.firstName as firstnam3_5_, user0_.lastName as lastname4_5_, user0_.password as password5_5_, user0_.username as username6_5_ from "user" user0_ where user0_.username=? and user0_.password=?
2024-11-04 15:08:17 DEBUG o.h.hql.internal.ast.ErrorTracker - throwQueryException() : no errors
2024-11-04 15:08:17 DEBUG org.hibernate.SQL - 
    /* select
        generatedAlias0 
    from
        User as generatedAlias0 
    where
        (
            generatedAlias0.username=:username 
        ) 
        and (
            generatedAlias0.password=:password 
        ) */ select
            user0_.id as id1_5_,
            user0_.isActive as isactive2_5_,
            user0_.firstName as firstnam3_5_,
            user0_.lastName as lastname4_5_,
            user0_.password as password5_5_,
            user0_.username as username6_5_ 
        from
            "user" user0_ 
        where
            user0_.username=? 
            and user0_.password=?
2024-11-04 15:08:17 DEBUG org.hibernate.loader.Loader - Result set row: 0
2024-11-04 15:08:17 DEBUG org.hibernate.loader.Loader - Result row: EntityKey[org.example.gym.entity.User#3]
2024-11-04 15:08:17 DEBUG o.h.engine.internal.TwoPhaseLoad - Resolving attributes for [org.example.gym.entity.User#3]
2024-11-04 15:08:17 DEBUG o.h.engine.internal.TwoPhaseLoad - Processing attribute `active` : value = true
2024-11-04 15:08:17 DEBUG o.h.engine.internal.TwoPhaseLoad - Attribute (`active`)  - enhanced for lazy-loading? - false
2024-11-04 15:08:17 DEBUG o.h.engine.internal.TwoPhaseLoad - Processing attribute `firstName` : value = Tomas
2024-11-04 15:08:17 DEBUG o.h.engine.internal.TwoPhaseLoad - Attribute (`firstName`)  - enhanced for lazy-loading? - false
2024-11-04 15:08:17 DEBUG o.h.engine.internal.TwoPhaseLoad - Processing attribute `lastName` : value = Kuk
2024-11-04 15:08:17 DEBUG o.h.engine.internal.TwoPhaseLoad - Attribute (`lastName`)  - enhanced for lazy-loading? - false
2024-11-04 15:08:17 DEBUG o.h.engine.internal.TwoPhaseLoad - Processing attribute `password` : value = 12345
2024-11-04 15:08:17 DEBUG o.h.engine.internal.TwoPhaseLoad - Attribute (`password`)  - enhanced for lazy-loading? - false
2024-11-04 15:08:17 DEBUG o.h.engine.internal.TwoPhaseLoad - Processing attribute `username` : value = Tomas.Kuk
2024-11-04 15:08:17 DEBUG o.h.engine.internal.TwoPhaseLoad - Attribute (`username`)  - enhanced for lazy-loading? - false
2024-11-04 15:08:17 DEBUG o.h.engine.internal.TwoPhaseLoad - Done materializing entity [org.example.gym.entity.User#3]
2024-11-04 15:08:17 INFO  org.example.gym.service.UserService - Authentication successful for username: Tomas.Kuk
2024-11-04 15:08:17 INFO  o.example.gym.service.TraineeService - Searching Trainee by username: Tomas.Kuk
2024-11-04 15:08:17 DEBUG o.h.q.c.internal.CriteriaQueryImpl - Rendered criteria query -> select generatedAlias0 from Trainee as generatedAlias0 left join generatedAlias0.user as generatedAlias1 where generatedAlias1.username=:param0
2024-11-04 15:08:17 DEBUG o.h.h.i.ast.QueryTranslatorImpl - parse() - HQL: select generatedAlias0 from org.example.gym.entity.Trainee as generatedAlias0 left join generatedAlias0.user as generatedAlias1 where generatedAlias1.username=:param0
2024-11-04 15:08:17 DEBUG o.h.hql.internal.ast.ErrorTracker - throwQueryException() : no errors
2024-11-04 15:08:17 DEBUG o.h.h.i.ast.QueryTranslatorImpl - --- HQL AST ---
 \-[QUERY] Node: 'query'
    +-[SELECT_FROM] Node: 'SELECT_FROM'
    |  +-[FROM] Node: 'from'
    |  |  +-[RANGE] Node: 'RANGE'
    |  |  |  +-[DOT] Node: '.'
    |  |  |  |  +-[DOT] Node: '.'
    |  |  |  |  |  +-[DOT] Node: '.'
    |  |  |  |  |  |  +-[DOT] Node: '.'
    |  |  |  |  |  |  |  +-[IDENT] Node: 'org'
    |  |  |  |  |  |  |  \-[IDENT] Node: 'example'
    |  |  |  |  |  |  \-[IDENT] Node: 'gym'
    |  |  |  |  |  \-[IDENT] Node: 'entity'
    |  |  |  |  \-[IDENT] Node: 'Trainee'
    |  |  |  \-[ALIAS] Node: 'generatedAlias0'
    |  |  \-[JOIN] Node: 'join'
    |  |     +-[LEFT] Node: 'left'
    |  |     +-[DOT] Node: '.'
    |  |     |  +-[IDENT] Node: 'generatedAlias0'
    |  |     |  \-[IDENT] Node: 'user'
    |  |     \-[ALIAS] Node: 'generatedAlias1'
    |  \-[SELECT] Node: 'select'
    |     \-[IDENT] Node: 'generatedAlias0'
    \-[WHERE] Node: 'where'
       \-[EQ] Node: '='
          +-[DOT] Node: '.'
          |  +-[IDENT] Node: 'generatedAlias1'
          |  \-[IDENT] Node: 'username'
          \-[COLON] Node: ':'
             \-[IDENT] Node: 'param0'

2024-11-04 15:08:17 DEBUG o.h.h.i.antlr.HqlSqlBaseWalker - select << begin [level=1, statement=select]
2024-11-04 15:08:17 DEBUG o.h.h.internal.ast.tree.FromElement - FromClause{level=1} : org.example.gym.entity.Trainee (generatedAlias0) -> trainee0_
2024-11-04 15:08:17 DEBUG o.h.h.i.ast.tree.FromReferenceNode - Resolved : generatedAlias0 -> trainee0_.traineeId
2024-11-04 15:08:17 DEBUG o.h.hql.internal.ast.tree.DotNode - getDataType() : user -> org.hibernate.type.ManyToOneType(org.example.gym.entity.User)
2024-11-04 15:08:17 DEBUG o.h.hql.internal.ast.tree.DotNode - dereferenceEntityJoin() : generating join for user in org.example.gym.entity.Trainee (generatedAlias1) parent = [ {null} ]
2024-11-04 15:08:17 DEBUG o.h.h.internal.ast.tree.FromElement - FromClause{level=1} : org.example.gym.entity.User (generatedAlias1) -> user1_
2024-11-04 15:08:17 DEBUG o.h.hql.internal.ast.tree.FromClause - addJoinByPathMap() : generatedAlias0.user -> FromElement{explicit,not a collection join,not a fetch join,fetch non-lazy properties,classAlias=generatedAlias1,role=null,tableName="user",tableAlias=user1_,origin=Trainee trainee0_,columns={trainee0_.user_id,className=org.example.gym.entity.User}}
2024-11-04 15:08:17 DEBUG o.h.h.i.ast.tree.FromReferenceNode - Resolved : generatedAlias0.user -> trainee0_.user_id
2024-11-04 15:08:17 DEBUG o.h.hql.internal.ast.HqlSqlWalker - createFromJoinElement() : -- join tree --
 \-[JOIN_FRAGMENT] FromElement: '"user" user1_' FromElement{explicit,not a collection join,not a fetch join,fetch non-lazy properties,classAlias=generatedAlias1,role=org.example.gym.entity.Trainee.user,tableName="user",tableAlias=user1_,origin=Trainee trainee0_,columns={trainee0_.user_id,className=org.example.gym.entity.User}}

2024-11-04 15:08:17 DEBUG o.h.h.i.ast.tree.FromReferenceNode - Resolved : generatedAlias0 -> trainee0_.traineeId
2024-11-04 15:08:17 DEBUG o.h.h.i.ast.tree.FromReferenceNode - Resolved : generatedAlias1 -> user1_.id
2024-11-04 15:08:17 DEBUG o.h.hql.internal.ast.tree.DotNode - getDataType() : username -> org.hibernate.type.StringType@73cd37c0
2024-11-04 15:08:17 DEBUG o.h.h.i.ast.tree.FromReferenceNode - Resolved : generatedAlias1.username -> user1_.username
2024-11-04 15:08:17 DEBUG o.h.h.i.antlr.HqlSqlBaseWalker - select : finishing up [level=1, statement=select]
2024-11-04 15:08:17 DEBUG o.h.hql.internal.ast.HqlSqlWalker - processQuery() :  ( SELECT ( {select clause} trainee0_.traineeId ) ( FromClause{level=1} ( Trainee trainee0_ "user" user1_ ) ) ( where ( = ( user1_.username user1_.id username ) ? ) ) )
2024-11-04 15:08:17 DEBUG o.h.h.i.ast.util.JoinProcessor - Tables referenced from query nodes:
 \-QueryNode
    +-SelectClause
    | referencedTables(entity Trainee): [Trainee]
    |  +-IdentNode
    |  | persister: SingleTableEntityPersister(org.example.gym.entity.Trainee)
    |  | originalText: generatedAlias0
    |  \-SqlFragment
    +-FromClause
    |  \-FromElement
    |     \-FromElement
    \-SqlNode
       \-BinaryLogicOperatorNode
          +-DotNode
          | persister: SingleTableEntityPersister(org.example.gym.entity.User)
          | path: generatedAlias1.username
          |  +-IdentNode
          |  | persister: SingleTableEntityPersister(org.example.gym.entity.User)
          |  | originalText: generatedAlias1
          |  \-IdentNode
          |    persister: null
          |    originalText: username
          \-ParameterNode

2024-11-04 15:08:17 DEBUG o.h.h.i.ast.util.JoinProcessor - Using FROM fragment [Trainee trainee0_]
2024-11-04 15:08:17 DEBUG o.h.h.i.ast.util.JoinProcessor - Using FROM fragment [left outer join "user" user1_ on trainee0_.user_id=user1_.id]
2024-11-04 15:08:17 DEBUG o.h.h.i.antlr.HqlSqlBaseWalker - select >> end [level=1, statement=select]
2024-11-04 15:08:17 DEBUG o.h.h.i.ast.QueryTranslatorImpl - --- SQL AST ---
 \-[SELECT] QueryNode: 'SELECT'  querySpaces (Trainee,"user")
    +-[SELECT_CLAUSE] SelectClause: '{select clause}'
    |  +-[ALIAS_REF] IdentNode: 'trainee0_.traineeId as traineei1_0_' {alias=generatedAlias0, className=org.example.gym.entity.Trainee, tableAlias=trainee0_}
    |  \-[SQL_TOKEN] SqlFragment: 'trainee0_.address as address2_0_, trainee0_.dateOfBirth as dateofbi3_0_, trainee0_.user_id as user_id4_0_'
    +-[FROM] FromClause: 'from' FromClause{level=1, fromElementCounter=2, fromElements=2, fromElementByClassAlias=[generatedAlias0, generatedAlias1], fromElementByTableAlias=[user1_, trainee0_], fromElementsByPath=[generatedAlias0.user], collectionJoinFromElementsByPath=[], impliedElements=[]}
    |  \-[FROM_FRAGMENT] FromElement: 'Trainee trainee0_' FromElement{explicit,not a collection join,not a fetch join,fetch non-lazy properties,classAlias=generatedAlias0,role=null,tableName=Trainee,tableAlias=trainee0_,origin=null,columns={,className=org.example.gym.entity.Trainee}}
    |     \-[JOIN_FRAGMENT] FromElement: 'left outer join "user" user1_ on trainee0_.user_id=user1_.id' FromElement{explicit,not a collection join,not a fetch join,fetch non-lazy properties,classAlias=generatedAlias1,role=org.example.gym.entity.Trainee.user,tableName="user",tableAlias=user1_,origin=Trainee trainee0_,columns={trainee0_.user_id,className=org.example.gym.entity.User}}
    \-[WHERE] SqlNode: 'where'
       \-[EQ] BinaryLogicOperatorNode: '='
          +-[DOT] DotNode: 'user1_.username' {propertyName=username,dereferenceType=PRIMITIVE,getPropertyPath=username,path=generatedAlias1.username,tableAlias=user1_,className=org.example.gym.entity.User,classAlias=generatedAlias1}
          |  +-[ALIAS_REF] IdentNode: 'user1_.id' {alias=generatedAlias1, className=org.example.gym.entity.User, tableAlias=user1_}
          |  \-[IDENT] IdentNode: 'username' {originalText=username}
          \-[NAMED_PARAM] ParameterNode: '?' {name=param0, expectedType=org.hibernate.type.StringType@73cd37c0}

2024-11-04 15:08:17 DEBUG o.h.hql.internal.ast.ErrorTracker - throwQueryException() : no errors
2024-11-04 15:08:17 DEBUG o.h.h.i.ast.QueryTranslatorImpl - HQL: select generatedAlias0 from org.example.gym.entity.Trainee as generatedAlias0 left join generatedAlias0.user as generatedAlias1 where generatedAlias1.username=:param0
2024-11-04 15:08:17 DEBUG o.h.h.i.ast.QueryTranslatorImpl - SQL: select trainee0_.traineeId as traineei1_0_, trainee0_.address as address2_0_, trainee0_.dateOfBirth as dateofbi3_0_, trainee0_.user_id as user_id4_0_ from Trainee trainee0_ left outer join "user" user1_ on trainee0_.user_id=user1_.id where user1_.username=?
2024-11-04 15:08:17 DEBUG o.h.hql.internal.ast.ErrorTracker - throwQueryException() : no errors
2024-11-04 15:08:17 DEBUG o.h.e.i.AbstractFlushingEventListener - Processing flush-time cascades
2024-11-04 15:08:17 DEBUG o.h.e.i.AbstractFlushingEventListener - Dirty checking collections
2024-11-04 15:08:17 DEBUG o.h.e.i.AbstractFlushingEventListener - Flushed: 0 insertions, 0 updates, 0 deletions to 1 objects
2024-11-04 15:08:17 DEBUG o.h.e.i.AbstractFlushingEventListener - Flushed: 0 (re)creations, 0 updates, 0 removals to 0 collections
2024-11-04 15:08:17 DEBUG o.h.internal.util.EntityPrinter - Listing entities:
2024-11-04 15:08:17 DEBUG o.h.internal.util.EntityPrinter - org.example.gym.entity.User{firstName=Tomas, lastName=Kuk, password=12345, active=true, id=3, username=Tomas.Kuk}
2024-11-04 15:08:17 DEBUG org.hibernate.SQL - 
    /* select
        generatedAlias0 
    from
        Trainee as generatedAlias0 
    left join
        generatedAlias0.user as generatedAlias1 
    where
        generatedAlias1.username=:param0 */ select
            trainee0_.traineeId as traineei1_0_,
            trainee0_.address as address2_0_,
            trainee0_.dateOfBirth as dateofbi3_0_,
            trainee0_.user_id as user_id4_0_ 
        from
            Trainee trainee0_ 
        left outer join
            "user" user1_ 
                on trainee0_.user_id=user1_.id 
        where
            user1_.username=?
2024-11-04 15:08:17 DEBUG org.hibernate.loader.Loader - Result set row: 0
2024-11-04 15:08:17 DEBUG org.hibernate.loader.Loader - Result row: EntityKey[org.example.gym.entity.Trainee#3]
2024-11-04 15:08:17 DEBUG o.h.engine.internal.TwoPhaseLoad - Resolving attributes for [org.example.gym.entity.Trainee#3]
2024-11-04 15:08:17 DEBUG o.h.engine.internal.TwoPhaseLoad - Processing attribute `address` : value = Sweden Oslo
2024-11-04 15:08:17 DEBUG o.h.engine.internal.TwoPhaseLoad - Attribute (`address`)  - enhanced for lazy-loading? - false
2024-11-04 15:08:17 DEBUG o.h.engine.internal.TwoPhaseLoad - Processing attribute `dateOfBirth` : value = 1962-05-05
2024-11-04 15:08:17 DEBUG o.h.engine.internal.TwoPhaseLoad - Attribute (`dateOfBirth`)  - enhanced for lazy-loading? - false
2024-11-04 15:08:17 DEBUG o.h.engine.internal.TwoPhaseLoad - Processing attribute `trainers` : value = NOT NULL COLLECTION
2024-11-04 15:08:17 DEBUG o.h.engine.internal.TwoPhaseLoad - Attribute (`trainers`)  - enhanced for lazy-loading? - false
2024-11-04 15:08:17 DEBUG o.h.engine.internal.TwoPhaseLoad - Processing attribute `trainings` : value = NOT NULL COLLECTION
2024-11-04 15:08:17 DEBUG o.h.engine.internal.TwoPhaseLoad - Attribute (`trainings`)  - enhanced for lazy-loading? - false
2024-11-04 15:08:17 DEBUG o.h.engine.internal.TwoPhaseLoad - Processing attribute `user` : value = 3
2024-11-04 15:08:17 DEBUG o.h.engine.internal.TwoPhaseLoad - Attribute (`user`)  - enhanced for lazy-loading? - false
2024-11-04 15:08:17 DEBUG o.h.engine.internal.TwoPhaseLoad - Done materializing entity [org.example.gym.entity.Trainee#3]
2024-11-04 15:08:17 DEBUG org.example.gym.dto.trainee.TraineeMapper - Mapping Trainee [TraineeProfile(firstName=Tomas, lastName=Kuk, username=Tomas.Kuk, active=true, address=Sweden Oslo, dateOfBirth=1962-05-05, trainers=[TrainerProfile(firstName=Wallace, lastName=Tim, username=Wallace.Tim, active=true, specialization=TrainingType(id=2, trainingType=FITNESS), trainees=null), TrainerProfile(firstName=Monica, lastName=Dobs, username=Monica.Dobs, active=true, specialization=TrainingType(id=1, trainingType=YOGA), trainees=null), TrainerProfile(firstName=Tom, lastName=Robins, username=Tom.Robins, active=true, specialization=TrainingType(id=3, trainingType=ZUMBA), trainees=null)])] to TraineeProfile.
2024-11-04 15:08:17 DEBUG org.example.gym.dto.trainee.TraineeMapper - Mapped basic user info: firstName [Tomas], lastName [Kuk], username [Tomas.Kuk], active [true].
2024-11-04 15:08:17 DEBUG o.s.orm.jpa.JpaTransactionManager - Initiating transaction commit
2024-11-04 15:08:17 DEBUG o.s.orm.jpa.JpaTransactionManager - Committing JPA transaction on EntityManager [SessionImpl(1479645341<open>)]
2024-11-04 15:08:17 DEBUG o.h.e.t.internal.TransactionImpl - committing
2024-11-04 15:08:17 DEBUG o.h.e.i.AbstractFlushingEventListener - Processing flush-time cascades
2024-11-04 15:08:17 DEBUG o.h.e.i.AbstractFlushingEventListener - Dirty checking collections
2024-11-04 15:08:17 DEBUG o.h.engine.internal.Collections - Collection found: [org.example.gym.entity.Trainee.trainers#3], was: [org.example.gym.entity.Trainee.trainers#3] (initialized)
2024-11-04 15:08:17 DEBUG o.h.engine.internal.Collections - Collection found: [org.example.gym.entity.Trainee.trainings#3], was: [org.example.gym.entity.Trainee.trainings#3] (uninitialized)
2024-11-04 15:08:17 DEBUG o.h.engine.internal.Collections - Collection found: [org.example.gym.entity.Trainer.trainees#1], was: [org.example.gym.entity.Trainer.trainees#1] (uninitialized)
2024-11-04 15:08:17 DEBUG o.h.engine.internal.Collections - Collection found: [org.example.gym.entity.Trainer.trainings#1], was: [org.example.gym.entity.Trainer.trainings#1] (uninitialized)
2024-11-04 15:08:17 DEBUG o.h.engine.internal.Collections - Collection found: [org.example.gym.entity.Trainer.trainees#2], was: [org.example.gym.entity.Trainer.trainees#2] (uninitialized)
2024-11-04 15:08:17 DEBUG o.h.engine.internal.Collections - Collection found: [org.example.gym.entity.Trainer.trainings#2], was: [org.example.gym.entity.Trainer.trainings#2] (uninitialized)
2024-11-04 15:08:17 DEBUG o.h.engine.internal.Collections - Collection found: [org.example.gym.entity.Trainer.trainees#3], was: [org.example.gym.entity.Trainer.trainees#3] (uninitialized)
2024-11-04 15:08:17 DEBUG o.h.engine.internal.Collections - Collection found: [org.example.gym.entity.Trainer.trainings#3], was: [org.example.gym.entity.Trainer.trainings#3] (uninitialized)
2024-11-04 15:08:17 DEBUG o.h.e.i.AbstractFlushingEventListener - Flushed: 0 insertions, 0 updates, 0 deletions to 11 objects
2024-11-04 15:08:17 DEBUG o.h.e.i.AbstractFlushingEventListener - Flushed: 0 (re)creations, 0 updates, 0 removals to 8 collections
2024-11-04 15:08:17 DEBUG o.h.internal.util.EntityPrinter - Listing entities:
2024-11-04 15:08:17 DEBUG o.h.internal.util.EntityPrinter - org.example.gym.entity.TrainingType{trainingType=FITNESS, id=2}
2024-11-04 15:08:17 DEBUG o.h.internal.util.EntityPrinter - org.example.gym.entity.Trainer{trainees=<uninitialized>, trainings=<uninitialized>, specialization=org.example.gym.entity.TrainingType#3, user=org.example.gym.entity.User#7, trainerId=3}
2024-11-04 15:08:17 DEBUG o.h.internal.util.EntityPrinter - org.example.gym.entity.Trainee{trainers=[org.example.gym.entity.Trainer#2, org.example.gym.entity.Trainer#1, org.example.gym.entity.Trainer#3], address=Sweden Oslo, trainings=<uninitialized>, dateOfBirth=1962-05-05, traineeId=3, user=org.example.gym.entity.User#3}
2024-11-04 15:08:17 DEBUG o.h.internal.util.EntityPrinter - org.example.gym.entity.TrainingType{trainingType=YOGA, id=1}
2024-11-04 15:08:17 DEBUG o.h.internal.util.EntityPrinter - org.example.gym.entity.Trainer{trainees=<uninitialized>, trainings=<uninitialized>, specialization=org.example.gym.entity.TrainingType#2, user=org.example.gym.entity.User#6, trainerId=2}
2024-11-04 15:08:17 DEBUG o.h.internal.util.EntityPrinter - org.example.gym.entity.Trainer{trainees=<uninitialized>, trainings=<uninitialized>, specialization=org.example.gym.entity.TrainingType#1, user=org.example.gym.entity.User#5, trainerId=1}
2024-11-04 15:08:17 DEBUG o.h.internal.util.EntityPrinter - org.example.gym.entity.TrainingType{trainingType=ZUMBA, id=3}
2024-11-04 15:08:17 DEBUG o.h.internal.util.EntityPrinter - org.example.gym.entity.User{firstName=Tom, lastName=Robins, password=77777, active=true, id=7, username=Tom.Robins}
2024-11-04 15:08:17 DEBUG o.h.internal.util.EntityPrinter - org.example.gym.entity.User{firstName=Wallace, lastName=Tim, password=66666, active=true, id=6, username=Wallace.Tim}
2024-11-04 15:08:17 DEBUG o.h.internal.util.EntityPrinter - org.example.gym.entity.User{firstName=Tomas, lastName=Kuk, password=12345, active=true, id=3, username=Tomas.Kuk}
2024-11-04 15:08:17 DEBUG o.h.internal.util.EntityPrinter - org.example.gym.entity.User{firstName=Monica, lastName=Dobs, password=55555, active=true, id=5, username=Monica.Dobs}
2024-11-04 15:08:17 DEBUG o.s.orm.jpa.JpaTransactionManager - Closing JPA EntityManager [SessionImpl(1479645341<open>)] after transaction
2024-11-04 15:08:17 DEBUG org.example.gym.dto.trainer.TrainerMapper - Mapping Trainer [TrainerProfile(firstName=Wallace, lastName=Tim, username=Wallace.Tim, active=true, specialization=TrainingType(id=2, trainingType=FITNESS), trainees=null)] to TrainerProfile.
2024-11-04 15:08:17 DEBUG org.example.gym.dto.trainer.TrainerMapper - Mapped basic user info: firstName [Wallace], lastName [Tim], username [Wallace.Tim], active [true].
2024-11-04 15:08:17 DEBUG org.example.gym.dto.trainer.TrainerMapper - Mapping Trainer [TrainerProfile(firstName=Monica, lastName=Dobs, username=Monica.Dobs, active=true, specialization=TrainingType(id=1, trainingType=YOGA), trainees=null)] to TrainerProfile.
2024-11-04 15:08:17 DEBUG org.example.gym.dto.trainer.TrainerMapper - Mapped basic user info: firstName [Monica], lastName [Dobs], username [Monica.Dobs], active [true].
2024-11-04 15:08:17 DEBUG org.example.gym.dto.trainer.TrainerMapper - Mapping Trainer [TrainerProfile(firstName=Tom, lastName=Robins, username=Tom.Robins, active=true, specialization=TrainingType(id=3, trainingType=ZUMBA), trainees=null)] to TrainerProfile.
2024-11-04 15:08:17 DEBUG org.example.gym.dto.trainer.TrainerMapper - Mapped basic user info: firstName [Tom], lastName [Robins], username [Tom.Robins], active [true].
2024-11-04 15:08:17 INFO  org.example.App - Optional[TraineeProfile(firstName=Tomas, lastName=Kuk, username=Tomas.Kuk, active=true, address=Sweden Oslo, dateOfBirth=1962-05-05, trainers=[TrainerProfile(firstName=Wallace, lastName=Tim, username=Wallace.Tim, active=true, specialization=TrainingType(id=2, trainingType=FITNESS), trainees=null), TrainerProfile(firstName=Monica, lastName=Dobs, username=Monica.Dobs, active=true, specialization=TrainingType(id=1, trainingType=YOGA), trainees=null), TrainerProfile(firstName=Tom, lastName=Robins, username=Tom.Robins, active=true, specialization=TrainingType(id=3, trainingType=ZUMBA), trainees=null)])]

2024-11-04 15:08:17 DEBUG o.h.internal.SessionFactoryImpl - HHH000031: Closing
2024-11-04 15:08:17 DEBUG o.h.type.spi.TypeConfiguration$Scope - Un-scoping TypeConfiguration [org.hibernate.type.spi.TypeConfiguration$Scope@63f2d024] from SessionFactory [org.hibernate.internal.SessionFactoryImpl@aac3f4e]
2024-11-04 15:08:17 DEBUG o.h.s.i.AbstractServiceRegistryImpl - Implicitly destroying ServiceRegistry on de-registration of all child ServiceRegistries
2024-11-04 15:08:17 INFO  o.hibernate.orm.connections.pooling - HHH10001008: Cleaning up connection pool [jdbc:postgresql://localhost:5432/gym]
2024-11-04 15:08:17 DEBUG o.h.b.r.i.BootstrapServiceRegistryImpl - Implicitly destroying Boot-strap registry on de-registration of all child ServiceRegistries
